code_before,code_after,CWE ID,CVE ID
"static void tcpm_register_partner_altmodes(struct tcpm_port *port)
{
	struct pd_mode_data *modep = &port->mode_data;
	struct typec_altmode *altmode;
	int i;

	for (i = 0; i < modep->altmodes; i++) {
		altmode = typec_partner_register_altmode(port->partner,
						&modep->altmode_desc[i]);
		if (IS_ERR(altmode)) {
			tcpm_log(port, ""Failed to register partner SVID 0x%04x"",
				 modep->altmode_desc[i].svid);
			altmode = NULL;
		}
		port->partner_altmode[i] = altmode;
	}
}
","static void tcpm_register_partner_altmodes(struct tcpm_port *port)
{
	struct pd_mode_data *modep = &port->mode_data;
	struct typec_altmode *altmode;
	int i;

	if (!port->partner)
		return;

	for (i = 0; i < modep->altmodes; i++) {
		altmode = typec_partner_register_altmode(port->partner,
						&modep->altmode_desc[i]);
		if (IS_ERR(altmode)) {
			tcpm_log(port, ""Failed to register partner SVID 0x%04x"",
				 modep->altmode_desc[i].svid);
			altmode = NULL;
		}
		port->partner_altmode[i] = altmode;
	}
}
",CWE-476,CVE-2024-36893
"static int regcache_maple_drop(struct regmap *map, unsigned int min,
			       unsigned int max)
{
	struct maple_tree *mt = map->cache;
	MA_STATE(mas, mt, min, max);
	unsigned long *entry, *lower, *upper;
	unsigned long lower_index, lower_last;
	unsigned long upper_index, upper_last;
	int ret;

	lower = NULL;
	upper = NULL;

	mas_lock(&mas);

	mas_for_each(&mas, entry, max) {
		/*
		 * This is safe because the regmap lock means the
		 * Maple lock is redundant, but we need to take it due
		 * to lockdep asserts in the maple tree code.
		 */
		mas_unlock(&mas);

		/* Do we need to save any of this entry? */
		if (mas.index < min) {
			lower_index = mas.index;
			lower_last = min -1;

			lower = kmemdup(entry, ((min - mas.index) *
						sizeof(unsigned long)),
					map->alloc_flags);
			if (!lower) {
				ret = -ENOMEM;
				goto out_unlocked;
			}
		}

		if (mas.last > max) {
			upper_index = max + 1;
			upper_last = mas.last;

			upper = kmemdup(&entry[max + 1],
					((mas.last - max) *
					 sizeof(unsigned long)),
					map->alloc_flags);
			if (!upper) {
				ret = -ENOMEM;
				goto out_unlocked;
			}
		}

		kfree(entry);
		mas_lock(&mas);
		mas_erase(&mas);

		/* Insert new nodes with the saved data */
		if (lower) {
			mas_set_range(&mas, lower_index, lower_last);
			ret = mas_store_gfp(&mas, lower, map->alloc_flags);
			if (ret != 0)
				goto out;
			lower = NULL;
		}

		if (upper) {
			mas_set_range(&mas, upper_index, upper_last);
			ret = mas_store_gfp(&mas, upper, map->alloc_flags);
			if (ret != 0)
				goto out;
			upper = NULL;
		}
	}

out:
	mas_unlock(&mas);
out_unlocked:
	kfree(lower);
	kfree(upper);

	return ret;
}
","static int regcache_maple_drop(struct regmap *map, unsigned int min,
			       unsigned int max)
{
	struct maple_tree *mt = map->cache;
	MA_STATE(mas, mt, min, max);
	unsigned long *entry, *lower, *upper;
	unsigned long lower_index, lower_last;
	unsigned long upper_index, upper_last;
	int ret;

	lower = NULL;
	upper = NULL;

	mas_lock(&mas);

	mas_for_each(&mas, entry, max) {
		/*
		 * This is safe because the regmap lock means the
		 * Maple lock is redundant, but we need to take it due
		 * to lockdep asserts in the maple tree code.
		 */
		mas_unlock(&mas);

		/* Do we need to save any of this entry? */
		if (mas.index < min) {
			lower_index = mas.index;
			lower_last = min -1;

			lower = kmemdup(entry, ((min - mas.index) *
						sizeof(unsigned long)),
					map->alloc_flags);
			if (!lower) {
				ret = -ENOMEM;
				goto out_unlocked;
			}
		}

		if (mas.last > max) {
			upper_index = max + 1;
			upper_last = mas.last;

			upper = kmemdup(&entry[max - mas.index + 1],
					((mas.last - max) *
					 sizeof(unsigned long)),
					map->alloc_flags);
			if (!upper) {
				ret = -ENOMEM;
				goto out_unlocked;
			}
		}

		kfree(entry);
		mas_lock(&mas);
		mas_erase(&mas);

		/* Insert new nodes with the saved data */
		if (lower) {
			mas_set_range(&mas, lower_index, lower_last);
			ret = mas_store_gfp(&mas, lower, map->alloc_flags);
			if (ret != 0)
				goto out;
			lower = NULL;
		}

		if (upper) {
			mas_set_range(&mas, upper_index, upper_last);
			ret = mas_store_gfp(&mas, upper, map->alloc_flags);
			if (ret != 0)
				goto out;
			upper = NULL;
		}
	}

out:
	mas_unlock(&mas);
out_unlocked:
	kfree(lower);
	kfree(upper);

	return ret;
}
",CWE-125,CVE-2024-36019
"int zgfx_decompress(ZGFX_CONTEXT* zgfx, const BYTE* pSrcData, UINT32 SrcSize, BYTE** ppDstData,
                    UINT32* pDstSize, UINT32 flags)
{
	int status = -1;
	BYTE descriptor = 0;
	wStream sbuffer = { 0 };
	wStream* stream = Stream_StaticConstInit(&sbuffer, pSrcData, SrcSize);

	WINPR_ASSERT(zgfx);
	WINPR_ASSERT(stream);

	if (!Stream_CheckAndLogRequiredLength(TAG, stream, 1))
		goto fail;

	Stream_Read_UINT8(stream, descriptor); /* descriptor (1 byte) */

	if (descriptor == ZGFX_SEGMENTED_SINGLE)
	{
		if (!zgfx_decompress_segment(zgfx, stream, Stream_GetRemainingLength(stream)))
			goto fail;

		*ppDstData = NULL;

		if (zgfx->OutputCount > 0)
			*ppDstData = aligned_zgfx_malloc(zgfx->OutputCount);

		if (!*ppDstData)
			goto fail;

		*pDstSize = zgfx->OutputCount;
		CopyMemory(*ppDstData, zgfx->OutputBuffer, zgfx->OutputCount);
	}
	else if (descriptor == ZGFX_SEGMENTED_MULTIPART)
	{
		UINT32 segmentSize = 0;
		UINT16 segmentNumber = 0;
		UINT16 segmentCount = 0;
		UINT32 uncompressedSize = 0;
		BYTE* pConcatenated = NULL;
		size_t used = 0;

		if (!Stream_CheckAndLogRequiredLength(TAG, stream, 6))
			goto fail;

		Stream_Read_UINT16(stream, segmentCount);     /* segmentCount (2 bytes) */
		Stream_Read_UINT32(stream, uncompressedSize); /* uncompressedSize (4 bytes) */

		if (!Stream_CheckAndLogRequiredLengthOfSize(TAG, stream, segmentCount, sizeof(UINT32)))
			goto fail;

		pConcatenated = aligned_zgfx_malloc(uncompressedSize);

		if (!pConcatenated)
			goto fail;

		*ppDstData = pConcatenated;
		*pDstSize = uncompressedSize;

		for (segmentNumber = 0; segmentNumber < segmentCount; segmentNumber++)
		{
			if (!Stream_CheckAndLogRequiredLength(TAG, stream, sizeof(UINT32)))
				goto fail;

			Stream_Read_UINT32(stream, segmentSize); /* segmentSize (4 bytes) */

			if (!zgfx_decompress_segment(zgfx, stream, segmentSize))
				goto fail;

			if (zgfx->OutputCount > UINT32_MAX - used)
				goto fail;

			if (used + zgfx->OutputCount > uncompressedSize)
				goto fail;

			CopyMemory(pConcatenated, zgfx->OutputBuffer, zgfx->OutputCount);
			pConcatenated += zgfx->OutputCount;
			used += zgfx->OutputCount;
		}
	}
	else
	{
		goto fail;
	}

	status = 1;
fail:
	return status;
}
","int zgfx_decompress(ZGFX_CONTEXT* zgfx, const BYTE* pSrcData, UINT32 SrcSize, BYTE** ppDstData,
                    UINT32* pDstSize, UINT32 flags)
{
	int status = -1;
	BYTE descriptor = 0;
	wStream sbuffer = { 0 };
	size_t used = 0;
	BYTE* pConcatenated = NULL;
	wStream* stream = Stream_StaticConstInit(&sbuffer, pSrcData, SrcSize);

	WINPR_ASSERT(zgfx);
	WINPR_ASSERT(stream);
	WINPR_ASSERT(ppDstData);
	WINPR_ASSERT(pDstSize);

	*ppDstData = NULL;
	*pDstSize = 0;

	if (!Stream_CheckAndLogRequiredLength(TAG, stream, 1))
		goto fail;

	Stream_Read_UINT8(stream, descriptor); /* descriptor (1 byte) */

	if (descriptor == ZGFX_SEGMENTED_SINGLE)
	{
		if (!zgfx_decompress_segment(zgfx, stream, Stream_GetRemainingLength(stream)))
			goto fail;

		if (zgfx->OutputCount > 0)
		{
			if (!zgfx_append(zgfx, &pConcatenated, zgfx->OutputCount, &used))
				goto fail;
			if (used != zgfx->OutputCount)
				goto fail;
			*ppDstData = pConcatenated;
			*pDstSize = zgfx->OutputCount;
		}
	}
	else if (descriptor == ZGFX_SEGMENTED_MULTIPART)
	{
		UINT32 segmentSize = 0;
		UINT16 segmentNumber = 0;
		UINT16 segmentCount = 0;
		UINT32 uncompressedSize = 0;

		if (!Stream_CheckAndLogRequiredLength(TAG, stream, 6))
			goto fail;

		Stream_Read_UINT16(stream, segmentCount);     /* segmentCount (2 bytes) */
		Stream_Read_UINT32(stream, uncompressedSize); /* uncompressedSize (4 bytes) */

		for (segmentNumber = 0; segmentNumber < segmentCount; segmentNumber++)
		{
			if (!Stream_CheckAndLogRequiredLength(TAG, stream, sizeof(UINT32)))
				goto fail;

			Stream_Read_UINT32(stream, segmentSize); /* segmentSize (4 bytes) */

			if (!zgfx_decompress_segment(zgfx, stream, segmentSize))
				goto fail;

			if (!zgfx_append(zgfx, &pConcatenated, uncompressedSize, &used))
				goto fail;
		}

		if (used != uncompressedSize)
			goto fail;

		*ppDstData = pConcatenated;
		*pDstSize = uncompressedSize;
	}
	else
	{
		goto fail;
	}

	status = 1;
fail:
	if (status < 0)
		free(pConcatenated);
	return status;
}
",CWE-787,CVE-2024-32660
"void hci_unregister_dev(struct hci_dev *hdev)
{
	BT_DBG(""%p name %s bus %d"", hdev, hdev->name, hdev->bus);

	mutex_lock(&hdev->unregister_lock);
	hci_dev_set_flag(hdev, HCI_UNREGISTER);
	mutex_unlock(&hdev->unregister_lock);

	write_lock(&hci_dev_list_lock);
	list_del(&hdev->list);
	write_unlock(&hci_dev_list_lock);

	cancel_work_sync(&hdev->power_on);

	hci_cmd_sync_clear(hdev);

	hci_unregister_suspend_notifier(hdev);

	msft_unregister(hdev);

	hci_dev_do_close(hdev);

	if (!test_bit(HCI_INIT, &hdev->flags) &&
	    !hci_dev_test_flag(hdev, HCI_SETUP) &&
	    !hci_dev_test_flag(hdev, HCI_CONFIG)) {
		hci_dev_lock(hdev);
		mgmt_index_removed(hdev);
		hci_dev_unlock(hdev);
	}

	/* mgmt_index_removed should take care of emptying the
	 * pending list */
	BUG_ON(!list_empty(&hdev->mgmt_pending));

	hci_sock_dev_event(hdev, HCI_DEV_UNREG);

	if (hdev->rfkill) {
		rfkill_unregister(hdev->rfkill);
		rfkill_destroy(hdev->rfkill);
	}

	device_del(&hdev->dev);
	/* Actual cleanup is deferred until hci_release_dev(). */
	hci_dev_put(hdev);
}
","void hci_unregister_dev(struct hci_dev *hdev)
{
	BT_DBG(""%p name %s bus %d"", hdev, hdev->name, hdev->bus);

	mutex_lock(&hdev->unregister_lock);
	hci_dev_set_flag(hdev, HCI_UNREGISTER);
	mutex_unlock(&hdev->unregister_lock);

	write_lock(&hci_dev_list_lock);
	list_del(&hdev->list);
	write_unlock(&hci_dev_list_lock);

	cancel_work_sync(&hdev->power_on);

	hci_cmd_sync_clear(hdev);

	hci_unregister_suspend_notifier(hdev);

	hci_dev_do_close(hdev);

	if (!test_bit(HCI_INIT, &hdev->flags) &&
	    !hci_dev_test_flag(hdev, HCI_SETUP) &&
	    !hci_dev_test_flag(hdev, HCI_CONFIG)) {
		hci_dev_lock(hdev);
		mgmt_index_removed(hdev);
		hci_dev_unlock(hdev);
	}

	/* mgmt_index_removed should take care of emptying the
	 * pending list */
	BUG_ON(!list_empty(&hdev->mgmt_pending));

	hci_sock_dev_event(hdev, HCI_DEV_UNREG);

	if (hdev->rfkill) {
		rfkill_unregister(hdev->rfkill);
		rfkill_destroy(hdev->rfkill);
	}

	device_del(&hdev->dev);
	/* Actual cleanup is deferred until hci_release_dev(). */
	hci_dev_put(hdev);
}
",CWE-457,CVE-2024-36012
"static long mpi3mr_bsg_process_mpt_cmds(struct bsg_job *job)
{
	long rval = -EINVAL;
	struct mpi3mr_ioc *mrioc = NULL;
	u8 *mpi_req = NULL, *sense_buff_k = NULL;
	u8 mpi_msg_size = 0;
	struct mpi3mr_bsg_packet *bsg_req = NULL;
	struct mpi3mr_bsg_mptcmd *karg;
	struct mpi3mr_buf_entry *buf_entries = NULL;
	struct mpi3mr_buf_map *drv_bufs = NULL, *drv_buf_iter = NULL;
	u8 count, bufcnt = 0, is_rmcb = 0, is_rmrb = 0;
	u8 din_cnt = 0, dout_cnt = 0;
	u8 invalid_be = 0, erb_offset = 0xFF, mpirep_offset = 0xFF;
	u8 block_io = 0, nvme_fmt = 0, resp_code = 0;
	struct mpi3_request_header *mpi_header = NULL;
	struct mpi3_status_reply_descriptor *status_desc;
	struct mpi3_scsi_task_mgmt_request *tm_req;
	u32 erbsz = MPI3MR_SENSE_BUF_SZ, tmplen;
	u16 dev_handle;
	struct mpi3mr_tgt_dev *tgtdev;
	struct mpi3mr_stgt_priv_data *stgt_priv = NULL;
	struct mpi3mr_bsg_in_reply_buf *bsg_reply_buf = NULL;
	u32 din_size = 0, dout_size = 0;
	u8 *din_buf = NULL, *dout_buf = NULL;
	u8 *sgl_iter = NULL, *sgl_din_iter = NULL, *sgl_dout_iter = NULL;
	u16 rmc_size  = 0, desc_count = 0;

	bsg_req = job->request;
	karg = (struct mpi3mr_bsg_mptcmd *)&bsg_req->cmd.mptcmd;

	mrioc = mpi3mr_bsg_verify_adapter(karg->mrioc_id);
	if (!mrioc)
		return -ENODEV;

	if (!mrioc->ioctl_sges_allocated) {
		dprint_bsg_err(mrioc, ""%s: DMA memory was not allocated\n"",
			       __func__);
		return -ENOMEM;
	}

	if (karg->timeout < MPI3MR_APP_DEFAULT_TIMEOUT)
		karg->timeout = MPI3MR_APP_DEFAULT_TIMEOUT;

	mpi_req = kzalloc(MPI3MR_ADMIN_REQ_FRAME_SZ, GFP_KERNEL);
	if (!mpi_req)
		return -ENOMEM;
	mpi_header = (struct mpi3_request_header *)mpi_req;

	bufcnt = karg->buf_entry_list.num_of_entries;
	drv_bufs = kzalloc((sizeof(*drv_bufs) * bufcnt), GFP_KERNEL);
	if (!drv_bufs) {
		rval = -ENOMEM;
		goto out;
	}

	dout_buf = kzalloc(job->request_payload.payload_len,
				      GFP_KERNEL);
	if (!dout_buf) {
		rval = -ENOMEM;
		goto out;
	}

	din_buf = kzalloc(job->reply_payload.payload_len,
				     GFP_KERNEL);
	if (!din_buf) {
		rval = -ENOMEM;
		goto out;
	}

	sg_copy_to_buffer(job->request_payload.sg_list,
			  job->request_payload.sg_cnt,
			  dout_buf, job->request_payload.payload_len);

	buf_entries = karg->buf_entry_list.buf_entry;
	sgl_din_iter = din_buf;
	sgl_dout_iter = dout_buf;
	drv_buf_iter = drv_bufs;

	for (count = 0; count < bufcnt; count++, buf_entries++, drv_buf_iter++) {

		switch (buf_entries->buf_type) {
		case MPI3MR_BSG_BUFTYPE_RAIDMGMT_CMD:
			sgl_iter = sgl_dout_iter;
			sgl_dout_iter += buf_entries->buf_len;
			drv_buf_iter->data_dir = DMA_TO_DEVICE;
			is_rmcb = 1;
			if ((count != 0) || !buf_entries->buf_len)
				invalid_be = 1;
			break;
		case MPI3MR_BSG_BUFTYPE_RAIDMGMT_RESP:
			sgl_iter = sgl_din_iter;
			sgl_din_iter += buf_entries->buf_len;
			drv_buf_iter->data_dir = DMA_FROM_DEVICE;
			is_rmrb = 1;
			if (count != 1 || !is_rmcb || !buf_entries->buf_len)
				invalid_be = 1;
			break;
		case MPI3MR_BSG_BUFTYPE_DATA_IN:
			sgl_iter = sgl_din_iter;
			sgl_din_iter += buf_entries->buf_len;
			drv_buf_iter->data_dir = DMA_FROM_DEVICE;
			din_cnt++;
			din_size += buf_entries->buf_len;
			if ((din_cnt > 1) && !is_rmcb)
				invalid_be = 1;
			break;
		case MPI3MR_BSG_BUFTYPE_DATA_OUT:
			sgl_iter = sgl_dout_iter;
			sgl_dout_iter += buf_entries->buf_len;
			drv_buf_iter->data_dir = DMA_TO_DEVICE;
			dout_cnt++;
			dout_size += buf_entries->buf_len;
			if ((dout_cnt > 1) && !is_rmcb)
				invalid_be = 1;
			break;
		case MPI3MR_BSG_BUFTYPE_MPI_REPLY:
			sgl_iter = sgl_din_iter;
			sgl_din_iter += buf_entries->buf_len;
			drv_buf_iter->data_dir = DMA_NONE;
			mpirep_offset = count;
			if (!buf_entries->buf_len)
				invalid_be = 1;
			break;
		case MPI3MR_BSG_BUFTYPE_ERR_RESPONSE:
			sgl_iter = sgl_din_iter;
			sgl_din_iter += buf_entries->buf_len;
			drv_buf_iter->data_dir = DMA_NONE;
			erb_offset = count;
			if (!buf_entries->buf_len)
				invalid_be = 1;
			break;
		case MPI3MR_BSG_BUFTYPE_MPI_REQUEST:
			sgl_iter = sgl_dout_iter;
			sgl_dout_iter += buf_entries->buf_len;
			drv_buf_iter->data_dir = DMA_NONE;
			mpi_msg_size = buf_entries->buf_len;
			if ((!mpi_msg_size || (mpi_msg_size % 4)) ||
					(mpi_msg_size > MPI3MR_ADMIN_REQ_FRAME_SZ)) {
				dprint_bsg_err(mrioc, ""%s: invalid MPI message size\n"",
					__func__);
				rval = -EINVAL;
				goto out;
			}
			memcpy(mpi_req, sgl_iter, buf_entries->buf_len);
			break;
		default:
			invalid_be = 1;
			break;
		}
		if (invalid_be) {
			dprint_bsg_err(mrioc, ""%s: invalid buffer entries passed\n"",
				__func__);
			rval = -EINVAL;
			goto out;
		}

		if (sgl_dout_iter > (dout_buf + job->request_payload.payload_len)) {
			dprint_bsg_err(mrioc, ""%s: data_out buffer length mismatch\n"",
				       __func__);
			rval = -EINVAL;
			goto out;
		}
		if (sgl_din_iter > (din_buf + job->reply_payload.payload_len)) {
			dprint_bsg_err(mrioc, ""%s: data_in buffer length mismatch\n"",
				       __func__);
			rval = -EINVAL;
			goto out;
		}

		drv_buf_iter->bsg_buf = sgl_iter;
		drv_buf_iter->bsg_buf_len = buf_entries->buf_len;
	}

	if (is_rmcb && ((din_size + dout_size) > MPI3MR_MAX_APP_XFER_SIZE)) {
		dprint_bsg_err(mrioc, ""%s:%d: invalid data transfer size passed for function 0x%x din_size = %d, dout_size = %d\n"",
			       __func__, __LINE__, mpi_header->function, din_size,
			       dout_size);
		rval = -EINVAL;
		goto out;
	}

	if (din_size > MPI3MR_MAX_APP_XFER_SIZE) {
		dprint_bsg_err(mrioc,
		    ""%s:%d: invalid data transfer size passed for function 0x%x din_size=%d\n"",
		    __func__, __LINE__, mpi_header->function, din_size);
		rval = -EINVAL;
		goto out;
	}
	if (dout_size > MPI3MR_MAX_APP_XFER_SIZE) {
		dprint_bsg_err(mrioc,
		    ""%s:%d: invalid data transfer size passed for function 0x%x dout_size = %d\n"",
		    __func__, __LINE__, mpi_header->function, dout_size);
		rval = -EINVAL;
		goto out;
	}

	if (mpi_header->function == MPI3_BSG_FUNCTION_SMP_PASSTHROUGH) {
		if (din_size > MPI3MR_IOCTL_SGE_SIZE ||
		    dout_size > MPI3MR_IOCTL_SGE_SIZE) {
			dprint_bsg_err(mrioc, ""%s:%d: invalid message size passed:%d:%d:%d:%d\n"",
				       __func__, __LINE__, din_cnt, dout_cnt, din_size,
			    dout_size);
			rval = -EINVAL;
			goto out;
		}
	}

	drv_buf_iter = drv_bufs;
	for (count = 0; count < bufcnt; count++, drv_buf_iter++) {
		if (drv_buf_iter->data_dir == DMA_NONE)
			continue;

		drv_buf_iter->kern_buf_len = drv_buf_iter->bsg_buf_len;
		if (is_rmcb && !count) {
			drv_buf_iter->kern_buf_len =
			    mrioc->ioctl_chain_sge.size;
			drv_buf_iter->kern_buf =
			    mrioc->ioctl_chain_sge.addr;
			drv_buf_iter->kern_buf_dma =
			    mrioc->ioctl_chain_sge.dma_addr;
			drv_buf_iter->dma_desc = NULL;
			drv_buf_iter->num_dma_desc = 0;
			memset(drv_buf_iter->kern_buf, 0,
			       drv_buf_iter->kern_buf_len);
			tmplen = min(drv_buf_iter->kern_buf_len,
				     drv_buf_iter->bsg_buf_len);
			rmc_size = tmplen;
			memcpy(drv_buf_iter->kern_buf, drv_buf_iter->bsg_buf, tmplen);
		} else if (is_rmrb && (count == 1)) {
			drv_buf_iter->kern_buf_len =
			    mrioc->ioctl_resp_sge.size;
			drv_buf_iter->kern_buf =
			    mrioc->ioctl_resp_sge.addr;
			drv_buf_iter->kern_buf_dma =
			    mrioc->ioctl_resp_sge.dma_addr;
			drv_buf_iter->dma_desc = NULL;
			drv_buf_iter->num_dma_desc = 0;
			memset(drv_buf_iter->kern_buf, 0,
			       drv_buf_iter->kern_buf_len);
			tmplen = min(drv_buf_iter->kern_buf_len,
				     drv_buf_iter->bsg_buf_len);
			drv_buf_iter->kern_buf_len = tmplen;
			memset(drv_buf_iter->bsg_buf, 0,
			       drv_buf_iter->bsg_buf_len);
		} else {
			if (!drv_buf_iter->kern_buf_len)
				continue;
			if (mpi3mr_map_data_buffer_dma(mrioc, drv_buf_iter, desc_count)) {
				rval = -ENOMEM;
				dprint_bsg_err(mrioc, ""%s:%d: mapping data buffers failed\n"",
					       __func__, __LINE__);
			goto out;
		}
			desc_count += drv_buf_iter->num_dma_desc;
		}
	}

	if (erb_offset != 0xFF) {
		sense_buff_k = kzalloc(erbsz, GFP_KERNEL);
		if (!sense_buff_k) {
			rval = -ENOMEM;
			goto out;
		}
	}

	if (mutex_lock_interruptible(&mrioc->bsg_cmds.mutex)) {
		rval = -ERESTARTSYS;
		goto out;
	}
	if (mrioc->bsg_cmds.state & MPI3MR_CMD_PENDING) {
		rval = -EAGAIN;
		dprint_bsg_err(mrioc, ""%s: command is in use\n"", __func__);
		mutex_unlock(&mrioc->bsg_cmds.mutex);
		goto out;
	}
	if (mrioc->unrecoverable) {
		dprint_bsg_err(mrioc, ""%s: unrecoverable controller\n"",
		    __func__);
		rval = -EFAULT;
		mutex_unlock(&mrioc->bsg_cmds.mutex);
		goto out;
	}
	if (mrioc->reset_in_progress) {
		dprint_bsg_err(mrioc, ""%s: reset in progress\n"", __func__);
		rval = -EAGAIN;
		mutex_unlock(&mrioc->bsg_cmds.mutex);
		goto out;
	}
	if (mrioc->stop_bsgs) {
		dprint_bsg_err(mrioc, ""%s: bsgs are blocked\n"", __func__);
		rval = -EAGAIN;
		mutex_unlock(&mrioc->bsg_cmds.mutex);
		goto out;
	}

	if (mpi_header->function == MPI3_BSG_FUNCTION_NVME_ENCAPSULATED) {
		nvme_fmt = mpi3mr_get_nvme_data_fmt(
			(struct mpi3_nvme_encapsulated_request *)mpi_req);
		if (nvme_fmt == MPI3MR_NVME_DATA_FORMAT_PRP) {
			if (mpi3mr_build_nvme_prp(mrioc,
			    (struct mpi3_nvme_encapsulated_request *)mpi_req,
			    drv_bufs, bufcnt)) {
				rval = -ENOMEM;
				mutex_unlock(&mrioc->bsg_cmds.mutex);
				goto out;
			}
		} else if (nvme_fmt == MPI3MR_NVME_DATA_FORMAT_SGL1 ||
			nvme_fmt == MPI3MR_NVME_DATA_FORMAT_SGL2) {
			if (mpi3mr_build_nvme_sgl(mrioc,
			    (struct mpi3_nvme_encapsulated_request *)mpi_req,
			    drv_bufs, bufcnt)) {
				rval = -EINVAL;
				mutex_unlock(&mrioc->bsg_cmds.mutex);
				goto out;
			}
		} else {
			dprint_bsg_err(mrioc,
			    ""%s:invalid NVMe command format\n"", __func__);
			rval = -EINVAL;
			mutex_unlock(&mrioc->bsg_cmds.mutex);
			goto out;
		}
	} else {
		if (mpi3mr_bsg_build_sgl(mrioc, mpi_req, mpi_msg_size,
					 drv_bufs, bufcnt, is_rmcb, is_rmrb,
					 (dout_cnt + din_cnt))) {
			dprint_bsg_err(mrioc, ""%s: sgl build failed\n"", __func__);
			rval = -EAGAIN;
			mutex_unlock(&mrioc->bsg_cmds.mutex);
			goto out;
		}
	}

	if (mpi_header->function == MPI3_BSG_FUNCTION_SCSI_TASK_MGMT) {
		tm_req = (struct mpi3_scsi_task_mgmt_request *)mpi_req;
		if (tm_req->task_type !=
		    MPI3_SCSITASKMGMT_TASKTYPE_ABORT_TASK) {
			dev_handle = tm_req->dev_handle;
			block_io = 1;
		}
	}
	if (block_io) {
		tgtdev = mpi3mr_get_tgtdev_by_handle(mrioc, dev_handle);
		if (tgtdev && tgtdev->starget && tgtdev->starget->hostdata) {
			stgt_priv = (struct mpi3mr_stgt_priv_data *)
			    tgtdev->starget->hostdata;
			atomic_inc(&stgt_priv->block_io);
			mpi3mr_tgtdev_put(tgtdev);
		}
	}

	mrioc->bsg_cmds.state = MPI3MR_CMD_PENDING;
	mrioc->bsg_cmds.is_waiting = 1;
	mrioc->bsg_cmds.callback = NULL;
	mrioc->bsg_cmds.is_sense = 0;
	mrioc->bsg_cmds.sensebuf = sense_buff_k;
	memset(mrioc->bsg_cmds.reply, 0, mrioc->reply_sz);
	mpi_header->host_tag = cpu_to_le16(MPI3MR_HOSTTAG_BSG_CMDS);
	if (mrioc->logging_level & MPI3_DEBUG_BSG_INFO) {
		dprint_bsg_info(mrioc,
		    ""%s: posting bsg request to the controller\n"", __func__);
		dprint_dump(mpi_req, MPI3MR_ADMIN_REQ_FRAME_SZ,
		    ""bsg_mpi3_req"");
		if (mpi_header->function == MPI3_BSG_FUNCTION_MGMT_PASSTHROUGH) {
			drv_buf_iter = &drv_bufs[0];
			dprint_dump(drv_buf_iter->kern_buf,
			    rmc_size, ""mpi3_mgmt_req"");
		}
	}

	init_completion(&mrioc->bsg_cmds.done);
	rval = mpi3mr_admin_request_post(mrioc, mpi_req,
	    MPI3MR_ADMIN_REQ_FRAME_SZ, 0);


	if (rval) {
		mrioc->bsg_cmds.is_waiting = 0;
		dprint_bsg_err(mrioc,
		    ""%s: posting bsg request is failed\n"", __func__);
		rval = -EAGAIN;
		goto out_unlock;
	}
	wait_for_completion_timeout(&mrioc->bsg_cmds.done,
	    (karg->timeout * HZ));
	if (block_io && stgt_priv)
		atomic_dec(&stgt_priv->block_io);
	if (!(mrioc->bsg_cmds.state & MPI3MR_CMD_COMPLETE)) {
		mrioc->bsg_cmds.is_waiting = 0;
		rval = -EAGAIN;
		if (mrioc->bsg_cmds.state & MPI3MR_CMD_RESET)
			goto out_unlock;
		dprint_bsg_err(mrioc,
		    ""%s: bsg request timedout after %d seconds\n"", __func__,
		    karg->timeout);
		if (mrioc->logging_level & MPI3_DEBUG_BSG_ERROR) {
			dprint_dump(mpi_req, MPI3MR_ADMIN_REQ_FRAME_SZ,
			    ""bsg_mpi3_req"");
			if (mpi_header->function ==
			    MPI3_BSG_FUNCTION_MGMT_PASSTHROUGH) {
				drv_buf_iter = &drv_bufs[0];
				dprint_dump(drv_buf_iter->kern_buf,
				    rmc_size, ""mpi3_mgmt_req"");
			}
		}
		if ((mpi_header->function == MPI3_BSG_FUNCTION_NVME_ENCAPSULATED) ||
		    (mpi_header->function == MPI3_BSG_FUNCTION_SCSI_IO))
			mpi3mr_issue_tm(mrioc,
			    MPI3_SCSITASKMGMT_TASKTYPE_TARGET_RESET,
			    mpi_header->function_dependent, 0,
			    MPI3MR_HOSTTAG_BLK_TMS, MPI3MR_RESETTM_TIMEOUT,
			    &mrioc->host_tm_cmds, &resp_code, NULL);
		if (!(mrioc->bsg_cmds.state & MPI3MR_CMD_COMPLETE) &&
		    !(mrioc->bsg_cmds.state & MPI3MR_CMD_RESET))
			mpi3mr_soft_reset_handler(mrioc,
			    MPI3MR_RESET_FROM_APP_TIMEOUT, 1);
		goto out_unlock;
	}
	dprint_bsg_info(mrioc, ""%s: bsg request is completed\n"", __func__);

	if (mrioc->prp_list_virt) {
		dma_free_coherent(&mrioc->pdev->dev, mrioc->prp_sz,
		    mrioc->prp_list_virt, mrioc->prp_list_dma);
		mrioc->prp_list_virt = NULL;
	}

	if ((mrioc->bsg_cmds.ioc_status & MPI3_IOCSTATUS_STATUS_MASK)
	     != MPI3_IOCSTATUS_SUCCESS) {
		dprint_bsg_info(mrioc,
		    ""%s: command failed, ioc_status(0x%04x) log_info(0x%08x)\n"",
		    __func__,
		    (mrioc->bsg_cmds.ioc_status & MPI3_IOCSTATUS_STATUS_MASK),
		    mrioc->bsg_cmds.ioc_loginfo);
	}

	if ((mpirep_offset != 0xFF) &&
	    drv_bufs[mpirep_offset].bsg_buf_len) {
		drv_buf_iter = &drv_bufs[mpirep_offset];
		drv_buf_iter->kern_buf_len = (sizeof(*bsg_reply_buf) - 1 +
					   mrioc->reply_sz);
		bsg_reply_buf = kzalloc(drv_buf_iter->kern_buf_len, GFP_KERNEL);

		if (!bsg_reply_buf) {
			rval = -ENOMEM;
			goto out_unlock;
		}
		if (mrioc->bsg_cmds.state & MPI3MR_CMD_REPLY_VALID) {
			bsg_reply_buf->mpi_reply_type =
				MPI3MR_BSG_MPI_REPLY_BUFTYPE_ADDRESS;
			memcpy(bsg_reply_buf->reply_buf,
			    mrioc->bsg_cmds.reply, mrioc->reply_sz);
		} else {
			bsg_reply_buf->mpi_reply_type =
				MPI3MR_BSG_MPI_REPLY_BUFTYPE_STATUS;
			status_desc = (struct mpi3_status_reply_descriptor *)
			    bsg_reply_buf->reply_buf;
			status_desc->ioc_status = mrioc->bsg_cmds.ioc_status;
			status_desc->ioc_log_info = mrioc->bsg_cmds.ioc_loginfo;
		}
		tmplen = min(drv_buf_iter->kern_buf_len,
			drv_buf_iter->bsg_buf_len);
		memcpy(drv_buf_iter->bsg_buf, bsg_reply_buf, tmplen);
	}

	if (erb_offset != 0xFF && mrioc->bsg_cmds.sensebuf &&
	    mrioc->bsg_cmds.is_sense) {
		drv_buf_iter = &drv_bufs[erb_offset];
		tmplen = min(erbsz, drv_buf_iter->bsg_buf_len);
		memcpy(drv_buf_iter->bsg_buf, sense_buff_k, tmplen);
	}

	drv_buf_iter = drv_bufs;
	for (count = 0; count < bufcnt; count++, drv_buf_iter++) {
		if (drv_buf_iter->data_dir == DMA_NONE)
			continue;
		if ((count == 1) && is_rmrb) {
			memcpy(drv_buf_iter->bsg_buf,
			    drv_buf_iter->kern_buf,
			    drv_buf_iter->kern_buf_len);
		} else if (drv_buf_iter->data_dir == DMA_FROM_DEVICE) {
			tmplen = 0;
			for (desc_count = 0;
			    desc_count < drv_buf_iter->num_dma_desc;
			    desc_count++) {
				memcpy(((u8 *)drv_buf_iter->bsg_buf + tmplen),
				       drv_buf_iter->dma_desc[desc_count].addr,
				       drv_buf_iter->dma_desc[desc_count].size);
				tmplen +=
				    drv_buf_iter->dma_desc[desc_count].size;
		}
	}
	}

out_unlock:
	if (din_buf) {
		job->reply_payload_rcv_len =
			sg_copy_from_buffer(job->reply_payload.sg_list,
					    job->reply_payload.sg_cnt,
					    din_buf, job->reply_payload.payload_len);
	}
	mrioc->bsg_cmds.is_sense = 0;
	mrioc->bsg_cmds.sensebuf = NULL;
	mrioc->bsg_cmds.state = MPI3MR_CMD_NOTUSED;
	mutex_unlock(&mrioc->bsg_cmds.mutex);
out:
	kfree(sense_buff_k);
	kfree(dout_buf);
	kfree(din_buf);
	kfree(mpi_req);
	if (drv_bufs) {
		drv_buf_iter = drv_bufs;
		for (count = 0; count < bufcnt; count++, drv_buf_iter++)
			kfree(drv_buf_iter->dma_desc);
		kfree(drv_bufs);
	}
	kfree(bsg_reply_buf);
	return rval;
}
","static long mpi3mr_bsg_process_mpt_cmds(struct bsg_job *job)
{
	long rval = -EINVAL;
	struct mpi3mr_ioc *mrioc = NULL;
	u8 *mpi_req = NULL, *sense_buff_k = NULL;
	u8 mpi_msg_size = 0;
	struct mpi3mr_bsg_packet *bsg_req = NULL;
	struct mpi3mr_bsg_mptcmd *karg;
	struct mpi3mr_buf_entry *buf_entries = NULL;
	struct mpi3mr_buf_map *drv_bufs = NULL, *drv_buf_iter = NULL;
	u8 count, bufcnt = 0, is_rmcb = 0, is_rmrb = 0;
	u8 din_cnt = 0, dout_cnt = 0;
	u8 invalid_be = 0, erb_offset = 0xFF, mpirep_offset = 0xFF;
	u8 block_io = 0, nvme_fmt = 0, resp_code = 0;
	struct mpi3_request_header *mpi_header = NULL;
	struct mpi3_status_reply_descriptor *status_desc;
	struct mpi3_scsi_task_mgmt_request *tm_req;
	u32 erbsz = MPI3MR_SENSE_BUF_SZ, tmplen;
	u16 dev_handle;
	struct mpi3mr_tgt_dev *tgtdev;
	struct mpi3mr_stgt_priv_data *stgt_priv = NULL;
	struct mpi3mr_bsg_in_reply_buf *bsg_reply_buf = NULL;
	u32 din_size = 0, dout_size = 0;
	u8 *din_buf = NULL, *dout_buf = NULL;
	u8 *sgl_iter = NULL, *sgl_din_iter = NULL, *sgl_dout_iter = NULL;
	u16 rmc_size  = 0, desc_count = 0;

	bsg_req = job->request;
	karg = (struct mpi3mr_bsg_mptcmd *)&bsg_req->cmd.mptcmd;

	mrioc = mpi3mr_bsg_verify_adapter(karg->mrioc_id);
	if (!mrioc)
		return -ENODEV;

	if (!mrioc->ioctl_sges_allocated) {
		dprint_bsg_err(mrioc, ""%s: DMA memory was not allocated\n"",
			       __func__);
		return -ENOMEM;
	}

	if (karg->timeout < MPI3MR_APP_DEFAULT_TIMEOUT)
		karg->timeout = MPI3MR_APP_DEFAULT_TIMEOUT;

	mpi_req = kzalloc(MPI3MR_ADMIN_REQ_FRAME_SZ, GFP_KERNEL);
	if (!mpi_req)
		return -ENOMEM;
	mpi_header = (struct mpi3_request_header *)mpi_req;

	bufcnt = karg->buf_entry_list.num_of_entries;
	drv_bufs = kzalloc((sizeof(*drv_bufs) * bufcnt), GFP_KERNEL);
	if (!drv_bufs) {
		rval = -ENOMEM;
		goto out;
	}

	dout_buf = kzalloc(job->request_payload.payload_len,
				      GFP_KERNEL);
	if (!dout_buf) {
		rval = -ENOMEM;
		goto out;
	}

	din_buf = kzalloc(job->reply_payload.payload_len,
				     GFP_KERNEL);
	if (!din_buf) {
		rval = -ENOMEM;
		goto out;
	}

	sg_copy_to_buffer(job->request_payload.sg_list,
			  job->request_payload.sg_cnt,
			  dout_buf, job->request_payload.payload_len);

	buf_entries = karg->buf_entry_list.buf_entry;
	sgl_din_iter = din_buf;
	sgl_dout_iter = dout_buf;
	drv_buf_iter = drv_bufs;

	for (count = 0; count < bufcnt; count++, buf_entries++, drv_buf_iter++) {

		switch (buf_entries->buf_type) {
		case MPI3MR_BSG_BUFTYPE_RAIDMGMT_CMD:
			sgl_iter = sgl_dout_iter;
			sgl_dout_iter += buf_entries->buf_len;
			drv_buf_iter->data_dir = DMA_TO_DEVICE;
			is_rmcb = 1;
			if ((count != 0) || !buf_entries->buf_len)
				invalid_be = 1;
			break;
		case MPI3MR_BSG_BUFTYPE_RAIDMGMT_RESP:
			sgl_iter = sgl_din_iter;
			sgl_din_iter += buf_entries->buf_len;
			drv_buf_iter->data_dir = DMA_FROM_DEVICE;
			is_rmrb = 1;
			if (count != 1 || !is_rmcb || !buf_entries->buf_len)
				invalid_be = 1;
			break;
		case MPI3MR_BSG_BUFTYPE_DATA_IN:
			sgl_iter = sgl_din_iter;
			sgl_din_iter += buf_entries->buf_len;
			drv_buf_iter->data_dir = DMA_FROM_DEVICE;
			din_cnt++;
			din_size += buf_entries->buf_len;
			if ((din_cnt > 1) && !is_rmcb)
				invalid_be = 1;
			break;
		case MPI3MR_BSG_BUFTYPE_DATA_OUT:
			sgl_iter = sgl_dout_iter;
			sgl_dout_iter += buf_entries->buf_len;
			drv_buf_iter->data_dir = DMA_TO_DEVICE;
			dout_cnt++;
			dout_size += buf_entries->buf_len;
			if ((dout_cnt > 1) && !is_rmcb)
				invalid_be = 1;
			break;
		case MPI3MR_BSG_BUFTYPE_MPI_REPLY:
			sgl_iter = sgl_din_iter;
			sgl_din_iter += buf_entries->buf_len;
			drv_buf_iter->data_dir = DMA_NONE;
			mpirep_offset = count;
			if (!buf_entries->buf_len)
				invalid_be = 1;
			break;
		case MPI3MR_BSG_BUFTYPE_ERR_RESPONSE:
			sgl_iter = sgl_din_iter;
			sgl_din_iter += buf_entries->buf_len;
			drv_buf_iter->data_dir = DMA_NONE;
			erb_offset = count;
			if (!buf_entries->buf_len)
				invalid_be = 1;
			break;
		case MPI3MR_BSG_BUFTYPE_MPI_REQUEST:
			sgl_iter = sgl_dout_iter;
			sgl_dout_iter += buf_entries->buf_len;
			drv_buf_iter->data_dir = DMA_NONE;
			mpi_msg_size = buf_entries->buf_len;
			if ((!mpi_msg_size || (mpi_msg_size % 4)) ||
					(mpi_msg_size > MPI3MR_ADMIN_REQ_FRAME_SZ)) {
				dprint_bsg_err(mrioc, ""%s: invalid MPI message size\n"",
					__func__);
				rval = -EINVAL;
				goto out;
			}
			memcpy(mpi_req, sgl_iter, buf_entries->buf_len);
			break;
		default:
			invalid_be = 1;
			break;
		}
		if (invalid_be) {
			dprint_bsg_err(mrioc, ""%s: invalid buffer entries passed\n"",
				__func__);
			rval = -EINVAL;
			goto out;
		}

		if (sgl_dout_iter > (dout_buf + job->request_payload.payload_len)) {
			dprint_bsg_err(mrioc, ""%s: data_out buffer length mismatch\n"",
				       __func__);
			rval = -EINVAL;
			goto out;
		}
		if (sgl_din_iter > (din_buf + job->reply_payload.payload_len)) {
			dprint_bsg_err(mrioc, ""%s: data_in buffer length mismatch\n"",
				       __func__);
			rval = -EINVAL;
			goto out;
		}

		drv_buf_iter->bsg_buf = sgl_iter;
		drv_buf_iter->bsg_buf_len = buf_entries->buf_len;
	}

	if (is_rmcb && ((din_size + dout_size) > MPI3MR_MAX_APP_XFER_SIZE)) {
		dprint_bsg_err(mrioc, ""%s:%d: invalid data transfer size passed for function 0x%x din_size = %d, dout_size = %d\n"",
			       __func__, __LINE__, mpi_header->function, din_size,
			       dout_size);
		rval = -EINVAL;
		goto out;
	}

	if (din_size > MPI3MR_MAX_APP_XFER_SIZE) {
		dprint_bsg_err(mrioc,
		    ""%s:%d: invalid data transfer size passed for function 0x%x din_size=%d\n"",
		    __func__, __LINE__, mpi_header->function, din_size);
		rval = -EINVAL;
		goto out;
	}
	if (dout_size > MPI3MR_MAX_APP_XFER_SIZE) {
		dprint_bsg_err(mrioc,
		    ""%s:%d: invalid data transfer size passed for function 0x%x dout_size = %d\n"",
		    __func__, __LINE__, mpi_header->function, dout_size);
		rval = -EINVAL;
		goto out;
	}

	if (mpi_header->function == MPI3_BSG_FUNCTION_SMP_PASSTHROUGH) {
		if (din_size > MPI3MR_IOCTL_SGE_SIZE ||
		    dout_size > MPI3MR_IOCTL_SGE_SIZE) {
			dprint_bsg_err(mrioc, ""%s:%d: invalid message size passed:%d:%d:%d:%d\n"",
				       __func__, __LINE__, din_cnt, dout_cnt, din_size,
			    dout_size);
			rval = -EINVAL;
			goto out;
		}
	}

	drv_buf_iter = drv_bufs;
	for (count = 0; count < bufcnt; count++, drv_buf_iter++) {
		if (drv_buf_iter->data_dir == DMA_NONE)
			continue;

		drv_buf_iter->kern_buf_len = drv_buf_iter->bsg_buf_len;
		if (is_rmcb && !count) {
			drv_buf_iter->kern_buf_len =
			    mrioc->ioctl_chain_sge.size;
			drv_buf_iter->kern_buf =
			    mrioc->ioctl_chain_sge.addr;
			drv_buf_iter->kern_buf_dma =
			    mrioc->ioctl_chain_sge.dma_addr;
			drv_buf_iter->dma_desc = NULL;
			drv_buf_iter->num_dma_desc = 0;
			memset(drv_buf_iter->kern_buf, 0,
			       drv_buf_iter->kern_buf_len);
			tmplen = min(drv_buf_iter->kern_buf_len,
				     drv_buf_iter->bsg_buf_len);
			rmc_size = tmplen;
			memcpy(drv_buf_iter->kern_buf, drv_buf_iter->bsg_buf, tmplen);
		} else if (is_rmrb && (count == 1)) {
			drv_buf_iter->kern_buf_len =
			    mrioc->ioctl_resp_sge.size;
			drv_buf_iter->kern_buf =
			    mrioc->ioctl_resp_sge.addr;
			drv_buf_iter->kern_buf_dma =
			    mrioc->ioctl_resp_sge.dma_addr;
			drv_buf_iter->dma_desc = NULL;
			drv_buf_iter->num_dma_desc = 0;
			memset(drv_buf_iter->kern_buf, 0,
			       drv_buf_iter->kern_buf_len);
			tmplen = min(drv_buf_iter->kern_buf_len,
				     drv_buf_iter->bsg_buf_len);
			drv_buf_iter->kern_buf_len = tmplen;
			memset(drv_buf_iter->bsg_buf, 0,
			       drv_buf_iter->bsg_buf_len);
		} else {
			if (!drv_buf_iter->kern_buf_len)
				continue;
			if (mpi3mr_map_data_buffer_dma(mrioc, drv_buf_iter, desc_count)) {
				rval = -ENOMEM;
				dprint_bsg_err(mrioc, ""%s:%d: mapping data buffers failed\n"",
					       __func__, __LINE__);
			goto out;
		}
			desc_count += drv_buf_iter->num_dma_desc;
		}
	}

	if (erb_offset != 0xFF) {
		sense_buff_k = kzalloc(erbsz, GFP_KERNEL);
		if (!sense_buff_k) {
			rval = -ENOMEM;
			goto out;
		}
	}

	if (mutex_lock_interruptible(&mrioc->bsg_cmds.mutex)) {
		rval = -ERESTARTSYS;
		goto out;
	}
	if (mrioc->bsg_cmds.state & MPI3MR_CMD_PENDING) {
		rval = -EAGAIN;
		dprint_bsg_err(mrioc, ""%s: command is in use\n"", __func__);
		mutex_unlock(&mrioc->bsg_cmds.mutex);
		goto out;
	}
	if (mrioc->unrecoverable) {
		dprint_bsg_err(mrioc, ""%s: unrecoverable controller\n"",
		    __func__);
		rval = -EFAULT;
		mutex_unlock(&mrioc->bsg_cmds.mutex);
		goto out;
	}
	if (mrioc->reset_in_progress) {
		dprint_bsg_err(mrioc, ""%s: reset in progress\n"", __func__);
		rval = -EAGAIN;
		mutex_unlock(&mrioc->bsg_cmds.mutex);
		goto out;
	}
	if (mrioc->stop_bsgs) {
		dprint_bsg_err(mrioc, ""%s: bsgs are blocked\n"", __func__);
		rval = -EAGAIN;
		mutex_unlock(&mrioc->bsg_cmds.mutex);
		goto out;
	}

	if (mpi_header->function == MPI3_BSG_FUNCTION_NVME_ENCAPSULATED) {
		nvme_fmt = mpi3mr_get_nvme_data_fmt(
			(struct mpi3_nvme_encapsulated_request *)mpi_req);
		if (nvme_fmt == MPI3MR_NVME_DATA_FORMAT_PRP) {
			if (mpi3mr_build_nvme_prp(mrioc,
			    (struct mpi3_nvme_encapsulated_request *)mpi_req,
			    drv_bufs, bufcnt)) {
				rval = -ENOMEM;
				mutex_unlock(&mrioc->bsg_cmds.mutex);
				goto out;
			}
		} else if (nvme_fmt == MPI3MR_NVME_DATA_FORMAT_SGL1 ||
			nvme_fmt == MPI3MR_NVME_DATA_FORMAT_SGL2) {
			if (mpi3mr_build_nvme_sgl(mrioc,
			    (struct mpi3_nvme_encapsulated_request *)mpi_req,
			    drv_bufs, bufcnt)) {
				rval = -EINVAL;
				mutex_unlock(&mrioc->bsg_cmds.mutex);
				goto out;
			}
		} else {
			dprint_bsg_err(mrioc,
			    ""%s:invalid NVMe command format\n"", __func__);
			rval = -EINVAL;
			mutex_unlock(&mrioc->bsg_cmds.mutex);
			goto out;
		}
	} else {
		if (mpi3mr_bsg_build_sgl(mrioc, mpi_req, mpi_msg_size,
					 drv_bufs, bufcnt, is_rmcb, is_rmrb,
					 (dout_cnt + din_cnt))) {
			dprint_bsg_err(mrioc, ""%s: sgl build failed\n"", __func__);
			rval = -EAGAIN;
			mutex_unlock(&mrioc->bsg_cmds.mutex);
			goto out;
		}
	}

	if (mpi_header->function == MPI3_BSG_FUNCTION_SCSI_TASK_MGMT) {
		tm_req = (struct mpi3_scsi_task_mgmt_request *)mpi_req;
		if (tm_req->task_type !=
		    MPI3_SCSITASKMGMT_TASKTYPE_ABORT_TASK) {
			dev_handle = tm_req->dev_handle;
			block_io = 1;
		}
	}
	if (block_io) {
		tgtdev = mpi3mr_get_tgtdev_by_handle(mrioc, dev_handle);
		if (tgtdev && tgtdev->starget && tgtdev->starget->hostdata) {
			stgt_priv = (struct mpi3mr_stgt_priv_data *)
			    tgtdev->starget->hostdata;
			atomic_inc(&stgt_priv->block_io);
			mpi3mr_tgtdev_put(tgtdev);
		}
	}

	mrioc->bsg_cmds.state = MPI3MR_CMD_PENDING;
	mrioc->bsg_cmds.is_waiting = 1;
	mrioc->bsg_cmds.callback = NULL;
	mrioc->bsg_cmds.is_sense = 0;
	mrioc->bsg_cmds.sensebuf = sense_buff_k;
	memset(mrioc->bsg_cmds.reply, 0, mrioc->reply_sz);
	mpi_header->host_tag = cpu_to_le16(MPI3MR_HOSTTAG_BSG_CMDS);
	if (mrioc->logging_level & MPI3_DEBUG_BSG_INFO) {
		dprint_bsg_info(mrioc,
		    ""%s: posting bsg request to the controller\n"", __func__);
		dprint_dump(mpi_req, MPI3MR_ADMIN_REQ_FRAME_SZ,
		    ""bsg_mpi3_req"");
		if (mpi_header->function == MPI3_BSG_FUNCTION_MGMT_PASSTHROUGH) {
			drv_buf_iter = &drv_bufs[0];
			dprint_dump(drv_buf_iter->kern_buf,
			    rmc_size, ""mpi3_mgmt_req"");
		}
	}

	init_completion(&mrioc->bsg_cmds.done);
	rval = mpi3mr_admin_request_post(mrioc, mpi_req,
	    MPI3MR_ADMIN_REQ_FRAME_SZ, 0);


	if (rval) {
		mrioc->bsg_cmds.is_waiting = 0;
		dprint_bsg_err(mrioc,
		    ""%s: posting bsg request is failed\n"", __func__);
		rval = -EAGAIN;
		goto out_unlock;
	}
	wait_for_completion_timeout(&mrioc->bsg_cmds.done,
	    (karg->timeout * HZ));
	if (block_io && stgt_priv)
		atomic_dec(&stgt_priv->block_io);
	if (!(mrioc->bsg_cmds.state & MPI3MR_CMD_COMPLETE)) {
		mrioc->bsg_cmds.is_waiting = 0;
		rval = -EAGAIN;
		if (mrioc->bsg_cmds.state & MPI3MR_CMD_RESET)
			goto out_unlock;
		dprint_bsg_err(mrioc,
		    ""%s: bsg request timedout after %d seconds\n"", __func__,
		    karg->timeout);
		if (mrioc->logging_level & MPI3_DEBUG_BSG_ERROR) {
			dprint_dump(mpi_req, MPI3MR_ADMIN_REQ_FRAME_SZ,
			    ""bsg_mpi3_req"");
			if (mpi_header->function ==
			    MPI3_BSG_FUNCTION_MGMT_PASSTHROUGH) {
				drv_buf_iter = &drv_bufs[0];
				dprint_dump(drv_buf_iter->kern_buf,
				    rmc_size, ""mpi3_mgmt_req"");
			}
		}
		if ((mpi_header->function == MPI3_BSG_FUNCTION_NVME_ENCAPSULATED) ||
		    (mpi_header->function == MPI3_BSG_FUNCTION_SCSI_IO))
			mpi3mr_issue_tm(mrioc,
			    MPI3_SCSITASKMGMT_TASKTYPE_TARGET_RESET,
			    mpi_header->function_dependent, 0,
			    MPI3MR_HOSTTAG_BLK_TMS, MPI3MR_RESETTM_TIMEOUT,
			    &mrioc->host_tm_cmds, &resp_code, NULL);
		if (!(mrioc->bsg_cmds.state & MPI3MR_CMD_COMPLETE) &&
		    !(mrioc->bsg_cmds.state & MPI3MR_CMD_RESET))
			mpi3mr_soft_reset_handler(mrioc,
			    MPI3MR_RESET_FROM_APP_TIMEOUT, 1);
		goto out_unlock;
	}
	dprint_bsg_info(mrioc, ""%s: bsg request is completed\n"", __func__);

	if (mrioc->prp_list_virt) {
		dma_free_coherent(&mrioc->pdev->dev, mrioc->prp_sz,
		    mrioc->prp_list_virt, mrioc->prp_list_dma);
		mrioc->prp_list_virt = NULL;
	}

	if ((mrioc->bsg_cmds.ioc_status & MPI3_IOCSTATUS_STATUS_MASK)
	     != MPI3_IOCSTATUS_SUCCESS) {
		dprint_bsg_info(mrioc,
		    ""%s: command failed, ioc_status(0x%04x) log_info(0x%08x)\n"",
		    __func__,
		    (mrioc->bsg_cmds.ioc_status & MPI3_IOCSTATUS_STATUS_MASK),
		    mrioc->bsg_cmds.ioc_loginfo);
	}

	if ((mpirep_offset != 0xFF) &&
	    drv_bufs[mpirep_offset].bsg_buf_len) {
		drv_buf_iter = &drv_bufs[mpirep_offset];
		drv_buf_iter->kern_buf_len = (sizeof(*bsg_reply_buf) +
					   mrioc->reply_sz);
		bsg_reply_buf = kzalloc(drv_buf_iter->kern_buf_len, GFP_KERNEL);

		if (!bsg_reply_buf) {
			rval = -ENOMEM;
			goto out_unlock;
		}
		if (mrioc->bsg_cmds.state & MPI3MR_CMD_REPLY_VALID) {
			bsg_reply_buf->mpi_reply_type =
				MPI3MR_BSG_MPI_REPLY_BUFTYPE_ADDRESS;
			memcpy(bsg_reply_buf->reply_buf,
			    mrioc->bsg_cmds.reply, mrioc->reply_sz);
		} else {
			bsg_reply_buf->mpi_reply_type =
				MPI3MR_BSG_MPI_REPLY_BUFTYPE_STATUS;
			status_desc = (struct mpi3_status_reply_descriptor *)
			    bsg_reply_buf->reply_buf;
			status_desc->ioc_status = mrioc->bsg_cmds.ioc_status;
			status_desc->ioc_log_info = mrioc->bsg_cmds.ioc_loginfo;
		}
		tmplen = min(drv_buf_iter->kern_buf_len,
			drv_buf_iter->bsg_buf_len);
		memcpy(drv_buf_iter->bsg_buf, bsg_reply_buf, tmplen);
	}

	if (erb_offset != 0xFF && mrioc->bsg_cmds.sensebuf &&
	    mrioc->bsg_cmds.is_sense) {
		drv_buf_iter = &drv_bufs[erb_offset];
		tmplen = min(erbsz, drv_buf_iter->bsg_buf_len);
		memcpy(drv_buf_iter->bsg_buf, sense_buff_k, tmplen);
	}

	drv_buf_iter = drv_bufs;
	for (count = 0; count < bufcnt; count++, drv_buf_iter++) {
		if (drv_buf_iter->data_dir == DMA_NONE)
			continue;
		if ((count == 1) && is_rmrb) {
			memcpy(drv_buf_iter->bsg_buf,
			    drv_buf_iter->kern_buf,
			    drv_buf_iter->kern_buf_len);
		} else if (drv_buf_iter->data_dir == DMA_FROM_DEVICE) {
			tmplen = 0;
			for (desc_count = 0;
			    desc_count < drv_buf_iter->num_dma_desc;
			    desc_count++) {
				memcpy(((u8 *)drv_buf_iter->bsg_buf + tmplen),
				       drv_buf_iter->dma_desc[desc_count].addr,
				       drv_buf_iter->dma_desc[desc_count].size);
				tmplen +=
				    drv_buf_iter->dma_desc[desc_count].size;
		}
	}
	}

out_unlock:
	if (din_buf) {
		job->reply_payload_rcv_len =
			sg_copy_from_buffer(job->reply_payload.sg_list,
					    job->reply_payload.sg_cnt,
					    din_buf, job->reply_payload.payload_len);
	}
	mrioc->bsg_cmds.is_sense = 0;
	mrioc->bsg_cmds.sensebuf = NULL;
	mrioc->bsg_cmds.state = MPI3MR_CMD_NOTUSED;
	mutex_unlock(&mrioc->bsg_cmds.mutex);
out:
	kfree(sense_buff_k);
	kfree(dout_buf);
	kfree(din_buf);
	kfree(mpi_req);
	if (drv_bufs) {
		drv_buf_iter = drv_bufs;
		for (count = 0; count < bufcnt; count++, drv_buf_iter++)
			kfree(drv_buf_iter->dma_desc);
		kfree(drv_bufs);
	}
	kfree(bsg_reply_buf);
	return rval;
}
",CWE-787,CVE-2024-36920
"int amdgpu_amdkfd_drm_client_create(struct amdgpu_device *adev)
{
	int ret;

	if (!adev->kfd.init_complete)
		return 0;

	ret = drm_client_init(&adev->ddev, &adev->kfd.client, ""kfd"",
			      &kfd_client_funcs);
	if (ret) {
		dev_err(adev->dev, ""Failed to init DRM client: %d\n"",
			ret);
		return ret;
	}

	drm_client_register(&adev->kfd.client);

	return 0;
}
","int amdgpu_amdkfd_drm_client_create(struct amdgpu_device *adev)
{
	int ret;

	if (!adev->kfd.init_complete || adev->kfd.client.dev)
		return 0;

	ret = drm_client_init(&adev->ddev, &adev->kfd.client, ""kfd"",
			      &kfd_client_funcs);
	if (ret) {
		dev_err(adev->dev, ""Failed to init DRM client: %d\n"",
			ret);
		return ret;
	}

	drm_client_register(&adev->kfd.client);

	return 0;
}
",CWE-476,CVE-2024-36022
"Base64Ecode DecodeBase64(uint8_t *dest, uint32_t dest_size, const uint8_t *src, uint32_t len,
        uint32_t *consumed_bytes, uint32_t *decoded_bytes, Base64Mode mode)
{
    int val;
    uint32_t padding = 0, bbidx = 0, sp = 0, leading_sp = 0;
    uint8_t *dptr = dest;
    uint8_t b64[B64_BLOCK] = { 0,0,0,0 };
    bool valid = true;
    Base64Ecode ecode = BASE64_ECODE_OK;
    *decoded_bytes = 0;

    /* Traverse through each alpha-numeric letter in the source array */
    for (uint32_t i = 0; i < len; i++) {
        /* Get decimal representation */
        val = GetBase64Value(src[i]);
        if (val < 0) {
            if (mode == BASE64_MODE_RFC2045 && src[i] != '=') {
                if (bbidx == 0) {
                    /* Special case where last block of data has a leading space or invalid char */
                    leading_sp++;
                }
                sp++;
                continue;
            }
            /* Invalid character found, so decoding fails */
            if (src[i] != '=') {
                valid = false;
                ecode = BASE64_ECODE_ERR;
                if (mode == BASE64_MODE_STRICT) {
                    *decoded_bytes = 0;
                }
                break;
            }
            padding++;
        }

        /* For each alpha-numeric letter in the source array, find the numeric
         * value */
        b64[bbidx++] = (val > 0 ? val : 0);

        /* Decode every 4 base64 bytes into 3 ascii bytes */
        if (bbidx == B64_BLOCK) {

            /* For every 4 bytes, add 3 bytes but deduct the '=' padded blocks */
            uint32_t numDecoded_blk = ASCII_BLOCK - (padding < B64_BLOCK ? padding : ASCII_BLOCK);
            if (dest_size < *decoded_bytes + numDecoded_blk) {
                SCLogDebug(""Destination buffer full"");
                ecode = BASE64_ECODE_BUF;
                break;
            }

            /* Decode base-64 block into ascii block and move pointer */
            DecodeBase64Block(dptr, b64);
            dptr += numDecoded_blk;
            *decoded_bytes += numDecoded_blk;
            /* Reset base-64 block and index */
            bbidx = 0;
            padding = 0;
            *consumed_bytes += B64_BLOCK + sp;
            sp = 0;
            leading_sp = 0;
            memset(&b64, 0, sizeof(b64));
        }
    }

    if (bbidx > 0 && bbidx < 4 && ((!valid && mode == BASE64_MODE_RFC4648))) {
        /* Decoded bytes for 1 or 2 base64 encoded bytes is 1 */
        padding = bbidx > 1 ? B64_BLOCK - bbidx : 2;
        uint32_t numDecoded_blk = ASCII_BLOCK - (padding < B64_BLOCK ? padding : ASCII_BLOCK);
        if (dest_size < *decoded_bytes + numDecoded_blk) {
            SCLogDebug(""Destination buffer full"");
            ecode = BASE64_ECODE_BUF;
            return ecode;
        }
        /* if the destination size is not at least 3 Bytes long, it'll give a dynamic
         * buffer overflow while decoding, so, return and let the caller take care of the
         * remaining bytes to be decoded which should always be < 4 at this stage */
        if (dest_size - *decoded_bytes < 3)
            return BASE64_ECODE_BUF;
        *decoded_bytes += numDecoded_blk;
        DecodeBase64Block(dptr, b64);
        *consumed_bytes += bbidx;
    }

    /* Finish remaining b64 bytes by padding */
    if (valid && bbidx > 0 && (mode != BASE64_MODE_RFC2045)) {
        /* Decode remaining */
        *decoded_bytes += ASCII_BLOCK - (B64_BLOCK - bbidx);
        DecodeBase64Block(dptr, b64);
    }

    if (*decoded_bytes == 0) {
        SCLogDebug(""base64 decoding failed"");
    }

    *consumed_bytes += leading_sp;
    return ecode;
}
","Base64Ecode DecodeBase64(uint8_t *dest, uint32_t dest_size, const uint8_t *src, uint32_t len,
        uint32_t *consumed_bytes, uint32_t *decoded_bytes, Base64Mode mode)
{
    int val;
    uint32_t padding = 0, bbidx = 0, sp = 0, leading_sp = 0;
    uint8_t *dptr = dest;
    uint8_t b64[B64_BLOCK] = { 0,0,0,0 };
    bool valid = true;
    Base64Ecode ecode = BASE64_ECODE_OK;
    *decoded_bytes = 0;

    /* Traverse through each alpha-numeric letter in the source array */
    for (uint32_t i = 0; i < len; i++) {
        /* Get decimal representation */
        val = GetBase64Value(src[i]);
        if (val < 0) {
            if (mode == BASE64_MODE_RFC2045 && src[i] != '=') {
                if (bbidx == 0) {
                    /* Special case where last block of data has a leading space or invalid char */
                    leading_sp++;
                }
                sp++;
                continue;
            }
            /* Invalid character found, so decoding fails */
            if (src[i] != '=') {
                valid = false;
                ecode = BASE64_ECODE_ERR;
                if (mode == BASE64_MODE_STRICT) {
                    *decoded_bytes = 0;
                }
                break;
            }
            padding++;
        }

        /* For each alpha-numeric letter in the source array, find the numeric
         * value */
        b64[bbidx++] = (val > 0 ? val : 0);

        /* Decode every 4 base64 bytes into 3 ascii bytes */
        if (bbidx == B64_BLOCK) {

            /* For every 4 bytes, add 3 bytes but deduct the '=' padded blocks */
            uint32_t numDecoded_blk = ASCII_BLOCK - (padding < B64_BLOCK ? padding : ASCII_BLOCK);
            if (dest_size < *decoded_bytes + numDecoded_blk) {
                SCLogDebug(""Destination buffer full"");
                ecode = BASE64_ECODE_BUF;
                break;
            }
            if (dest_size - *decoded_bytes < ASCII_BLOCK)
                return BASE64_ECODE_BUF;

            /* Decode base-64 block into ascii block and move pointer */
            DecodeBase64Block(dptr, b64);
            dptr += numDecoded_blk;
            *decoded_bytes += numDecoded_blk;
            /* Reset base-64 block and index */
            bbidx = 0;
            padding = 0;
            *consumed_bytes += B64_BLOCK + sp;
            sp = 0;
            leading_sp = 0;
            memset(&b64, 0, sizeof(b64));
        }
    }

    if (bbidx > 0 && bbidx < 4 && ((!valid && mode == BASE64_MODE_RFC4648))) {
        /* Decoded bytes for 1 or 2 base64 encoded bytes is 1 */
        padding = bbidx > 1 ? B64_BLOCK - bbidx : 2;
        uint32_t numDecoded_blk = ASCII_BLOCK - (padding < B64_BLOCK ? padding : ASCII_BLOCK);
        if (dest_size < *decoded_bytes + numDecoded_blk) {
            SCLogDebug(""Destination buffer full"");
            ecode = BASE64_ECODE_BUF;
            return ecode;
        }
        /* if the destination size is not at least 3 Bytes long, it'll give a dynamic
         * buffer overflow while decoding, so, return and let the caller take care of the
         * remaining bytes to be decoded which should always be < 4 at this stage */
        if (dest_size - *decoded_bytes < ASCII_BLOCK)
            return BASE64_ECODE_BUF;
        *decoded_bytes += numDecoded_blk;
        DecodeBase64Block(dptr, b64);
        *consumed_bytes += bbidx;
    }

    /* Finish remaining b64 bytes by padding */
    if (valid && bbidx > 0 && (mode != BASE64_MODE_RFC2045)) {
        /* Decode remaining */
        if (dest_size - *decoded_bytes < ASCII_BLOCK)
            return BASE64_ECODE_BUF;
        *decoded_bytes += ASCII_BLOCK - (B64_BLOCK - bbidx);
        DecodeBase64Block(dptr, b64);
    }

    if (*decoded_bytes == 0) {
        SCLogDebug(""base64 decoding failed"");
    }

    *consumed_bytes += leading_sp;
    return ecode;
}
",CWE-787,CVE-2024-32664
"static int nfs_net_init(struct net *net)
{
	struct nfs_net *nn = net_generic(net, nfs_net_id);

	nfs_clients_init(net);
	rpc_proc_register(net, &nn->rpcstats);
	return nfs_fs_proc_net_init(net);
","static int nfs_net_init(struct net *net)
{
	struct nfs_net *nn = net_generic(net, nfs_net_id);

	nfs_clients_init(net);

	if (!rpc_proc_register(net, &nn->rpcstats)) {
		nfs_clients_exit(net);
		return -ENOMEM;
	}

	return nfs_fs_proc_net_init(net);
}
",CWE-476,CVE-2024-36939
"BOOL freerdp_image_copy(BYTE* pDstData, DWORD DstFormat, UINT32 nDstStep, UINT32 nXDst,
                        UINT32 nYDst, UINT32 nWidth, UINT32 nHeight, const BYTE* pSrcData,
                        DWORD SrcFormat, UINT32 nSrcStep, UINT32 nXSrc, UINT32 nYSrc,
                        const gdiPalette* palette, UINT32 flags)
{
	const UINT32 dstByte = FreeRDPGetBytesPerPixel(DstFormat);
	const UINT32 srcByte = FreeRDPGetBytesPerPixel(SrcFormat);

	if ((nHeight > INT32_MAX) || (nWidth > INT32_MAX))
		return FALSE;

	if (!pDstData || !pSrcData)
		return FALSE;

	if (nDstStep == 0)
		nDstStep = nWidth * FreeRDPGetBytesPerPixel(DstFormat);

	if (nSrcStep == 0)
		nSrcStep = nWidth * FreeRDPGetBytesPerPixel(SrcFormat);

	const BOOL ovl = overlapping(pDstData, nXDst, nYDst, nDstStep, dstByte, pSrcData, nXSrc, nYSrc,
	                             nSrcStep, srcByte, nWidth, nHeight);
	if (ovl)
		return freerdp_image_copy_overlap(pDstData, DstFormat, nDstStep, nXDst, nYDst, nWidth,
		                                  nHeight, pSrcData, SrcFormat, nSrcStep, nXSrc, nYSrc,
		                                  palette, flags);
	return freerdp_image_copy_no_overlap(pDstData, DstFormat, nDstStep, nXDst, nYDst, nWidth,
	                                     nHeight, pSrcData, SrcFormat, nSrcStep, nXSrc, nYSrc,
	                                     palette, flags);
}
","BOOL freerdp_image_copy(BYTE* pDstData, DWORD DstFormat, UINT32 nDstStep, UINT32 nXDst,
                        UINT32 nYDst, UINT32 nWidth, UINT32 nHeight, const BYTE* pSrcData,
                        DWORD SrcFormat, UINT32 nSrcStep, UINT32 nXSrc, UINT32 nYSrc,
                        const gdiPalette* palette, UINT32 flags)
{
	const UINT32 dstByte = FreeRDPGetBytesPerPixel(DstFormat);
	const UINT32 srcByte = FreeRDPGetBytesPerPixel(SrcFormat);

	if ((nHeight > INT32_MAX) || (nWidth > INT32_MAX))
		return FALSE;

	if (!pDstData || !pSrcData)
		return FALSE;

	if ((nWidth == 0) || (nHeight == 0))
		return TRUE;

	if (nDstStep == 0)
		nDstStep = nWidth * FreeRDPGetBytesPerPixel(DstFormat);

	if (nSrcStep == 0)
		nSrcStep = nWidth * FreeRDPGetBytesPerPixel(SrcFormat);

	const BOOL ovl = overlapping(pDstData, nXDst, nYDst, nDstStep, dstByte, pSrcData, nXSrc, nYSrc,
	                             nSrcStep, srcByte, nWidth, nHeight);
	if (ovl)
		return freerdp_image_copy_overlap(pDstData, DstFormat, nDstStep, nXDst, nYDst, nWidth,
		                                  nHeight, pSrcData, SrcFormat, nSrcStep, nXSrc, nYSrc,
		                                  palette, flags);
	return freerdp_image_copy_no_overlap(pDstData, DstFormat, nDstStep, nXDst, nYDst, nWidth,
	                                     nHeight, pSrcData, SrcFormat, nSrcStep, nXSrc, nYSrc,
	                                     palette, flags);
}
",CWE-190,CVE-2024-32659
"static struct net_generic *net_alloc_generic(void)
{
	struct net_generic *ng;
	unsigned int generic_size = offsetof(struct net_generic, ptr[max_gen_ptrs]);

	ng = kzalloc(generic_size, GFP_KERNEL);
	if (ng)
		ng->s.len = max_gen_ptrs;

	return ng;
}
","static struct net_generic *net_alloc_generic(void)
{
	unsigned int gen_ptrs = READ_ONCE(max_gen_ptrs);
	unsigned int generic_size;
	struct net_generic *ng;

	generic_size = offsetof(struct net_generic, ptr[gen_ptrs]);

	ng = kzalloc(generic_size, GFP_KERNEL);
	if (ng)
		ng->s.len = gen_ptrs;

	return ng;
}
",CWE-125,CVE-2024-36883
"static BOOL rdp_redirection_read_base64_wchar(UINT32 flag, wStream* s, UINT32* pLength,
                                              BYTE** pData)
{
	BOOL rc = FALSE;
	char buffer[64] = { 0 };
	const BYTE* ptr = NULL;

	if (!rdp_redirection_get_data(s, pLength, &ptr))
		return FALSE;
	const WCHAR* wchar = (const WCHAR*)ptr;

	size_t utf8_len = 0;
	char* utf8 = ConvertWCharNToUtf8Alloc(wchar, *pLength, &utf8_len);
	if (!utf8)
		goto fail;

	redirection_free_data(pData, NULL);

	utf8_len = strnlen(utf8, utf8_len);
	*pData = calloc(utf8_len, sizeof(BYTE));
	if (!*pData)
		goto fail;

	size_t rlen = utf8_len;
	size_t wpos = 0;
	char* tok = strtok(utf8, ""\r\n"");
	while (tok)
	{
		const size_t len = strnlen(tok, rlen);
		rlen -= len;

		size_t bplen = 0;
		BYTE* bptr = NULL;
		crypto_base64_decode(tok, len, &bptr, &bplen);
		if (!bptr)
			goto fail;
		memcpy(&(*pData)[wpos], bptr, bplen);
		wpos += bplen;
		free(bptr);

		tok = strtok(NULL, ""\r\n"");
	}
	*pLength = wpos;

	WLog_DBG(TAG, ""%s:"", rdp_redirection_flags_to_string(flag, buffer, sizeof(buffer)));

	rc = TRUE;
fail:
	if (!rc)
		WLog_ERR(TAG, ""failed to read base64 data"");
	free(utf8);
	return rc;
}


","static BOOL rdp_redirection_read_base64_wchar(UINT32 flag, wStream* s, UINT32* pLength,
                                              BYTE** pData)
{
	BOOL rc = FALSE;
	char buffer[64] = { 0 };
	const BYTE* ptr = NULL;

	if (!rdp_redirection_get_data(s, pLength, &ptr))
		return FALSE;
	const WCHAR* wchar = (const WCHAR*)ptr;

	size_t utf8_len = 0;
	char* utf8 = ConvertWCharNToUtf8Alloc(wchar, *pLength / sizeof(WCHAR), &utf8_len);
	if (!utf8)
		goto fail;

	redirection_free_data(pData, NULL);

	utf8_len = strnlen(utf8, utf8_len);
	*pData = calloc(utf8_len, sizeof(BYTE));
	if (!*pData)
		goto fail;

	size_t rlen = utf8_len;
	size_t wpos = 0;
	char* tok = strtok(utf8, ""\r\n"");
	while (tok)
	{
		const size_t len = strnlen(tok, rlen);
		rlen -= len;

		size_t bplen = 0;
		BYTE* bptr = NULL;
		crypto_base64_decode(tok, len, &bptr, &bplen);
		if (!bptr)
			goto fail;
		memcpy(&(*pData)[wpos], bptr, bplen);
		wpos += bplen;
		free(bptr);

		tok = strtok(NULL, ""\r\n"");
	}
	*pLength = wpos;

	WLog_DBG(TAG, ""%s:"", rdp_redirection_flags_to_string(flag, buffer, sizeof(buffer)));

	rc = TRUE;
fail:
	if (!rc)
		WLog_ERR(TAG, ""failed to read base64 data"");
	free(utf8);
	return rc;
}
",CWE-787,CVE-2024-32662
"int ip6_output(struct net *net, struct sock *sk, struct sk_buff *skb)
{
	struct net_device *dev = skb_dst(skb)->dev, *indev = skb->dev;
	struct inet6_dev *idev = ip6_dst_idev(skb_dst(skb));

	skb->protocol = htons(ETH_P_IPV6);
	skb->dev = dev;

	if (unlikely(READ_ONCE(idev->cnf.disable_ipv6))) {
		IP6_INC_STATS(net, idev, IPSTATS_MIB_OUTDISCARDS);
		kfree_skb(skb);
		return 0;
	}

	return NF_HOOK_COND(NFPROTO_IPV6, NF_INET_POST_ROUTING,
			    net, sk, skb, indev, dev,
			    ip6_finish_output,
			    !(IP6CB(skb)->flags & IP6SKB_REROUTED));
}
","int ip6_output(struct net *net, struct sock *sk, struct sk_buff *skb)
{
	struct net_device *dev = skb_dst(skb)->dev, *indev = skb->dev;
	struct inet6_dev *idev = ip6_dst_idev(skb_dst(skb));

	skb->protocol = htons(ETH_P_IPV6);
	skb->dev = dev;

	if (unlikely(!idev || READ_ONCE(idev->cnf.disable_ipv6))) {
		IP6_INC_STATS(net, idev, IPSTATS_MIB_OUTDISCARDS);
		kfree_skb(skb);
		return 0;
	}

	return NF_HOOK_COND(NFPROTO_IPV6, NF_INET_POST_ROUTING,
			    net, sk, skb, indev, dev,
			    ip6_finish_output,
			    !(IP6CB(skb)->flags & IP6SKB_REROUTED));
}
",CWE-476,CVE-2024-36901
"static void free_netvsc_device(struct rcu_head *head)
{
	struct netvsc_device *nvdev
		= container_of(head, struct netvsc_device, rcu);
	int i;

	kfree(nvdev->extension);
	vfree(nvdev->recv_buf);
	vfree(nvdev->send_buf);
	bitmap_free(nvdev->send_section_map);

	for (i = 0; i < VRSS_CHANNEL_MAX; i++) {
		xdp_rxq_info_unreg(&nvdev->chan_table[i].xdp_rxq);
		kfree(nvdev->chan_table[i].recv_buf);
		vfree(nvdev->chan_table[i].mrc.slots);
	}

	kfree(nvdev);
}
","static void free_netvsc_device(struct rcu_head *head)
{
	struct netvsc_device *nvdev
		= container_of(head, struct netvsc_device, rcu);
	int i;

	kfree(nvdev->extension);

	if (!nvdev->recv_buf_gpadl_handle.decrypted)
		vfree(nvdev->recv_buf);
	if (!nvdev->send_buf_gpadl_handle.decrypted)
		vfree(nvdev->send_buf);
	bitmap_free(nvdev->send_section_map);

	for (i = 0; i < VRSS_CHANNEL_MAX; i++) {
		xdp_rxq_info_unreg(&nvdev->chan_table[i].xdp_rxq);
		kfree(nvdev->chan_table[i].recv_buf);
		vfree(nvdev->chan_table[i].mrc.slots);
	}

	kfree(nvdev);
}
",CWE-401,CVE-2024-36911
"static int CFReserve_RedisCommand(RedisModuleCtx *ctx, RedisModuleString **argv, int argc) {
    RedisModule_AutoMemory(ctx);

    if (argc < 3 || (argc % 2) == 0) {
        return RedisModule_WrongArity(ctx);
    }

    long long capacity;
    if (RedisModule_StringToLongLong(argv[2], &capacity)) {
        return RedisModule_ReplyWithError(ctx, ""Bad capacity"");
    }

    long long maxIterations = CF_MAX_ITERATIONS;
    int mi_loc = RMUtil_ArgIndex(""MAXITERATIONS"", argv, argc);
    if (mi_loc != -1) {
        if (RedisModule_StringToLongLong(argv[mi_loc + 1], &maxIterations) != REDISMODULE_OK) {
            return RedisModule_ReplyWithError(ctx, ""Couldn't parse MAXITERATIONS"");
        } else if (maxIterations <= 0) {
            return RedisModule_ReplyWithError(
                ctx, ""MAXITERATIONS parameter needs to be a positive integer"");
        }
    }

    long long bucketSize = CF_DEFAULT_BUCKETSIZE;
    int bs_loc = RMUtil_ArgIndex(""BUCKETSIZE"", argv, argc);
    if (bs_loc != -1) {
        if (RedisModule_StringToLongLong(argv[bs_loc + 1], &bucketSize) != REDISMODULE_OK) {
            return RedisModule_ReplyWithError(ctx, ""Couldn't parse BUCKETSIZE"");
        } else if (bucketSize <= 0) {
            return RedisModule_ReplyWithError(
                ctx, ""BUCKETSIZE parameter needs to be a positive integer"");
        }
    }

    long long expansion = CF_DEFAULT_EXPANSION;
    int ex_loc = RMUtil_ArgIndex(""EXPANSION"", argv, argc);
    if (ex_loc != -1) {
        if (RedisModule_StringToLongLong(argv[ex_loc + 1], &expansion) != REDISMODULE_OK) {
            return RedisModule_ReplyWithError(ctx, ""Couldn't parse EXPANSION"");
        } else if (expansion < 0) {
            return RedisModule_ReplyWithError(
                ctx, ""EXPANSION parameter needs to be a non-negative integer"");
        }
    }

    if (bucketSize * 2 > capacity) {
        return RedisModule_ReplyWithError(ctx, ""Capacity must be at least (BucketSize * 2)"");
    }

    CuckooFilter *cf;
    RedisModuleKey *key = RedisModule_OpenKey(ctx, argv[1], REDISMODULE_READ | REDISMODULE_WRITE);
    int status = cfGetFilter(key, &cf);
    if (status != SB_EMPTY) {
        return RedisModule_ReplyWithError(ctx, statusStrerror(status));
    }

    cf = cfCreate(key, capacity, bucketSize, maxIterations, expansion);
    if (cf == NULL) {
        return RedisModule_ReplyWithError(ctx, ""Couldn't create Cuckoo Filter""); // LCOV_EXCL_LINE
    } else {
        RedisModule_ReplicateVerbatim(ctx);
        return RedisModule_ReplyWithSimpleString(ctx, ""OK"");
    }
}
","static int CFReserve_RedisCommand(RedisModuleCtx *ctx, RedisModuleString **argv, int argc) {
    RedisModule_AutoMemory(ctx);

    if (argc < 3 || (argc % 2) == 0) {
        return RedisModule_WrongArity(ctx);
    }

    long long capacity;
    if (RedisModule_StringToLongLong(argv[2], &capacity)) {
        return RedisModule_ReplyWithError(ctx, ""Bad capacity"");
    }

    long long maxIterations = CF_DEFAULT_MAX_ITERATIONS;
    int mi_loc = RMUtil_ArgIndex(""MAXITERATIONS"", argv, argc);
    if (mi_loc != -1) {
        if (RedisModule_StringToLongLong(argv[mi_loc + 1], &maxIterations) != REDISMODULE_OK) {
            return RedisModule_ReplyWithError(ctx, ""Couldn't parse MAXITERATIONS"");
        } else if (maxIterations <= 0 || maxIterations > CF_MAX_ITERATIONS) {
            return RedisModule_ReplyWithError(
                ctx, ""MAXITERATIONS: value must be an integer between 1 and 65535, inclusive."");
        }
    }

    long long bucketSize = CF_DEFAULT_BUCKETSIZE;
    int bs_loc = RMUtil_ArgIndex(""BUCKETSIZE"", argv, argc);
    if (bs_loc != -1) {
        if (RedisModule_StringToLongLong(argv[bs_loc + 1], &bucketSize) != REDISMODULE_OK) {
            return RedisModule_ReplyWithError(ctx, ""Couldn't parse BUCKETSIZE"");
        } else if (bucketSize <= 0 || bucketSize > CF_MAX_BUCKET_SIZE) {
            return RedisModule_ReplyWithError(
                ctx, ""BUCKETSIZE: value must be an integer between 1 and 255, inclusive."");
        }
    }

    long long expansion = CF_DEFAULT_EXPANSION;
    int ex_loc = RMUtil_ArgIndex(""EXPANSION"", argv, argc);
    if (ex_loc != -1) {
        if (RedisModule_StringToLongLong(argv[ex_loc + 1], &expansion) != REDISMODULE_OK) {
            return RedisModule_ReplyWithError(ctx, ""Couldn't parse EXPANSION"");
        } else if (expansion < 0 || expansion > CF_MAX_EXPANSION) {
            return RedisModule_ReplyWithError(
                ctx, ""EXPANSION: value must be an integer between 0 and 32768, inclusive."");
        }
    }

    if (bucketSize * 2 > capacity) {
        return RedisModule_ReplyWithError(ctx, ""Capacity must be at least (BucketSize * 2)"");
    }

    CuckooFilter *cf;
    RedisModuleKey *key = RedisModule_OpenKey(ctx, argv[1], REDISMODULE_READ | REDISMODULE_WRITE);
    int status = cfGetFilter(key, &cf);
    if (status != SB_EMPTY) {
        return RedisModule_ReplyWithError(ctx, statusStrerror(status));
    }

    cf = cfCreate(key, capacity, bucketSize, maxIterations, expansion);
    if (cf == NULL) {
        return RedisModule_ReplyWithError(ctx, ""Couldn't create Cuckoo Filter""); // LCOV_EXCL_LINE
    } else {
        RedisModule_ReplicateVerbatim(ctx);
        return RedisModule_ReplyWithSimpleString(ctx, ""OK"");
    }
}
",CWE-125,CVE-2024-25116
"void thermal_debug_tz_remove(struct thermal_zone_device *tz)
{
	struct thermal_debugfs *thermal_dbg = tz->debugfs;

	if (!thermal_dbg)
		return;

	mutex_lock(&thermal_dbg->lock);

	tz->debugfs = NULL;

	mutex_unlock(&thermal_dbg->lock);

	thermal_debugfs_remove_id(thermal_dbg);
}
","void thermal_debug_tz_remove(struct thermal_zone_device *tz)
{
	struct thermal_debugfs *thermal_dbg = tz->debugfs;
	struct tz_episode *tze, *tmp;
	struct tz_debugfs *tz_dbg;
	int *trips_crossed;

	if (!thermal_dbg)
		return;

	tz_dbg = &thermal_dbg->tz_dbg;

	mutex_lock(&thermal_dbg->lock);

	trips_crossed = tz_dbg->trips_crossed;

	list_for_each_entry_safe(tze, tmp, &tz_dbg->tz_episodes, node) {
		list_del(&tze->node);
		kfree(tze);
	}

	tz->debugfs = NULL;

	mutex_unlock(&thermal_dbg->lock);

	thermal_debugfs_remove_id(thermal_dbg);
	kfree(trips_crossed);
}
",CWE-401,CVE-2024-36956
"int pinctrl_enable(struct pinctrl_dev *pctldev)
{
	int error;

	error = pinctrl_claim_hogs(pctldev);
	if (error) {
		dev_err(pctldev->dev, ""could not claim hogs: %i\n"",
			error);
		pinctrl_free_pindescs(pctldev, pctldev->desc->pins,
				      pctldev->desc->npins);
		mutex_destroy(&pctldev->mutex);
		kfree(pctldev);

		return error;
	}

	mutex_lock(&pinctrldev_list_mutex);
	list_add_tail(&pctldev->node, &pinctrldev_list);
	mutex_unlock(&pinctrldev_list_mutex);

	pinctrl_init_device_debugfs(pctldev);

	return 0;
}
","int pinctrl_enable(struct pinctrl_dev *pctldev)
{
	int error;

	error = pinctrl_claim_hogs(pctldev);
	if (error) {
		dev_err(pctldev->dev, ""could not claim hogs: %i\n"", error);
		return error;
	}

	mutex_lock(&pinctrldev_list_mutex);
	list_add_tail(&pctldev->node, &pinctrldev_list);
	mutex_unlock(&pinctrldev_list_mutex);

	pinctrl_init_device_debugfs(pctldev);

	return 0;
}
",CWE-457,CVE-2024-36940
"int av_hwframe_ctx_init(AVBufferRef *ref)
{
    AVHWFramesContext *ctx = (AVHWFramesContext*)ref->data;
    const enum AVPixelFormat *pix_fmt;
    int ret;

    if (ctx->internal->source_frames) {
        /* A derived frame context is already initialised. */
        return 0;
    }

    /* validate the pixel format */
    for (pix_fmt = ctx->internal->hw_type->pix_fmts; *pix_fmt != AV_PIX_FMT_NONE; pix_fmt++) {
        if (*pix_fmt == ctx->format)
            break;
    }
    if (*pix_fmt == AV_PIX_FMT_NONE) {
        av_log(ctx, AV_LOG_ERROR,
               ""The hardware pixel format '%s' is not supported by the device type '%s'\n"",
               av_get_pix_fmt_name(ctx->format), ctx->internal->hw_type->name);
        return AVERROR(ENOSYS);
    }

    /* validate the dimensions */
    ret = av_image_check_size(ctx->width, ctx->height, 0, ctx);
    if (ret < 0)
        return ret;

    /* format-specific init */
    if (ctx->internal->hw_type->frames_init) {
        ret = ctx->internal->hw_type->frames_init(ctx);
        if (ret < 0)
            goto fail;
    }

    if (ctx->internal->pool_internal && !ctx->pool)
        ctx->pool = ctx->internal->pool_internal;

    /* preallocate the frames in the pool, if requested */
    if (ctx->initial_pool_size > 0) {
        ret = hwframe_pool_prealloc(ref);
        if (ret < 0)
            goto fail;
    }

    return 0;
fail:
    if (ctx->internal->hw_type->frames_uninit)
        ctx->internal->hw_type->frames_uninit(ctx);
    return ret;
}
","int av_hwframe_ctx_init(AVBufferRef *ref)
{
    AVHWFramesContext *ctx = (AVHWFramesContext*)ref->data;
    const enum AVPixelFormat *pix_fmt;
    int ret;

    if (ctx->internal->source_frames) {
        /* A derived frame context is already initialised. */
        return 0;
    }

    /* validate the pixel format */
    for (pix_fmt = ctx->internal->hw_type->pix_fmts; *pix_fmt != AV_PIX_FMT_NONE; pix_fmt++) {
        if (*pix_fmt == ctx->format)
            break;
    }
    if (*pix_fmt == AV_PIX_FMT_NONE) {
        av_log(ctx, AV_LOG_ERROR,
               ""The hardware pixel format '%s' is not supported by the device type '%s'\n"",
               av_get_pix_fmt_name(ctx->format), ctx->internal->hw_type->name);
        return AVERROR(ENOSYS);
    }

    /* validate the dimensions */
    ret = av_image_check_size(ctx->width, ctx->height, 0, ctx);
    if (ret < 0)
        return ret;

    /* format-specific init */
    if (ctx->internal->hw_type->frames_init) {
        ret = ctx->internal->hw_type->frames_init(ctx);
        if (ret < 0)
            return ret;
    }

    if (ctx->internal->pool_internal && !ctx->pool)
        ctx->pool = ctx->internal->pool_internal;

    /* preallocate the frames in the pool, if requested */
    if (ctx->initial_pool_size > 0) {
        ret = hwframe_pool_prealloc(ref);
        if (ret < 0)
            return ret;
    }

    return 0;
}

int av_hwframe_transfer_get_formats(AVBufferRef *hwframe_ref,
                                    enum AVHWFrameTransferDirection dir,
                                    enum AVPixelFormat **formats, int flags)
{
    AVHWFramesContext *ctx = (AVHWFramesContext*)hwframe_ref->data;

    if (!ctx->internal->hw_type->transfer_get_formats)
        return AVERROR(ENOSYS);

    return ctx->internal->hw_type->transfer_get_formats(ctx, dir, formats);
}
",CWE-476,CVE-2024-31578
"static void gsm0_receive(struct gsm_mux *gsm, unsigned char c)
{
	unsigned int len;

	switch (gsm->state) {
	case GSM_SEARCH:	/* SOF marker */
		if (c == GSM0_SOF) {
			gsm->state = GSM_ADDRESS;
			gsm->address = 0;
			gsm->len = 0;
			gsm->fcs = INIT_FCS;
		}
		break;
	case GSM_ADDRESS:	/* Address EA */
		gsm->fcs = gsm_fcs_add(gsm->fcs, c);
		if (gsm_read_ea(&gsm->address, c))
			gsm->state = GSM_CONTROL;
		break;
	case GSM_CONTROL:	/* Control Byte */
		gsm->fcs = gsm_fcs_add(gsm->fcs, c);
		gsm->control = c;
		gsm->state = GSM_LEN0;
		break;
	case GSM_LEN0:		/* Length EA */
		gsm->fcs = gsm_fcs_add(gsm->fcs, c);
		if (gsm_read_ea(&gsm->len, c)) {
			if (gsm->len > gsm->mru) {
				gsm->bad_size++;
				gsm->state = GSM_SEARCH;
				break;
			}
			gsm->count = 0;
			if (!gsm->len)
				gsm->state = GSM_FCS;
			else
				gsm->state = GSM_DATA;
			break;
		}
		gsm->state = GSM_LEN1;
		break;
	case GSM_LEN1:
		gsm->fcs = gsm_fcs_add(gsm->fcs, c);
		len = c;
		gsm->len |= len << 7;
		if (gsm->len > gsm->mru) {
			gsm->bad_size++;
			gsm->state = GSM_SEARCH;
			break;
		}
		gsm->count = 0;
		if (!gsm->len)
			gsm->state = GSM_FCS;
		else
			gsm->state = GSM_DATA;
		break;
	case GSM_DATA:		/* Data */
		gsm->buf[gsm->count++] = c;
		if (gsm->count == gsm->len)
			gsm->state = GSM_FCS;
		break;
	case GSM_FCS:		/* FCS follows the packet */
		gsm->received_fcs = c;
		gsm_queue(gsm);
		gsm->state = GSM_SSOF;
		break;
	case GSM_SSOF:
		if (c == GSM0_SOF) {
			gsm->state = GSM_SEARCH;
			break;
		}
		break;
	default:
		pr_debug(""%s: unhandled state: %d\n"", __func__, gsm->state);
		break;
	}
}
","static void gsm0_receive(struct gsm_mux *gsm, unsigned char c)
{
	unsigned int len;

	switch (gsm->state) {
	case GSM_SEARCH:	/* SOF marker */
		if (c == GSM0_SOF) {
			gsm->state = GSM_ADDRESS;
			gsm->address = 0;
			gsm->len = 0;
			gsm->fcs = INIT_FCS;
		}
		break;
	case GSM_ADDRESS:	/* Address EA */
		gsm->fcs = gsm_fcs_add(gsm->fcs, c);
		if (gsm_read_ea(&gsm->address, c))
			gsm->state = GSM_CONTROL;
		break;
	case GSM_CONTROL:	/* Control Byte */
		gsm->fcs = gsm_fcs_add(gsm->fcs, c);
		gsm->control = c;
		gsm->state = GSM_LEN0;
		break;
	case GSM_LEN0:		/* Length EA */
		gsm->fcs = gsm_fcs_add(gsm->fcs, c);
		if (gsm_read_ea(&gsm->len, c)) {
			if (gsm->len > gsm->mru) {
				gsm->bad_size++;
				gsm->state = GSM_SEARCH;
				break;
			}
			gsm->count = 0;
			if (!gsm->len)
				gsm->state = GSM_FCS;
			else
				gsm->state = GSM_DATA;
			break;
		}
		gsm->state = GSM_LEN1;
		break;
	case GSM_LEN1:
		gsm->fcs = gsm_fcs_add(gsm->fcs, c);
		len = c;
		gsm->len |= len << 7;
		if (gsm->len > gsm->mru) {
			gsm->bad_size++;
			gsm->state = GSM_SEARCH;
			break;
		}
		gsm->count = 0;
		if (!gsm->len)
			gsm->state = GSM_FCS;
		else
			gsm->state = GSM_DATA;
		break;
	case GSM_DATA:		/* Data */
		gsm->buf[gsm->count++] = c;
		if (gsm->count >= MAX_MRU) {
			gsm->bad_size++;
			gsm->state = GSM_SEARCH;
		} else if (gsm->count >= gsm->len) {
			gsm->state = GSM_FCS;
		}
		break;
	case GSM_FCS:		/* FCS follows the packet */
		gsm->received_fcs = c;
		gsm_queue(gsm);
		gsm->state = GSM_SSOF;
		break;
	case GSM_SSOF:
		if (c == GSM0_SOF) {
			gsm->state = GSM_SEARCH;
			break;
		}
		break;
	default:
		pr_debug(""%s: unhandled state: %d\n"", __func__, gsm->state);
		break;
	}
}
",CWE-125,CVE-2024-36016
"bool MessageReceiver::proc_Submsg_Data(
        CDRMessage_t* msg,
        SubmessageHeader_t* smh,
        EntityId_t& writerID,
        bool was_decoded) const
{
    eprosima::shared_lock<eprosima::shared_mutex> guard(mtx_);

    //READ and PROCESS
    if (smh->submessageLength < RTPSMESSAGE_DATA_MIN_LENGTH)
    {
        EPROSIMA_LOG_INFO(RTPS_MSG_IN, IDSTRING ""Too short submessage received, ignoring"");
        return false;
    }
    //Fill flags bool values
    bool endiannessFlag = (smh->flags & BIT(0)) != 0;
    bool inlineQosFlag = (smh->flags & BIT(1)) != 0;
    bool dataFlag = (smh->flags & BIT(2)) != 0;
    bool keyFlag = (smh->flags & BIT(3)) != 0;
    if (keyFlag && dataFlag)
    {
        EPROSIMA_LOG_WARNING(RTPS_MSG_IN, IDSTRING ""Message received with Data and Key Flag set, ignoring"");
        return false;
    }

    //Assign message endianness
    if (endiannessFlag)
    {
        msg->msg_endian = LITTLEEND;
    }
    else
    {
        msg->msg_endian = BIGEND;
    }

    //Extra flags don't matter now. Avoid those bytes
    msg->pos += 2;

    bool valid = true;
    int16_t octetsToInlineQos = 0;
    valid &= CDRMessage::readInt16(msg, &octetsToInlineQos); //it should be 16 in this implementation

    //reader and writer ID
    RTPSReader* first_reader = nullptr;
    EntityId_t readerID;
    valid &= CDRMessage::readEntityId(msg, &readerID);

    //WE KNOW THE READER THAT THE MESSAGE IS DIRECTED TO SO WE LOOK FOR IT:
    if (!willAReaderAcceptMsgDirectedTo(readerID, first_reader))
    {
        return false;
    }

    //FOUND THE READER.
    //We ask the reader for a cachechange to store the information.
    CacheChange_t ch;
    ch.kind = ALIVE;
    ch.writerGUID.guidPrefix = source_guid_prefix_;
    valid &= CDRMessage::readEntityId(msg, &ch.writerGUID.entityId);

    writerID = ch.writerGUID.entityId;

    //Get sequence number
    valid &= CDRMessage::readSequenceNumber(msg, &ch.sequenceNumber);

    if (!valid)
    {
        return false;
    }

    if (ch.sequenceNumber <= SequenceNumber_t())
    {
        EPROSIMA_LOG_WARNING(RTPS_MSG_IN, IDSTRING ""Invalid message received, bad sequence Number"");
        return false;
    }

    //Jump ahead if more parameters are before inlineQos (not in this version, maybe if further minor versions.)
    if (octetsToInlineQos > RTPSMESSAGE_OCTETSTOINLINEQOS_DATASUBMSG)
    {
        msg->pos += (octetsToInlineQos - RTPSMESSAGE_OCTETSTOINLINEQOS_DATASUBMSG);
        if (msg->pos > msg->length)
        {
            EPROSIMA_LOG_WARNING(RTPS_MSG_IN,
                    IDSTRING ""Invalid jump through msg, msg->pos "" << msg->pos << "" > msg->length "" << msg->length);
            return false;
        }
    }

    uint32_t inlineQosSize = 0;

    if (inlineQosFlag)
    {
        if (!ParameterList::updateCacheChangeFromInlineQos(ch, msg, inlineQosSize))
        {
            EPROSIMA_LOG_INFO(RTPS_MSG_IN, IDSTRING ""SubMessage Data ERROR, Inline Qos ParameterList error"");
            return false;
        }
        ch.inline_qos.data = &msg->buffer[msg->pos - inlineQosSize];
        ch.inline_qos.max_size = inlineQosSize;
        ch.inline_qos.length = inlineQosSize;
        ch.inline_qos.encapsulation = endiannessFlag ? PL_CDR_LE : PL_CDR_BE;
        ch.inline_qos.pos = 0;
    }

    if (dataFlag || keyFlag)
    {
        uint32_t payload_size;
        payload_size = smh->submessageLength -
                (RTPSMESSAGE_DATA_EXTRA_INLINEQOS_SIZE + octetsToInlineQos + inlineQosSize);

        if (dataFlag)
        {
            uint32_t next_pos = msg->pos + payload_size;
            if (msg->length >= next_pos && payload_size > 0)
            {
                ch.serializedPayload.data = &msg->buffer[msg->pos];
                ch.serializedPayload.length = payload_size;
                ch.serializedPayload.max_size = payload_size;
                msg->pos = next_pos;
            }
            else
            {
                EPROSIMA_LOG_WARNING(RTPS_MSG_IN, IDSTRING ""Serialized Payload value invalid or larger than maximum allowed size""
                        ""("" << payload_size << ""/"" << (msg->length - msg->pos) << "")"");
                ch.serializedPayload.data = nullptr;
                ch.inline_qos.data = nullptr;
                return false;
            }
        }
        else if (keyFlag)
        {
            if (payload_size <= 0)
            {
                EPROSIMA_LOG_WARNING(RTPS_MSG_IN, IDSTRING ""Serialized Payload value invalid ("" << payload_size << "")"");
                ch.serializedPayload.data = nullptr;
                ch.inline_qos.data = nullptr;
                return false;
            }

            if (payload_size <= PARAMETER_KEY_HASH_LENGTH)
            {
                memcpy(ch.instanceHandle.value, &msg->buffer[msg->pos], payload_size);
            }
            else
            {
                EPROSIMA_LOG_WARNING(RTPS_MSG_IN, IDSTRING ""Ignoring Serialized Payload for too large key-only data ("" <<
                        payload_size << "")"");
            }
            msg->pos += payload_size;
        }
    }

    // Set sourcetimestamp
    if (have_timestamp_)
    {
        ch.sourceTimestamp = timestamp_;
    }

    EPROSIMA_LOG_INFO(RTPS_MSG_IN, IDSTRING ""from Writer "" << ch.writerGUID << ""; possible RTPSReader entities: "" <<
            associated_readers_.size());

    //Look for the correct reader to add the change
    process_data_message_function_(readerID, ch, was_decoded);

    IPayloadPool* payload_pool = ch.payload_owner();
    if (payload_pool)
    {
        payload_pool->release_payload(ch);
    }

    //TODO(Ricardo) If an exception is thrown (ex, by fastcdr), these lines are not executed -> segmentation fault
    ch.serializedPayload.data = nullptr;
    ch.inline_qos.data = nullptr;

    EPROSIMA_LOG_INFO(RTPS_MSG_IN, IDSTRING ""Sub Message DATA processed"");
    return true;
}
","bool MessageReceiver::proc_Submsg_Data(
        CDRMessage_t* msg,
        SubmessageHeader_t* smh,
        EntityId_t& writerID,
        bool was_decoded) const
{
    eprosima::shared_lock<eprosima::shared_mutex> guard(mtx_);

    //READ and PROCESS
    if (smh->submessageLength < RTPSMESSAGE_DATA_MIN_LENGTH)
    {
        EPROSIMA_LOG_INFO(RTPS_MSG_IN, IDSTRING ""Too short submessage received, ignoring"");
        return false;
    }
    //Fill flags bool values
    bool endiannessFlag = (smh->flags & BIT(0)) != 0;
    bool inlineQosFlag = (smh->flags & BIT(1)) != 0;
    bool dataFlag = (smh->flags & BIT(2)) != 0;
    bool keyFlag = (smh->flags & BIT(3)) != 0;
    if (keyFlag && dataFlag)
    {
        EPROSIMA_LOG_WARNING(RTPS_MSG_IN, IDSTRING ""Message received with Data and Key Flag set, ignoring"");
        return false;
    }

    //Assign message endianness
    if (endiannessFlag)
    {
        msg->msg_endian = LITTLEEND;
    }
    else
    {
        msg->msg_endian = BIGEND;
    }

    //Extra flags don't matter now. Avoid those bytes
    msg->pos += 2;

    bool valid = true;
    int16_t octetsToInlineQos = 0;
    valid &= CDRMessage::readInt16(msg, &octetsToInlineQos); //it should be 16 in this implementation

    //reader and writer ID
    RTPSReader* first_reader = nullptr;
    EntityId_t readerID;
    valid &= CDRMessage::readEntityId(msg, &readerID);

    //WE KNOW THE READER THAT THE MESSAGE IS DIRECTED TO SO WE LOOK FOR IT:
    if (!willAReaderAcceptMsgDirectedTo(readerID, first_reader))
    {
        return false;
    }

    //FOUND THE READER.
    //We ask the reader for a cachechange to store the information.
    CacheChange_t ch;
    ch.kind = ALIVE;
    ch.writerGUID.guidPrefix = source_guid_prefix_;
    valid &= CDRMessage::readEntityId(msg, &ch.writerGUID.entityId);

    writerID = ch.writerGUID.entityId;

    //Get sequence number
    valid &= CDRMessage::readSequenceNumber(msg, &ch.sequenceNumber);

    if (!valid)
    {
        return false;
    }

    if (ch.sequenceNumber <= SequenceNumber_t())
    {
        EPROSIMA_LOG_WARNING(RTPS_MSG_IN, IDSTRING ""Invalid message received, bad sequence Number"");
        return false;
    }

    //Jump ahead if more parameters are before inlineQos (not in this version, maybe if further minor versions.)
    if (octetsToInlineQos > RTPSMESSAGE_OCTETSTOINLINEQOS_DATASUBMSG)
    {
        msg->pos += (octetsToInlineQos - RTPSMESSAGE_OCTETSTOINLINEQOS_DATASUBMSG);
        if (msg->pos > msg->length)
        {
            EPROSIMA_LOG_WARNING(RTPS_MSG_IN,
                    IDSTRING ""Invalid jump through msg, msg->pos "" << msg->pos << "" > msg->length "" << msg->length);
            return false;
        }
    }

    uint32_t inlineQosSize = 0;

    if (inlineQosFlag)
    {
        if (!ParameterList::updateCacheChangeFromInlineQos(ch, msg, inlineQosSize))
        {
            EPROSIMA_LOG_INFO(RTPS_MSG_IN, IDSTRING ""SubMessage Data ERROR, Inline Qos ParameterList error"");
            return false;
        }
        ch.inline_qos.data = &msg->buffer[msg->pos - inlineQosSize];
        ch.inline_qos.max_size = inlineQosSize;
        ch.inline_qos.length = inlineQosSize;
        ch.inline_qos.encapsulation = endiannessFlag ? PL_CDR_LE : PL_CDR_BE;
        ch.inline_qos.pos = 0;
    }

    if (dataFlag || keyFlag)
    {
        uint32_t payload_size;
        const uint32_t submsg_no_payload_size =
                RTPSMESSAGE_DATA_EXTRA_INLINEQOS_SIZE + octetsToInlineQos + inlineQosSize;

        // Prevent integer overflow of variable payload_size
        if (smh->submessageLength < submsg_no_payload_size)
        {
            EPROSIMA_LOG_WARNING(RTPS_MSG_IN, IDSTRING ""Serialized Payload avoided overflow ""
                    ""("" << smh->submessageLength << ""/"" << submsg_no_payload_size << "")"");
            ch.serializedPayload.data = nullptr;
            ch.inline_qos.data = nullptr;
            return false;
        }

        payload_size = smh->submessageLength - submsg_no_payload_size;

        if (dataFlag)
        {
            uint32_t next_pos = msg->pos + payload_size;
            if (msg->length >= next_pos && payload_size > 0)
            {
                ch.serializedPayload.data = &msg->buffer[msg->pos];
                ch.serializedPayload.length = payload_size;
                ch.serializedPayload.max_size = payload_size;
                msg->pos = next_pos;
            }
            else
            {
                EPROSIMA_LOG_WARNING(RTPS_MSG_IN, IDSTRING ""Serialized Payload value invalid or larger than maximum allowed size""
                        ""("" << payload_size << ""/"" << (msg->length - msg->pos) << "")"");
                ch.serializedPayload.data = nullptr;
                ch.inline_qos.data = nullptr;
                return false;
            }
        }
        else if (keyFlag)
        {
            if (payload_size <= 0)
            {
                EPROSIMA_LOG_WARNING(RTPS_MSG_IN, IDSTRING ""Serialized Payload value invalid ("" << payload_size << "")"");
                ch.serializedPayload.data = nullptr;
                ch.inline_qos.data = nullptr;
                return false;
            }

            if (payload_size <= PARAMETER_KEY_HASH_LENGTH)
            {
                memcpy(ch.instanceHandle.value, &msg->buffer[msg->pos], payload_size);
            }
            else
            {
                EPROSIMA_LOG_WARNING(RTPS_MSG_IN, IDSTRING ""Ignoring Serialized Payload for too large key-only data ("" <<
                        payload_size << "")"");
            }
            msg->pos += payload_size;
        }
    }

    // Set sourcetimestamp
    if (have_timestamp_)
    {
        ch.sourceTimestamp = timestamp_;
    }

    EPROSIMA_LOG_INFO(RTPS_MSG_IN, IDSTRING ""from Writer "" << ch.writerGUID << ""; possible RTPSReader entities: "" <<
            associated_readers_.size());

    //Look for the correct reader to add the change
    process_data_message_function_(readerID, ch, was_decoded);

    IPayloadPool* payload_pool = ch.payload_owner();
    if (payload_pool)
    {
        payload_pool->release_payload(ch);
    }

    //TODO(Ricardo) If an exception is thrown (ex, by fastcdr), these lines are not executed -> segmentation fault
    ch.serializedPayload.data = nullptr;
    ch.inline_qos.data = nullptr;

    EPROSIMA_LOG_INFO(RTPS_MSG_IN, IDSTRING ""Sub Message DATA processed"");
    return true;
}
",CWE-190,CVE-2024-28231
"hv_uio_cleanup(struct hv_device *dev, struct hv_uio_private_data *pdata)
{
	if (pdata->send_gpadl.gpadl_handle) {
		vmbus_teardown_gpadl(dev->channel, &pdata->send_gpadl);
		vfree(pdata->send_buf);
	}

	if (pdata->recv_gpadl.gpadl_handle) {
		vmbus_teardown_gpadl(dev->channel, &pdata->recv_gpadl);
		vfree(pdata->recv_buf);
	}
}
","static void
hv_uio_cleanup(struct hv_device *dev, struct hv_uio_private_data *pdata)
{
	if (pdata->send_gpadl.gpadl_handle) {
		vmbus_teardown_gpadl(dev->channel, &pdata->send_gpadl);
		if (!pdata->send_gpadl.decrypted)
			vfree(pdata->send_buf);
	}

	if (pdata->recv_gpadl.gpadl_handle) {
		vmbus_teardown_gpadl(dev->channel, &pdata->recv_gpadl);
		if (!pdata->recv_gpadl.decrypted)
			vfree(pdata->recv_buf);
	}
}
",CWE-401,CVE-2024-36910
"static int nl80211_set_coalesce(struct sk_buff *skb, struct genl_info *info)
{
	struct cfg80211_registered_device *rdev = info->user_ptr[0];
	const struct wiphy_coalesce_support *coalesce = rdev->wiphy.coalesce;
	struct cfg80211_coalesce new_coalesce = {};
	struct cfg80211_coalesce *n_coalesce;
	int err, rem_rule, n_rules = 0, i, j;
	struct nlattr *rule;
	struct cfg80211_coalesce_rules *tmp_rule;

	if (!rdev->wiphy.coalesce || !rdev->ops->set_coalesce)
		return -EOPNOTSUPP;

	if (!info->attrs[NL80211_ATTR_COALESCE_RULE]) {
		cfg80211_rdev_free_coalesce(rdev);
		rdev_set_coalesce(rdev, NULL);
		return 0;
	}

	nla_for_each_nested(rule, info->attrs[NL80211_ATTR_COALESCE_RULE],
			    rem_rule)
		n_rules++;
	if (n_rules > coalesce->n_rules)
		return -EINVAL;

	new_coalesce.rules = kcalloc(n_rules, sizeof(new_coalesce.rules[0]),
				     GFP_KERNEL);
	if (!new_coalesce.rules)
		return -ENOMEM;

	new_coalesce.n_rules = n_rules;
	i = 0;

	nla_for_each_nested(rule, info->attrs[NL80211_ATTR_COALESCE_RULE],
			    rem_rule) {
		err = nl80211_parse_coalesce_rule(rdev, rule,
						  &new_coalesce.rules[i]);
		if (err)
			goto error;

		i++;
	}

	err = rdev_set_coalesce(rdev, &new_coalesce);
	if (err)
		goto error;

	n_coalesce = kmemdup(&new_coalesce, sizeof(new_coalesce), GFP_KERNEL);
	if (!n_coalesce) {
		err = -ENOMEM;
		goto error;
	}
	cfg80211_rdev_free_coalesce(rdev);
	rdev->coalesce = n_coalesce;

	return 0;
error:
	for (i = 0; i < new_coalesce.n_rules; i++) {
		tmp_rule = &new_coalesce.rules[i];
		for (j = 0; j < tmp_rule->n_patterns; j++)
			kfree(tmp_rule->patterns[j].mask);
		kfree(tmp_rule->patterns);
	}
	kfree(new_coalesce.rules);

	return err;
}
","static int nl80211_set_coalesce(struct sk_buff *skb, struct genl_info *info)
{
	struct cfg80211_registered_device *rdev = info->user_ptr[0];
	const struct wiphy_coalesce_support *coalesce = rdev->wiphy.coalesce;
	struct cfg80211_coalesce new_coalesce = {};
	struct cfg80211_coalesce *n_coalesce;
	int err, rem_rule, n_rules = 0, i, j;
	struct nlattr *rule;
	struct cfg80211_coalesce_rules *tmp_rule;

	if (!rdev->wiphy.coalesce || !rdev->ops->set_coalesce)
		return -EOPNOTSUPP;

	if (!info->attrs[NL80211_ATTR_COALESCE_RULE]) {
		cfg80211_rdev_free_coalesce(rdev);
		rdev_set_coalesce(rdev, NULL);
		return 0;
	}

	nla_for_each_nested(rule, info->attrs[NL80211_ATTR_COALESCE_RULE],
			    rem_rule)
		n_rules++;
	if (n_rules > coalesce->n_rules)
		return -EINVAL;

	new_coalesce.rules = kcalloc(n_rules, sizeof(new_coalesce.rules[0]),
				     GFP_KERNEL);
	if (!new_coalesce.rules)
		return -ENOMEM;

	new_coalesce.n_rules = n_rules;
	i = 0;

	nla_for_each_nested(rule, info->attrs[NL80211_ATTR_COALESCE_RULE],
			    rem_rule) {
		err = nl80211_parse_coalesce_rule(rdev, rule,
						  &new_coalesce.rules[i]);
		if (err)
			goto error;

		i++;
	}

	err = rdev_set_coalesce(rdev, &new_coalesce);
	if (err)
		goto error;

	n_coalesce = kmemdup(&new_coalesce, sizeof(new_coalesce), GFP_KERNEL);
	if (!n_coalesce) {
		err = -ENOMEM;
		goto error;
	}
	cfg80211_rdev_free_coalesce(rdev);
	rdev->coalesce = n_coalesce;

	return 0;
error:
	for (i = 0; i < new_coalesce.n_rules; i++) {
		tmp_rule = &new_coalesce.rules[i];
		if (!tmp_rule)
			continue;
		for (j = 0; j < tmp_rule->n_patterns; j++)
			kfree(tmp_rule->patterns[j].mask);
		kfree(tmp_rule->patterns);
	}
	kfree(new_coalesce.rules);

	return err;
}
",CWE-476,CVE-2024-36941
"void page_cache_ra_order(struct readahead_control *ractl,
		struct file_ra_state *ra, unsigned int new_order)
{
	struct address_space *mapping = ractl->mapping;
	pgoff_t index = readahead_index(ractl);
	pgoff_t limit = (i_size_read(mapping->host) - 1) >> PAGE_SHIFT;
	pgoff_t mark = index + ra->size - ra->async_size;
	int err = 0;
	gfp_t gfp = readahead_gfp_mask(mapping);

	if (!mapping_large_folio_support(mapping) || ra->size < 4)
		goto fallback;

	limit = min(limit, index + ra->size - 1);

	if (new_order < MAX_PAGECACHE_ORDER) {
		new_order += 2;
		new_order = min_t(unsigned int, MAX_PAGECACHE_ORDER, new_order);
		new_order = min_t(unsigned int, new_order, ilog2(ra->size));
	}

	filemap_invalidate_lock_shared(mapping);
	while (index <= limit) {
		unsigned int order = new_order;

		/* Align with smaller pages if needed */
		if (index & ((1UL << order) - 1))
			order = __ffs(index);
		/* Don't allocate pages past EOF */
		while (index + (1UL << order) - 1 > limit)
			order--;
		err = ra_alloc_folio(ractl, index, mark, order, gfp);
		if (err)
			break;
		index += 1UL << order;
	}

	if (index > limit) {
		ra->size += index - limit - 1;
		ra->async_size += index - limit - 1;
	}

	read_pages(ractl);
	filemap_invalidate_unlock_shared(mapping);

	/*
	 * If there were already pages in the page cache, then we may have
	 * left some gaps.  Let the regular readahead code take care of this
	 * situation.
	 */
	if (!err)
		return;
fallback:
	do_page_cache_ra(ractl, ra->size, ra->async_size);
}
","void page_cache_ra_order(struct readahead_control *ractl,
		struct file_ra_state *ra, unsigned int new_order)
{
	struct address_space *mapping = ractl->mapping;
	pgoff_t index = readahead_index(ractl);
	pgoff_t limit = (i_size_read(mapping->host) - 1) >> PAGE_SHIFT;
	pgoff_t mark = index + ra->size - ra->async_size;
	unsigned int nofs;
	int err = 0;
	gfp_t gfp = readahead_gfp_mask(mapping);

	if (!mapping_large_folio_support(mapping) || ra->size < 4)
		goto fallback;

	limit = min(limit, index + ra->size - 1);

	if (new_order < MAX_PAGECACHE_ORDER) {
		new_order += 2;
		new_order = min_t(unsigned int, MAX_PAGECACHE_ORDER, new_order);
		new_order = min_t(unsigned int, new_order, ilog2(ra->size));
	}

	/* See comment in page_cache_ra_unbounded() */
	nofs = memalloc_nofs_save();
	filemap_invalidate_lock_shared(mapping);
	while (index <= limit) {
		unsigned int order = new_order;

		/* Align with smaller pages if needed */
		if (index & ((1UL << order) - 1))
			order = __ffs(index);
		/* Don't allocate pages past EOF */
		while (index + (1UL << order) - 1 > limit)
			order--;
		err = ra_alloc_folio(ractl, index, mark, order, gfp);
		if (err)
			break;
		index += 1UL << order;
	}

	if (index > limit) {
		ra->size += index - limit - 1;
		ra->async_size += index - limit - 1;
	}

	read_pages(ractl);
	filemap_invalidate_unlock_shared(mapping);
	memalloc_nofs_restore(nofs);

	/*
	 * If there were already pages in the page cache, then we may have
	 * left some gaps.  Let the regular readahead code take care of this
	 * situation.
	 */
	if (!err)
		return;
fallback:
	do_page_cache_ra(ractl, ra->size, ra->async_size);
}
",CWE-457,CVE-2024-36882
"static int xe_migrate_prepare_vm(struct xe_tile *tile, struct xe_migrate *m,
				 struct xe_vm *vm)
{
	struct xe_device *xe = tile_to_xe(tile);
	u16 pat_index = xe->pat.idx[XE_CACHE_WB];
	u8 id = tile->id;
	u32 num_entries = NUM_PT_SLOTS, num_level = vm->pt_root[id]->level;
	u32 map_ofs, level, i;
	struct xe_bo *bo, *batch = tile->mem.kernel_bb_pool->bo;
	u64 entry;

	/* Can't bump NUM_PT_SLOTS too high */
	BUILD_BUG_ON(NUM_PT_SLOTS > SZ_2M/XE_PAGE_SIZE);
	/* Must be a multiple of 64K to support all platforms */
	BUILD_BUG_ON(NUM_PT_SLOTS * XE_PAGE_SIZE % SZ_64K);
	/* And one slot reserved for the 4KiB page table updates */
	BUILD_BUG_ON(!(NUM_KERNEL_PDE & 1));

	/* Need to be sure everything fits in the first PT, or create more */
	xe_tile_assert(tile, m->batch_base_ofs + batch->size < SZ_2M);

	bo = xe_bo_create_pin_map(vm->xe, tile, vm,
				  num_entries * XE_PAGE_SIZE,
				  ttm_bo_type_kernel,
				  XE_BO_CREATE_VRAM_IF_DGFX(tile) |
				  XE_BO_CREATE_PINNED_BIT);
	if (IS_ERR(bo))
		return PTR_ERR(bo);

	entry = vm->pt_ops->pde_encode_bo(bo, bo->size - XE_PAGE_SIZE, pat_index);
	xe_pt_write(xe, &vm->pt_root[id]->bo->vmap, 0, entry);

	map_ofs = (num_entries - num_level) * XE_PAGE_SIZE;

	/* Map the entire BO in our level 0 pt */
	for (i = 0, level = 0; i < num_entries; level++) {
		entry = vm->pt_ops->pte_encode_bo(bo, i * XE_PAGE_SIZE,
						  pat_index, 0);

		xe_map_wr(xe, &bo->vmap, map_ofs + level * 8, u64, entry);

		if (vm->flags & XE_VM_FLAG_64K)
			i += 16;
		else
			i += 1;
	}

	if (!IS_DGFX(xe)) {
		/* Write out batch too */
		m->batch_base_ofs = NUM_PT_SLOTS * XE_PAGE_SIZE;
		for (i = 0; i < batch->size;
		     i += vm->flags & XE_VM_FLAG_64K ? XE_64K_PAGE_SIZE :
		     XE_PAGE_SIZE) {
			entry = vm->pt_ops->pte_encode_bo(batch, i,
							  pat_index, 0);

			xe_map_wr(xe, &bo->vmap, map_ofs + level * 8, u64,
				  entry);
			level++;
		}
		if (xe->info.has_usm) {
			xe_tile_assert(tile, batch->size == SZ_1M);

			batch = tile->primary_gt->usm.bb_pool->bo;
			m->usm_batch_base_ofs = m->batch_base_ofs + SZ_1M;
			xe_tile_assert(tile, batch->size == SZ_512K);

			for (i = 0; i < batch->size;
			     i += vm->flags & XE_VM_FLAG_64K ? XE_64K_PAGE_SIZE :
			     XE_PAGE_SIZE) {
				entry = vm->pt_ops->pte_encode_bo(batch, i,
								  pat_index, 0);

				xe_map_wr(xe, &bo->vmap, map_ofs + level * 8, u64,
					  entry);
				level++;
			}
		}
	} else {
		u64 batch_addr = xe_bo_addr(batch, 0, XE_PAGE_SIZE);

		m->batch_base_ofs = xe_migrate_vram_ofs(xe, batch_addr);

		if (xe->info.has_usm) {
			batch = tile->primary_gt->usm.bb_pool->bo;
			batch_addr = xe_bo_addr(batch, 0, XE_PAGE_SIZE);
			m->usm_batch_base_ofs = xe_migrate_vram_ofs(xe, batch_addr);
		}
	}

	for (level = 1; level < num_level; level++) {
		u32 flags = 0;

		if (vm->flags & XE_VM_FLAG_64K && level == 1)
			flags = XE_PDE_64K;

		entry = vm->pt_ops->pde_encode_bo(bo, map_ofs + (level - 1) *
						  XE_PAGE_SIZE, pat_index);
		xe_map_wr(xe, &bo->vmap, map_ofs + XE_PAGE_SIZE * level, u64,
			  entry | flags);
	}

	/* Write PDE's that point to our BO. */
	for (i = 0; i < num_entries - num_level; i++) {
		entry = vm->pt_ops->pde_encode_bo(bo, i * XE_PAGE_SIZE,
						  pat_index);

		xe_map_wr(xe, &bo->vmap, map_ofs + XE_PAGE_SIZE +
			  (i + 1) * 8, u64, entry);
	}

	/* Set up a 1GiB NULL mapping at 255GiB offset. */
	level = 2;
	xe_map_wr(xe, &bo->vmap, map_ofs + XE_PAGE_SIZE * level + 255 * 8, u64,
		  vm->pt_ops->pte_encode_addr(xe, 0, pat_index, level, IS_DGFX(xe), 0)
		  | XE_PTE_NULL);
	m->cleared_mem_ofs = (255ULL << xe_pt_shift(level));

	/* Identity map the entire vram at 256GiB offset */
	if (IS_DGFX(xe)) {
		u64 pos, ofs, flags;

		level = 2;
		ofs = map_ofs + XE_PAGE_SIZE * level + 256 * 8;
		flags = vm->pt_ops->pte_encode_addr(xe, 0, pat_index, level,
						    true, 0);

		/*
		 * Use 1GB pages, it shouldn't matter the physical amount of
		 * vram is less, when we don't access it.
		 */
		for (pos = xe->mem.vram.dpa_base;
		     pos < xe->mem.vram.actual_physical_size + xe->mem.vram.dpa_base;
		     pos += SZ_1G, ofs += 8)
			xe_map_wr(xe, &bo->vmap, ofs, u64, pos | flags);
	}

	/*
	 * Example layout created above, with root level = 3:
	 * [PT0...PT7]: kernel PT's for copy/clear; 64 or 4KiB PTE's
	 * [PT8]: Kernel PT for VM_BIND, 4 KiB PTE's
	 * [PT9...PT28]: Userspace PT's for VM_BIND, 4 KiB PTE's
	 * [PT29 = PDE 0] [PT30 = PDE 1] [PT31 = PDE 2]
	 *
	 * This makes the lowest part of the VM point to the pagetables.
	 * Hence the lowest 2M in the vm should point to itself, with a few writes
	 * and flushes, other parts of the VM can be used either for copying and
	 * clearing.
	 *
	 * For performance, the kernel reserves PDE's, so about 20 are left
	 * for async VM updates.
	 *
	 * To make it easier to work, each scratch PT is put in slot (1 + PT #)
	 * everywhere, this allows lockless updates to scratch pages by using
	 * the different addresses in VM.
	 */
#define NUM_VMUSA_UNIT_PER_PAGE	32
#define VM_SA_UPDATE_UNIT_SIZE		(XE_PAGE_SIZE / NUM_VMUSA_UNIT_PER_PAGE)
#define NUM_VMUSA_WRITES_PER_UNIT	(VM_SA_UPDATE_UNIT_SIZE / sizeof(u64))
	drm_suballoc_manager_init(&m->vm_update_sa,
				  (map_ofs / XE_PAGE_SIZE - NUM_KERNEL_PDE) *
				  NUM_VMUSA_UNIT_PER_PAGE, 0);

	m->pt_bo = bo;
	return 0;
}
","static int xe_migrate_prepare_vm(struct xe_tile *tile, struct xe_migrate *m,
				 struct xe_vm *vm)
{
	struct xe_device *xe = tile_to_xe(tile);
	u16 pat_index = xe->pat.idx[XE_CACHE_WB];
	u8 id = tile->id;
	u32 num_entries = NUM_PT_SLOTS, num_level = vm->pt_root[id]->level;
	u32 map_ofs, level, i;
	struct xe_bo *bo, *batch = tile->mem.kernel_bb_pool->bo;
	u64 entry;

	/* Can't bump NUM_PT_SLOTS too high */
	BUILD_BUG_ON(NUM_PT_SLOTS > SZ_2M/XE_PAGE_SIZE);
	/* Must be a multiple of 64K to support all platforms */
	BUILD_BUG_ON(NUM_PT_SLOTS * XE_PAGE_SIZE % SZ_64K);
	/* And one slot reserved for the 4KiB page table updates */
	BUILD_BUG_ON(!(NUM_KERNEL_PDE & 1));

	/* Need to be sure everything fits in the first PT, or create more */
	xe_tile_assert(tile, m->batch_base_ofs + batch->size < SZ_2M);

	bo = xe_bo_create_pin_map(vm->xe, tile, vm,
				  num_entries * XE_PAGE_SIZE,
				  ttm_bo_type_kernel,
				  XE_BO_CREATE_VRAM_IF_DGFX(tile) |
				  XE_BO_CREATE_PINNED_BIT);
	if (IS_ERR(bo))
		return PTR_ERR(bo);

	entry = vm->pt_ops->pde_encode_bo(bo, bo->size - XE_PAGE_SIZE, pat_index);
	xe_pt_write(xe, &vm->pt_root[id]->bo->vmap, 0, entry);

	map_ofs = (num_entries - num_level) * XE_PAGE_SIZE;

	/* Map the entire BO in our level 0 pt */
	for (i = 0, level = 0; i < num_entries; level++) {
		entry = vm->pt_ops->pte_encode_bo(bo, i * XE_PAGE_SIZE,
						  pat_index, 0);

		xe_map_wr(xe, &bo->vmap, map_ofs + level * 8, u64, entry);

		if (vm->flags & XE_VM_FLAG_64K)
			i += 16;
		else
			i += 1;
	}

	if (!IS_DGFX(xe)) {
		/* Write out batch too */
		m->batch_base_ofs = NUM_PT_SLOTS * XE_PAGE_SIZE;
		for (i = 0; i < batch->size;
		     i += vm->flags & XE_VM_FLAG_64K ? XE_64K_PAGE_SIZE :
		     XE_PAGE_SIZE) {
			entry = vm->pt_ops->pte_encode_bo(batch, i,
							  pat_index, 0);

			xe_map_wr(xe, &bo->vmap, map_ofs + level * 8, u64,
				  entry);
			level++;
		}
		if (xe->info.has_usm) {
			xe_tile_assert(tile, batch->size == SZ_1M);

			batch = tile->primary_gt->usm.bb_pool->bo;
			m->usm_batch_base_ofs = m->batch_base_ofs + SZ_1M;
			xe_tile_assert(tile, batch->size == SZ_512K);

			for (i = 0; i < batch->size;
			     i += vm->flags & XE_VM_FLAG_64K ? XE_64K_PAGE_SIZE :
			     XE_PAGE_SIZE) {
				entry = vm->pt_ops->pte_encode_bo(batch, i,
								  pat_index, 0);

				xe_map_wr(xe, &bo->vmap, map_ofs + level * 8, u64,
					  entry);
				level++;
			}
		}
	} else {
		u64 batch_addr = xe_bo_addr(batch, 0, XE_PAGE_SIZE);

		m->batch_base_ofs = xe_migrate_vram_ofs(xe, batch_addr);

		if (xe->info.has_usm) {
			batch = tile->primary_gt->usm.bb_pool->bo;
			batch_addr = xe_bo_addr(batch, 0, XE_PAGE_SIZE);
			m->usm_batch_base_ofs = xe_migrate_vram_ofs(xe, batch_addr);
		}
	}

	for (level = 1; level < num_level; level++) {
		u32 flags = 0;

		if (vm->flags & XE_VM_FLAG_64K && level == 1)
			flags = XE_PDE_64K;

		entry = vm->pt_ops->pde_encode_bo(bo, map_ofs + (u64)(level - 1) *
						  XE_PAGE_SIZE, pat_index);
		xe_map_wr(xe, &bo->vmap, map_ofs + XE_PAGE_SIZE * level, u64,
			  entry | flags);
	}

	/* Write PDE's that point to our BO. */
	for (i = 0; i < num_entries - num_level; i++) {
		entry = vm->pt_ops->pde_encode_bo(bo, (u64)i * XE_PAGE_SIZE,
						  pat_index);

		xe_map_wr(xe, &bo->vmap, map_ofs + XE_PAGE_SIZE +
			  (i + 1) * 8, u64, entry);
	}

	/* Set up a 1GiB NULL mapping at 255GiB offset. */
	level = 2;
	xe_map_wr(xe, &bo->vmap, map_ofs + XE_PAGE_SIZE * level + 255 * 8, u64,
		  vm->pt_ops->pte_encode_addr(xe, 0, pat_index, level, IS_DGFX(xe), 0)
		  | XE_PTE_NULL);
	m->cleared_mem_ofs = (255ULL << xe_pt_shift(level));

	/* Identity map the entire vram at 256GiB offset */
	if (IS_DGFX(xe)) {
		u64 pos, ofs, flags;

		level = 2;
		ofs = map_ofs + XE_PAGE_SIZE * level + 256 * 8;
		flags = vm->pt_ops->pte_encode_addr(xe, 0, pat_index, level,
						    true, 0);

		/*
		 * Use 1GB pages, it shouldn't matter the physical amount of
		 * vram is less, when we don't access it.
		 */
		for (pos = xe->mem.vram.dpa_base;
		     pos < xe->mem.vram.actual_physical_size + xe->mem.vram.dpa_base;
		     pos += SZ_1G, ofs += 8)
			xe_map_wr(xe, &bo->vmap, ofs, u64, pos | flags);
	}

	/*
	 * Example layout created above, with root level = 3:
	 * [PT0...PT7]: kernel PT's for copy/clear; 64 or 4KiB PTE's
	 * [PT8]: Kernel PT for VM_BIND, 4 KiB PTE's
	 * [PT9...PT28]: Userspace PT's for VM_BIND, 4 KiB PTE's
	 * [PT29 = PDE 0] [PT30 = PDE 1] [PT31 = PDE 2]
	 *
	 * This makes the lowest part of the VM point to the pagetables.
	 * Hence the lowest 2M in the vm should point to itself, with a few writes
	 * and flushes, other parts of the VM can be used either for copying and
	 * clearing.
	 *
	 * For performance, the kernel reserves PDE's, so about 20 are left
	 * for async VM updates.
	 *
	 * To make it easier to work, each scratch PT is put in slot (1 + PT #)
	 * everywhere, this allows lockless updates to scratch pages by using
	 * the different addresses in VM.
	 */
#define NUM_VMUSA_UNIT_PER_PAGE	32
#define VM_SA_UPDATE_UNIT_SIZE		(XE_PAGE_SIZE / NUM_VMUSA_UNIT_PER_PAGE)
#define NUM_VMUSA_WRITES_PER_UNIT	(VM_SA_UPDATE_UNIT_SIZE / sizeof(u64))
	drm_suballoc_manager_init(&m->vm_update_sa,
				  (size_t)(map_ofs / XE_PAGE_SIZE - NUM_KERNEL_PDE) *
				  NUM_VMUSA_UNIT_PER_PAGE, 0);

	m->pt_bo = bo;
	return 0;
}
",CWE-190,CVE-2024-36948
"static void copy_or_link_directory(struct strbuf *src, struct strbuf *dest,
				   const char *src_repo)
{
	int src_len, dest_len;
	struct dir_iterator *iter;
	int iter_status;
	struct strbuf realpath = STRBUF_INIT;

	mkdir_if_missing(dest->buf, 0777);

	iter = dir_iterator_begin(src->buf, DIR_ITERATOR_PEDANTIC);

	if (!iter)
		die_errno(_(""failed to start iterator over '%s'""), src->buf);

	strbuf_addch(src, '/');
	src_len = src->len;
	strbuf_addch(dest, '/');
	dest_len = dest->len;

	while ((iter_status = dir_iterator_advance(iter)) == ITER_OK) {
		strbuf_setlen(src, src_len);
		strbuf_addstr(src, iter->relative_path);
		strbuf_setlen(dest, dest_len);
		strbuf_addstr(dest, iter->relative_path);

		if (S_ISLNK(iter->st.st_mode))
			die(_(""symlink '%s' exists, refusing to clone with --local""),
			    iter->relative_path);

		if (S_ISDIR(iter->st.st_mode)) {
			mkdir_if_missing(dest->buf, 0777);
			continue;
		}

		/* Files that cannot be copied bit-for-bit... */
		if (!fspathcmp(iter->relative_path, ""info/alternates"")) {
			copy_alternates(src, src_repo);
			continue;
		}

		if (unlink(dest->buf) && errno != ENOENT)
			die_errno(_(""failed to unlink '%s'""), dest->buf);
		if (!option_no_hardlinks) {
			strbuf_realpath(&realpath, src->buf, 1);
			if (!link(realpath.buf, dest->buf))
				continue;
			if (option_local > 0)
				die_errno(_(""failed to create link '%s'""), dest->buf);
			option_no_hardlinks = 1;
		}
		if (copy_file_with_time(dest->buf, src->buf, 0666))
			die_errno(_(""failed to copy file to '%s'""), dest->buf);
	}

	if (iter_status != ITER_DONE) {
		strbuf_setlen(src, src_len);
		die(_(""failed to iterate over '%s'""), src->buf);
	}

	strbuf_release(&realpath);
}
","static void copy_or_link_directory(struct strbuf *src, struct strbuf *dest,
				   const char *src_repo)
{
	int src_len, dest_len;
	struct dir_iterator *iter;
	int iter_status;

	/*
	 * Refuse copying directories by default which aren't owned by us. The
	 * code that performs either the copying or hardlinking is not prepared
	 * to handle various edge cases where an adversary may for example
	 * racily swap out files for symlinks. This can cause us to
	 * inadvertently use the wrong source file.
	 *
	 * Furthermore, even if we were prepared to handle such races safely,
	 * creating hardlinks across user boundaries is an inherently unsafe
	 * operation as the hardlinked files can be rewritten at will by the
	 * potentially-untrusted user. We thus refuse to do so by default.
	 */
	die_upon_dubious_ownership(NULL, NULL, src_repo);

	mkdir_if_missing(dest->buf, 0777);

	iter = dir_iterator_begin(src->buf, DIR_ITERATOR_PEDANTIC);

	if (!iter)
		die_errno(_(""failed to start iterator over '%s'""), src->buf);

	strbuf_addch(src, '/');
	src_len = src->len;
	strbuf_addch(dest, '/');
	dest_len = dest->len;

	while ((iter_status = dir_iterator_advance(iter)) == ITER_OK) {
		strbuf_setlen(src, src_len);
		strbuf_addstr(src, iter->relative_path);
		strbuf_setlen(dest, dest_len);
		strbuf_addstr(dest, iter->relative_path);

		if (S_ISLNK(iter->st.st_mode))
			die(_(""symlink '%s' exists, refusing to clone with --local""),
			    iter->relative_path);

		if (S_ISDIR(iter->st.st_mode)) {
			mkdir_if_missing(dest->buf, 0777);
			continue;
		}

		/* Files that cannot be copied bit-for-bit... */
		if (!fspathcmp(iter->relative_path, ""info/alternates"")) {
			copy_alternates(src, src_repo);
			continue;
		}

		if (unlink(dest->buf) && errno != ENOENT)
			die_errno(_(""failed to unlink '%s'""), dest->buf);
		if (!option_no_hardlinks) {
			if (!link(src->buf, dest->buf)) {
				struct stat st;

				/*
				 * Sanity-check whether the created hardlink
				 * actually links to the expected file now. This
				 * catches time-of-check-time-of-use bugs in
				 * case the source file was meanwhile swapped.
				 */
				if (lstat(dest->buf, &st))
					die(_(""hardlink cannot be checked at '%s'""), dest->buf);
				if (st.st_mode != iter->st.st_mode ||
				    st.st_ino != iter->st.st_ino ||
				    st.st_dev != iter->st.st_dev ||
				    st.st_size != iter->st.st_size ||
				    st.st_uid != iter->st.st_uid ||
				    st.st_gid != iter->st.st_gid)
					die(_(""hardlink different from source at '%s'""), dest->buf);

				continue;
			}
			if (option_local > 0)
				die_errno(_(""failed to create link '%s'""), dest->buf);
			option_no_hardlinks = 1;
		}
		if (copy_file_with_time(dest->buf, src->buf, 0666))
			die_errno(_(""failed to copy file to '%s'""), dest->buf);
	}

	if (iter_status != ITER_DONE) {
		strbuf_setlen(src, src_len);
		die(_(""failed to iterate over '%s'""), src->buf);
	}
}
",CWE-787,CVE-2024-32020
"OFCondition DcmElement::loadValue(DcmInputStream *inStream)
{
    /* initialize return value */
    errorFlag = EC_Normal;
    /* only if the length of this element does not equal 0, read information */
    if (getLengthField() != 0)
    {
        DcmInputStream *readStream = inStream;
        OFBool isStreamNew = OFFalse;

        // if the NULL pointer was passed (i.e. we're not in the middle of
        // a read() cycle, and fValue is NULL (i.e. the attribute value still
        // remains in file and fLoadValue is not NULL (i.e. we know how to
        // load the value from that file, then let's do it..
        if (!readStream && fLoadValue && !fValue)
        {
            /* we need to read information from the stream which is */
            /* accessible through fLoadValue. Hence, reassign readStream */
            readStream = fLoadValue->create();

            isStreamNew = OFTrue;

            /* reset number of transferred bytes to zero */
            setTransferredBytes(0);
        }
        /* if we have a stream from which we can read */
        if (readStream)
        {
            /* check if the stream reported an error */
            errorFlag = readStream->status();
            /* if we encountered the end of the stream, set the error flag correspondingly */
            if (errorFlag.good() && readStream->eos())
                errorFlag = EC_EndOfStream;
            /* if we did not encounter the end of the stream and no error occurred so far, go ahead */
            else if (errorFlag.good())
            {
                /* if the object which holds this element's value does not yet exist, create it */
                if (!fValue)
                    fValue = newValueField(); /* also set errorFlag in case of error */

                /* if object could be created  (i.e. we have an object which can be used to capture this element's */
                /* value) we need to read a certain amount of bytes from the stream */
                if (fValue)
                {
                    /* determine how many bytes shall be read from the stream */
                    const Uint32 readLength = getLengthField() - getTransferredBytes();

                    /* read a corresponding amount of bytes from the stream, store the information in fValue */
                    /* increase the counter that counts how many bytes were actually read */
                    incTransferredBytes(OFstatic_cast(Uint32, readStream->read(&fValue[getTransferredBytes()], readLength)));

                    /* if we have read all the bytes which make up this element's value */
                    if (getLengthField() == getTransferredBytes())
                    {
                        /* call a function which performs certain operations on the information which was read */
                        postLoadValue();
                        errorFlag = EC_Normal;
                    }
                    /* else set the return value correspondingly */
                    else if (readStream->eos())
                    {
                        errorFlag = EC_InvalidStream; // premature end of stream
                        DCMDATA_ERROR(""DcmElement: "" << getTagName() << "" "" << getTag()
                            << "" larger ("" << getLengthField() << "") than remaining bytes (""
                            << getTransferredBytes() << "") in file, premature end of stream"");
                    }
                    else
                        errorFlag = EC_StreamNotifyClient;
                }
            }
            /* if we created the stream from which information was read in this */
            /* function, we need to we need to delete this object here as well */
            if (isStreamNew)
                delete readStream;
        }
    }
    /* return result value */
    return errorFlag;
}
","OFCondition DcmElement::loadValue(DcmInputStream *inStream)
{
    /* initialize return value */
    errorFlag = EC_Normal;
    /* only if the length of this element does not equal 0, read information */
    if (getLengthField() != 0)
    {
        DcmInputStream *readStream = inStream;
        OFBool isStreamNew = OFFalse;

        // if the NULL pointer was passed (i.e. we're not in the middle of
        // a read() cycle, and fValue is NULL (i.e. the attribute value still
        // remains in file and fLoadValue is not NULL (i.e. we know how to
        // load the value from that file, then let's do it..
        if (!readStream && fLoadValue && !fValue)
        {
            /* we need to read information from the stream which is */
            /* accessible through fLoadValue. Hence, reassign readStream */
            readStream = fLoadValue->create();

            isStreamNew = OFTrue;

            /* reset number of transferred bytes to zero */
            setTransferredBytes(0);
        }
        /* if we have a stream from which we can read */
        if (readStream)
        {
            /* check if the stream reported an error */
            errorFlag = readStream->status();
            /* if we encountered the end of the stream, set the error flag correspondingly */
            if (errorFlag.good() && readStream->eos())
                errorFlag = EC_EndOfStream;
            /* if we did not encounter the end of the stream and no error occurred so far, go ahead */
            else if (errorFlag.good())
            {
                /* if the object which holds this element's value does not yet exist, create it */
                if (!fValue)
                    fValue = newValueField(); /* also set errorFlag in case of error */

                /* if object could be created  (i.e. we have an object which can be used to capture this element's */
                /* value) we need to read a certain amount of bytes from the stream */
                if (fValue)
                {
                    /* determine how many bytes shall be read from the stream */
                    const Uint32 readLength = getLengthField() - getTransferredBytes();

                    /* read a corresponding amount of bytes from the stream, store the information in fValue */
                    /* increase the counter that counts how many bytes were actually read */
                    incTransferredBytes(OFstatic_cast(Uint32, readStream->read(&fValue[getTransferredBytes()], readLength)));

                    /* if we have read all the bytes which make up this element's value */
                    if (getLengthField() == getTransferredBytes())
                    {
                        /* call a function which performs certain operations on the information which was read */
                        postLoadValue();
                        errorFlag = EC_Normal;
                    }
                    /* else set the return value correspondingly */
                    else if (readStream->eos())
                    {
                        errorFlag = EC_InvalidStream; // premature end of stream
                        DCMDATA_ERROR(""DcmElement: "" << getTagName() << "" "" << getTag()
                            << "" larger ("" << getLengthField() << "") than remaining bytes (""
                            << getTransferredBytes() << "") in file, premature end of stream"");
                    }
                    else
                        errorFlag = EC_StreamNotifyClient;
                }
            }
            /* if we created the stream from which information was read in this */
            /* function, we need to we need to delete this object here as well */
            if (isStreamNew)
                delete readStream;
        }
        else
        {
            errorFlag = EC_InvalidStream; // incomplete dataset read from stream
            DCMDATA_ERROR(""DcmElement: "" << getTagName() << "" "" << getTag()
                << "" larger ("" << getLengthField() << "") than remaining bytes (""
                << getTransferredBytes() << "") in file, premature end of stream"");
        }
    }
    /* return result value */
    return errorFlag;
}
",CWE-401,CVE-2024-34509
"static void qeth_free_qdio_queues(struct qeth_card *card)
{
	int i, j;

	if (atomic_xchg(&card->qdio.state, QETH_QDIO_UNINITIALIZED) ==
		QETH_QDIO_UNINITIALIZED)
		return;

	qeth_free_cq(card);
	for (j = 0; j < QDIO_MAX_BUFFERS_PER_Q; ++j) {
		if (card->qdio.in_q->bufs[j].rx_skb) {
			consume_skb(card->qdio.in_q->bufs[j].rx_skb);
			card->qdio.in_q->bufs[j].rx_skb = NULL;
		}
	}

	/* inbound buffer pool */
	qeth_free_buffer_pool(card);
	/* free outbound qdio_qs */
	for (i = 0; i < card->qdio.no_out_queues; i++) {
		qeth_free_output_queue(card->qdio.out_qs[i]);
		card->qdio.out_qs[i] = NULL;
	}
}
","static void qeth_free_qdio_queues(struct qeth_card *card)
{
	int i, j;

	qeth_free_cq(card);

	if (atomic_xchg(&card->qdio.state, QETH_QDIO_UNINITIALIZED) ==
		QETH_QDIO_UNINITIALIZED)
		return;

	for (j = 0; j < QDIO_MAX_BUFFERS_PER_Q; ++j) {
		if (card->qdio.in_q->bufs[j].rx_skb) {
			consume_skb(card->qdio.in_q->bufs[j].rx_skb);
			card->qdio.in_q->bufs[j].rx_skb = NULL;
		}
	}

	/* inbound buffer pool */
	qeth_free_buffer_pool(card);
	/* free outbound qdio_qs */
	for (i = 0; i < card->qdio.no_out_queues; i++) {
		qeth_free_output_queue(card->qdio.out_qs[i]);
		card->qdio.out_qs[i] = NULL;
	}
}
",CWE-401,CVE-2024-36928
"static bool kick_pool(struct worker_pool *pool)
{
	struct worker *worker = first_idle_worker(pool);
	struct task_struct *p;

	lockdep_assert_held(&pool->lock);

	if (!need_more_worker(pool) || !worker)
		return false;

	if (pool->flags & POOL_BH) {
		kick_bh_pool(pool);
		return true;
	}

	p = worker->task;

#ifdef CONFIG_SMP
	/*
	 * Idle @worker is about to execute @work and waking up provides an
	 * opportunity to migrate @worker at a lower cost by setting the task's
	 * wake_cpu field. Let's see if we want to move @worker to improve
	 * execution locality.
	 *
	 * We're waking the worker that went idle the latest and there's some
	 * chance that @worker is marked idle but hasn't gone off CPU yet. If
	 * so, setting the wake_cpu won't do anything. As this is a best-effort
	 * optimization and the race window is narrow, let's leave as-is for
	 * now. If this becomes pronounced, we can skip over workers which are
	 * still on cpu when picking an idle worker.
	 *
	 * If @pool has non-strict affinity, @worker might have ended up outside
	 * its affinity scope. Repatriate.
	 */
	if (!pool->attrs->affn_strict &&
	    !cpumask_test_cpu(p->wake_cpu, pool->attrs->__pod_cpumask)) {
		struct work_struct *work = list_first_entry(&pool->worklist,
						struct work_struct, entry);
		p->wake_cpu = cpumask_any_distribute(pool->attrs->__pod_cpumask);
		get_work_pwq(work)->stats[PWQ_STAT_REPATRIATED]++;
	}
#endif
	wake_up_process(p);
	return true;
}
","static bool kick_pool(struct worker_pool *pool)
{
	struct worker *worker = first_idle_worker(pool);
	struct task_struct *p;

	lockdep_assert_held(&pool->lock);

	if (!need_more_worker(pool) || !worker)
		return false;

	if (pool->flags & POOL_BH) {
		kick_bh_pool(pool);
		return true;
	}

	p = worker->task;

#ifdef CONFIG_SMP
	/*
	 * Idle @worker is about to execute @work and waking up provides an
	 * opportunity to migrate @worker at a lower cost by setting the task's
	 * wake_cpu field. Let's see if we want to move @worker to improve
	 * execution locality.
	 *
	 * We're waking the worker that went idle the latest and there's some
	 * chance that @worker is marked idle but hasn't gone off CPU yet. If
	 * so, setting the wake_cpu won't do anything. As this is a best-effort
	 * optimization and the race window is narrow, let's leave as-is for
	 * now. If this becomes pronounced, we can skip over workers which are
	 * still on cpu when picking an idle worker.
	 *
	 * If @pool has non-strict affinity, @worker might have ended up outside
	 * its affinity scope. Repatriate.
	 */
	if (!pool->attrs->affn_strict &&
	    !cpumask_test_cpu(p->wake_cpu, pool->attrs->__pod_cpumask)) {
		struct work_struct *work = list_first_entry(&pool->worklist,
						struct work_struct, entry);
		int wake_cpu = cpumask_any_and_distribute(pool->attrs->__pod_cpumask,
							  cpu_online_mask);
		if (wake_cpu < nr_cpu_ids) {
			p->wake_cpu = wake_cpu;
			get_work_pwq(work)->stats[PWQ_STAT_REPATRIATED]++;
		}
	}
#endif
	wake_up_process(p);
	return true;
}
",CWE-125,CVE-2024-36888
"ble_hs_conn_timer(void)
{
    /* If there are no timeouts configured, then there is nothing to check. */
#if MYNEWT_VAL(BLE_L2CAP_RX_FRAG_TIMEOUT) == 0 && \
    BLE_HS_ATT_SVR_QUEUED_WRITE_TMO == 0

    return BLE_HS_FOREVER;
#endif

    struct ble_hs_conn *conn;
    ble_npl_time_t now;
    int32_t next_exp_in;
    int32_t time_diff;
    uint16_t conn_handle;

    for (;;) {
        conn_handle = BLE_HS_CONN_HANDLE_NONE;
        next_exp_in = BLE_HS_FOREVER;
        now = ble_npl_time_get();

        ble_hs_lock();

        /* This loop performs one of two tasks:
         * 1. Determine if any connections need to be terminated due to timeout.
         *    If so, break out of the loop and terminate the connection.  This
         *    function will need to be executed again.
         * 2. Otherwise, determine when the next timeout will occur.
         */
        SLIST_FOREACH(conn, &ble_hs_conns, bhc_next) {
            if (!(conn->bhc_flags & BLE_HS_CONN_F_TERMINATING)) {

#if MYNEWT_VAL(BLE_L2CAP_RX_FRAG_TIMEOUT) != 0
                /* Check each connection's rx fragment timer.  If too much time
                 * passes after a partial packet is received, the connection is
                 * terminated.
                 */
                if (conn->bhc_rx_chan != NULL) {
                    time_diff = conn->bhc_rx_timeout - now;

                    if (time_diff <= 0) {
                        /* ACL reassembly has timed out.  Remember the connection
                         * handle so it can be terminated after the mutex is
                         * unlocked.
                         */
                        conn_handle = conn->bhc_handle;
                        break;
                    }

                    /* Determine if this connection is the soonest to time out. */
                    if (time_diff < next_exp_in) {
                        next_exp_in = time_diff;
                    }
                }
#endif

#if BLE_HS_ATT_SVR_QUEUED_WRITE_TMO
                /* Check each connection's rx queued write timer.  If too much
                 * time passes after a prep write is received, the queue is
                 * cleared.
                 */
                time_diff = ble_att_svr_ticks_until_tmo(&conn->bhc_att_svr, now);
                if (time_diff <= 0) {
                    /* ACL reassembly has timed out.  Remember the connection
                     * handle so it can be terminated after the mutex is
                     * unlocked.
                     */
                    conn_handle = conn->bhc_handle;
                    break;
                }

                /* Determine if this connection is the soonest to time out. */
                if (time_diff < next_exp_in) {
                    next_exp_in = time_diff;
                }
#endif
            }
        }

        ble_hs_unlock();

        /* If a connection has timed out, terminate it.  We need to repeatedly
         * call this function again to determine when the next timeout is.
         */
        if (conn_handle != BLE_HS_CONN_HANDLE_NONE) {
            ble_gap_terminate(conn_handle, BLE_ERR_REM_USER_CONN_TERM);
            continue;
        }

        return next_exp_in;
    }
}
","int32_t
ble_hs_conn_timer(void)
{
    /* If there are no timeouts configured, then there is nothing to check. */
#if MYNEWT_VAL(BLE_L2CAP_RX_FRAG_TIMEOUT) == 0 && \
    BLE_HS_ATT_SVR_QUEUED_WRITE_TMO == 0

    return BLE_HS_FOREVER;
#endif

    struct ble_hs_conn *conn;
    ble_npl_time_t now = ble_npl_time_get();
    int32_t next_exp_in = BLE_HS_FOREVER;
    int32_t next_exp_in_new;
    bool next_exp_in_updated;
    int32_t time_diff;

    ble_hs_lock();

    /* This loop performs one of two tasks:
     * 1. Determine if any connections need to be terminated due to timeout. If
     *    so connection is disconnected.
     * 2. Otherwise, determine when the next timeout will occur.
     */
    SLIST_FOREACH(conn, &ble_hs_conns, bhc_next) {
        if (!(conn->bhc_flags & BLE_HS_CONN_F_TERMINATING)) {
            next_exp_in_updated = false;

#if MYNEWT_VAL(BLE_L2CAP_RX_FRAG_TIMEOUT) != 0
            /* Check each connection's rx fragment timer.  If too much time
             * passes after a partial packet is received, the connection is
             * terminated.
             */
            if (conn->bhc_rx_chan != NULL) {
                time_diff = conn->bhc_rx_timeout - now;

                if (time_diff <= 0) {
                    /* ACL reassembly has timed out.*/
                    ble_gap_terminate_with_conn(conn, BLE_ERR_REM_USER_CONN_TERM);
                    continue;
                }

                /* Determine if this connection is the soonest to time out. */
                if (time_diff < next_exp_in) {
                    next_exp_in_new = time_diff;
                    next_exp_in_updated = true;
                }
            }
#endif

#if BLE_HS_ATT_SVR_QUEUED_WRITE_TMO
            /* Check each connection's rx queued write timer.  If too much
             * time passes after a prep write is received, the queue is
             * cleared.
             */
            time_diff = ble_att_svr_ticks_until_tmo(&conn->bhc_att_svr, now);
            if (time_diff <= 0) {
                /* Queued write has timed out.*/
                ble_gap_terminate_with_conn(conn, BLE_ERR_REM_USER_CONN_TERM);
                continue;
            }

            /* Determine if this connection is the soonest to time out. */
            if (time_diff < next_exp_in) {
                next_exp_in_new = time_diff;
                next_exp_in_updated = true;
            }
#endif

            if (next_exp_in_updated) {
                next_exp_in = next_exp_in_new;
            }
        }
    }

    ble_hs_unlock();

    return next_exp_in;
}
",CWE-190,CVE-2024-24746
"static void hci_le_big_sync_established_evt(struct hci_dev *hdev, void *data,
					    struct sk_buff *skb)
{
	struct hci_evt_le_big_sync_estabilished *ev = data;
	struct hci_conn *bis;
	struct hci_conn *pa_sync;
	int i;

	bt_dev_dbg(hdev, ""status 0x%2.2x"", ev->status);

	if (!hci_le_ev_skb_pull(hdev, skb, HCI_EVT_LE_BIG_SYNC_ESTABILISHED,
				flex_array_size(ev, bis, ev->num_bis)))
		return;

	hci_dev_lock(hdev);

	if (!ev->status) {
		pa_sync = hci_conn_hash_lookup_pa_sync_big_handle(hdev, ev->handle);
		if (pa_sync)
			/* Also mark the BIG sync established event on the
			 * associated PA sync hcon
			 */
			set_bit(HCI_CONN_BIG_SYNC, &pa_sync->flags);
	}

	for (i = 0; i < ev->num_bis; i++) {
		u16 handle = le16_to_cpu(ev->bis[i]);
		__le32 interval;

		bis = hci_conn_hash_lookup_handle(hdev, handle);
		if (!bis) {
			bis = hci_conn_add(hdev, ISO_LINK, BDADDR_ANY,
					   HCI_ROLE_SLAVE, handle);
			if (!bis)
				continue;
		}

		if (ev->status != 0x42)
			/* Mark PA sync as established */
			set_bit(HCI_CONN_PA_SYNC, &bis->flags);

		bis->iso_qos.bcast.big = ev->handle;
		memset(&interval, 0, sizeof(interval));
		memcpy(&interval, ev->latency, sizeof(ev->latency));
		bis->iso_qos.bcast.in.interval = le32_to_cpu(interval);
		/* Convert ISO Interval (1.25 ms slots) to latency (ms) */
		bis->iso_qos.bcast.in.latency = le16_to_cpu(ev->interval) * 125 / 100;
		bis->iso_qos.bcast.in.sdu = le16_to_cpu(ev->max_pdu);

		if (!ev->status) {
			set_bit(HCI_CONN_BIG_SYNC, &bis->flags);
			hci_iso_setup_path(bis);
		}
	}

	/* In case BIG sync failed, notify each failed connection to
	 * the user after all hci connections have been added
	 */
	if (ev->status)
		for (i = 0; i < ev->num_bis; i++) {
			u16 handle = le16_to_cpu(ev->bis[i]);

			bis = hci_conn_hash_lookup_handle(hdev, handle);

			set_bit(HCI_CONN_BIG_SYNC_FAILED, &bis->flags);
			hci_connect_cfm(bis, ev->status);
		}

	hci_dev_unlock(hdev);
}
","static void hci_le_big_sync_established_evt(struct hci_dev *hdev, void *data,
					    struct sk_buff *skb)
{
	struct hci_evt_le_big_sync_estabilished *ev = data;
	struct hci_conn *bis;
	struct hci_conn *pa_sync;
	int i;

	bt_dev_dbg(hdev, ""status 0x%2.2x"", ev->status);

	if (!hci_le_ev_skb_pull(hdev, skb, HCI_EVT_LE_BIG_SYNC_ESTABILISHED,
				flex_array_size(ev, bis, ev->num_bis)))
		return;

	hci_dev_lock(hdev);

	if (!ev->status) {
		pa_sync = hci_conn_hash_lookup_pa_sync_big_handle(hdev, ev->handle);
		if (pa_sync)
			/* Also mark the BIG sync established event on the
			 * associated PA sync hcon
			 */
			set_bit(HCI_CONN_BIG_SYNC, &pa_sync->flags);
	}

	for (i = 0; i < ev->num_bis; i++) {
		u16 handle = le16_to_cpu(ev->bis[i]);
		__le32 interval;

		bis = hci_conn_hash_lookup_handle(hdev, handle);
		if (!bis) {
			bis = hci_conn_add(hdev, ISO_LINK, BDADDR_ANY,
					   HCI_ROLE_SLAVE, handle);
			if (!bis)
				continue;
		}

		if (ev->status != 0x42)
			/* Mark PA sync as established */
			set_bit(HCI_CONN_PA_SYNC, &bis->flags);

		bis->iso_qos.bcast.big = ev->handle;
		memset(&interval, 0, sizeof(interval));
		memcpy(&interval, ev->latency, sizeof(ev->latency));
		bis->iso_qos.bcast.in.interval = le32_to_cpu(interval);
		/* Convert ISO Interval (1.25 ms slots) to latency (ms) */
		bis->iso_qos.bcast.in.latency = le16_to_cpu(ev->interval) * 125 / 100;
		bis->iso_qos.bcast.in.sdu = le16_to_cpu(ev->max_pdu);

		if (!ev->status) {
			set_bit(HCI_CONN_BIG_SYNC, &bis->flags);
			hci_iso_setup_path(bis);
		}
	}

	/* In case BIG sync failed, notify each failed connection to
	 * the user after all hci connections have been added
	 */
	if (ev->status)
		for (i = 0; i < ev->num_bis; i++) {
			u16 handle = le16_to_cpu(ev->bis[i]);

			bis = hci_conn_hash_lookup_handle(hdev, handle);
			if (!bis)
				continue;

			set_bit(HCI_CONN_BIG_SYNC_FAILED, &bis->flags);
			hci_connect_cfm(bis, ev->status);
		}

	hci_dev_unlock(hdev);
}
",CWE-476,CVE-2024-36011
"static UINT ExtractRunLengthRegularFgBg(const BYTE* pbOrderHdr, const BYTE* pbEnd, UINT32* advance)
{
	UINT runLength = 0;

	WINPR_ASSERT(pbOrderHdr);
	WINPR_ASSERT(pbEnd);
	WINPR_ASSERT(advance);

	runLength = (*pbOrderHdr) & g_MaskRegularRunLength;
	if (runLength == 0)
	{
		if (!buffer_within_range(pbOrderHdr, 1, pbEnd))
		{
			*advance = 0;
			return 0;
		}
		runLength = *(pbOrderHdr + 1) + 1;
		(*advance)++;
	}
	else
		runLength = runLength * 8;

	return runLength;
}
","static UINT ExtractRunLengthRegularFgBg(const BYTE* pbOrderHdr, const BYTE* pbEnd, UINT32* advance)
{
	UINT runLength = 0;

	WINPR_ASSERT(pbOrderHdr);
	WINPR_ASSERT(pbEnd);
	WINPR_ASSERT(advance);

	runLength = (*pbOrderHdr) & g_MaskRegularRunLength;
	if (runLength == 0)
	{
		if (!buffer_within_range(pbOrderHdr, 2, pbEnd))
		{
			*advance = 0;
			return 0;
		}
		runLength = *(pbOrderHdr + 1) + 1;
		(*advance)++;
	}
	else
		runLength = runLength * 8;

	return runLength;
}
",CWE-125,CVE-2024-32658
"static void bus_reset_work(struct work_struct *work)
{
	struct fw_ohci *ohci =
		container_of(work, struct fw_ohci, bus_reset_work);
	int self_id_count, generation, new_generation, i, j;
	u32 reg;
	void *free_rom = NULL;
	dma_addr_t free_rom_bus = 0;
	bool is_new_root;

	reg = reg_read(ohci, OHCI1394_NodeID);
	if (!(reg & OHCI1394_NodeID_idValid)) {
		ohci_notice(ohci,
			    ""node ID not valid, new bus reset in progress\n"");
		return;
	}
	if ((reg & OHCI1394_NodeID_nodeNumber) == 63) {
		ohci_notice(ohci, ""malconfigured bus\n"");
		return;
	}
	ohci->node_id = reg & (OHCI1394_NodeID_busNumber |
			       OHCI1394_NodeID_nodeNumber);

	is_new_root = (reg & OHCI1394_NodeID_root) != 0;
	if (!(ohci->is_root && is_new_root))
		reg_write(ohci, OHCI1394_LinkControlSet,
			  OHCI1394_LinkControl_cycleMaster);
	ohci->is_root = is_new_root;

	reg = reg_read(ohci, OHCI1394_SelfIDCount);
	if (reg & OHCI1394_SelfIDCount_selfIDError) {
		ohci_notice(ohci, ""self ID receive error\n"");
		return;
	}
	/*
	 * The count in the SelfIDCount register is the number of
	 * bytes in the self ID receive buffer.  Since we also receive
	 * the inverted quadlets and a header quadlet, we shift one
	 * bit extra to get the actual number of self IDs.
	 */
	self_id_count = (reg >> 3) & 0xff;

	if (self_id_count > 252) {
		ohci_notice(ohci, ""bad selfIDSize (%08x)\n"", reg);
		return;
	}

	generation = (cond_le32_to_cpu(ohci->self_id[0]) >> 16) & 0xff;
	rmb();

	for (i = 1, j = 0; j < self_id_count; i += 2, j++) {
		u32 id  = cond_le32_to_cpu(ohci->self_id[i]);
		u32 id2 = cond_le32_to_cpu(ohci->self_id[i + 1]);

		if (id != ~id2) {
			/*
			 * If the invalid data looks like a cycle start packet,
			 * it's likely to be the result of the cycle master
			 * having a wrong gap count.  In this case, the self IDs
			 * so far are valid and should be processed so that the
			 * bus manager can then correct the gap count.
			 */
			if (id == 0xffff008f) {
				ohci_notice(ohci, ""ignoring spurious self IDs\n"");
				self_id_count = j;
				break;
			}

			ohci_notice(ohci, ""bad self ID %d/%d (%08x != ~%08x)\n"",
				    j, self_id_count, id, id2);
			return;
		}
		ohci->self_id_buffer[j] = id;
	}

	if (ohci->quirks & QUIRK_TI_SLLZ059) {
		self_id_count = find_and_insert_self_id(ohci, self_id_count);
		if (self_id_count < 0) {
			ohci_notice(ohci,
				    ""could not construct local self ID\n"");
			return;
		}
	}

	if (self_id_count == 0) {
		ohci_notice(ohci, ""no self IDs\n"");
		return;
	}
	rmb();

	/*
	 * Check the consistency of the self IDs we just read.  The
	 * problem we face is that a new bus reset can start while we
	 * read out the self IDs from the DMA buffer. If this happens,
	 * the DMA buffer will be overwritten with new self IDs and we
	 * will read out inconsistent data.  The OHCI specification
	 * (section 11.2) recommends a technique similar to
	 * linux/seqlock.h, where we remember the generation of the
	 * self IDs in the buffer before reading them out and compare
	 * it to the current generation after reading them out.  If
	 * the two generations match we know we have a consistent set
	 * of self IDs.
	 */

	new_generation = (reg_read(ohci, OHCI1394_SelfIDCount) >> 16) & 0xff;
	if (new_generation != generation) {
		ohci_notice(ohci, ""new bus reset, discarding self ids\n"");
		return;
	}

	/* FIXME: Document how the locking works. */
	spin_lock_irq(&ohci->lock);

	ohci->generation = -1; /* prevent AT packet queueing */
	context_stop(&ohci->at_request_ctx);
	context_stop(&ohci->at_response_ctx);

	spin_unlock_irq(&ohci->lock);

	/*
	 * Per OHCI 1.2 draft, clause 7.2.3.3, hardware may leave unsent
	 * packets in the AT queues and software needs to drain them.
	 * Some OHCI 1.1 controllers (JMicron) apparently require this too.
	 */
	at_context_flush(&ohci->at_request_ctx);
	at_context_flush(&ohci->at_response_ctx);

	spin_lock_irq(&ohci->lock);

	ohci->generation = generation;
	reg_write(ohci, OHCI1394_IntEventClear, OHCI1394_busReset);

	if (ohci->quirks & QUIRK_RESET_PACKET)
		ohci->request_generation = generation;

	/*
	 * This next bit is unrelated to the AT context stuff but we
	 * have to do it under the spinlock also.  If a new config rom
	 * was set up before this reset, the old one is now no longer
	 * in use and we can free it. Update the config rom pointers
	 * to point to the current config rom and clear the
	 * next_config_rom pointer so a new update can take place.
	 */

	if (ohci->next_config_rom != NULL) {
		if (ohci->next_config_rom != ohci->config_rom) {
			free_rom      = ohci->config_rom;
			free_rom_bus  = ohci->config_rom_bus;
		}
		ohci->config_rom      = ohci->next_config_rom;
		ohci->config_rom_bus  = ohci->next_config_rom_bus;
		ohci->next_config_rom = NULL;

		/*
		 * Restore config_rom image and manually update
		 * config_rom registers.  Writing the header quadlet
		 * will indicate that the config rom is ready, so we
		 * do that last.
		 */
		reg_write(ohci, OHCI1394_BusOptions,
			  be32_to_cpu(ohci->config_rom[2]));
		ohci->config_rom[0] = ohci->next_header;
		reg_write(ohci, OHCI1394_ConfigROMhdr,
			  be32_to_cpu(ohci->next_header));
	}

	if (param_remote_dma) {
		reg_write(ohci, OHCI1394_PhyReqFilterHiSet, ~0);
		reg_write(ohci, OHCI1394_PhyReqFilterLoSet, ~0);
	}

	spin_unlock_irq(&ohci->lock);

	if (free_rom)
		dma_free_coherent(ohci->card.device, CONFIG_ROM_SIZE,
				  free_rom, free_rom_bus);

	log_selfids(ohci, generation, self_id_count);

	fw_core_handle_bus_reset(&ohci->card, ohci->node_id, generation,
				 self_id_count, ohci->self_id_buffer,
				 ohci->csr_state_setclear_abdicate);
	ohci->csr_state_setclear_abdicate = false;
}
","static void bus_reset_work(struct work_struct *work)
{
	struct fw_ohci *ohci =
		container_of(work, struct fw_ohci, bus_reset_work);
	int self_id_count, generation, new_generation, i, j;
	u32 reg;
	void *free_rom = NULL;
	dma_addr_t free_rom_bus = 0;
	bool is_new_root;

	reg = reg_read(ohci, OHCI1394_NodeID);
	if (!(reg & OHCI1394_NodeID_idValid)) {
		ohci_notice(ohci,
			    ""node ID not valid, new bus reset in progress\n"");
		return;
	}
	if ((reg & OHCI1394_NodeID_nodeNumber) == 63) {
		ohci_notice(ohci, ""malconfigured bus\n"");
		return;
	}
	ohci->node_id = reg & (OHCI1394_NodeID_busNumber |
			       OHCI1394_NodeID_nodeNumber);

	is_new_root = (reg & OHCI1394_NodeID_root) != 0;
	if (!(ohci->is_root && is_new_root))
		reg_write(ohci, OHCI1394_LinkControlSet,
			  OHCI1394_LinkControl_cycleMaster);
	ohci->is_root = is_new_root;

	reg = reg_read(ohci, OHCI1394_SelfIDCount);
	if (reg & OHCI1394_SelfIDCount_selfIDError) {
		ohci_notice(ohci, ""self ID receive error\n"");
		return;
	}
	/*
	 * The count in the SelfIDCount register is the number of
	 * bytes in the self ID receive buffer.  Since we also receive
	 * the inverted quadlets and a header quadlet, we shift one
	 * bit extra to get the actual number of self IDs.
	 */
	self_id_count = (reg >> 3) & 0xff;

	if (self_id_count > 252) {
		ohci_notice(ohci, ""bad selfIDSize (%08x)\n"", reg);
		return;
	}

	generation = (cond_le32_to_cpu(ohci->self_id[0]) >> 16) & 0xff;
	rmb();

	for (i = 1, j = 0; j < self_id_count; i += 2, j++) {
		u32 id  = cond_le32_to_cpu(ohci->self_id[i]);
		u32 id2 = cond_le32_to_cpu(ohci->self_id[i + 1]);

		if (id != ~id2) {
			/*
			 * If the invalid data looks like a cycle start packet,
			 * it's likely to be the result of the cycle master
			 * having a wrong gap count.  In this case, the self IDs
			 * so far are valid and should be processed so that the
			 * bus manager can then correct the gap count.
			 */
			if (id == 0xffff008f) {
				ohci_notice(ohci, ""ignoring spurious self IDs\n"");
				self_id_count = j;
				break;
			}

			ohci_notice(ohci, ""bad self ID %d/%d (%08x != ~%08x)\n"",
				    j, self_id_count, id, id2);
			return;
		}
		ohci->self_id_buffer[j] = id;
	}

	if (ohci->quirks & QUIRK_TI_SLLZ059) {
		self_id_count = find_and_insert_self_id(ohci, self_id_count);
		if (self_id_count < 0) {
			ohci_notice(ohci,
				    ""could not construct local self ID\n"");
			return;
		}
	}

	if (self_id_count == 0) {
		ohci_notice(ohci, ""no self IDs\n"");
		return;
	}
	rmb();

	/*
	 * Check the consistency of the self IDs we just read.  The
	 * problem we face is that a new bus reset can start while we
	 * read out the self IDs from the DMA buffer. If this happens,
	 * the DMA buffer will be overwritten with new self IDs and we
	 * will read out inconsistent data.  The OHCI specification
	 * (section 11.2) recommends a technique similar to
	 * linux/seqlock.h, where we remember the generation of the
	 * self IDs in the buffer before reading them out and compare
	 * it to the current generation after reading them out.  If
	 * the two generations match we know we have a consistent set
	 * of self IDs.
	 */

	new_generation = (reg_read(ohci, OHCI1394_SelfIDCount) >> 16) & 0xff;
	if (new_generation != generation) {
		ohci_notice(ohci, ""new bus reset, discarding self ids\n"");
		return;
	}

	/* FIXME: Document how the locking works. */
	spin_lock_irq(&ohci->lock);

	ohci->generation = -1; /* prevent AT packet queueing */
	context_stop(&ohci->at_request_ctx);
	context_stop(&ohci->at_response_ctx);

	spin_unlock_irq(&ohci->lock);

	/*
	 * Per OHCI 1.2 draft, clause 7.2.3.3, hardware may leave unsent
	 * packets in the AT queues and software needs to drain them.
	 * Some OHCI 1.1 controllers (JMicron) apparently require this too.
	 */
	at_context_flush(&ohci->at_request_ctx);
	at_context_flush(&ohci->at_response_ctx);

	spin_lock_irq(&ohci->lock);

	ohci->generation = generation;
	reg_write(ohci, OHCI1394_IntEventClear, OHCI1394_busReset);
	if (param_debug & OHCI_PARAM_DEBUG_BUSRESETS)
		reg_write(ohci, OHCI1394_IntMaskSet, OHCI1394_busReset);

	if (ohci->quirks & QUIRK_RESET_PACKET)
		ohci->request_generation = generation;

	/*
	 * This next bit is unrelated to the AT context stuff but we
	 * have to do it under the spinlock also.  If a new config rom
	 * was set up before this reset, the old one is now no longer
	 * in use and we can free it. Update the config rom pointers
	 * to point to the current config rom and clear the
	 * next_config_rom pointer so a new update can take place.
	 */

	if (ohci->next_config_rom != NULL) {
		if (ohci->next_config_rom != ohci->config_rom) {
			free_rom      = ohci->config_rom;
			free_rom_bus  = ohci->config_rom_bus;
		}
		ohci->config_rom      = ohci->next_config_rom;
		ohci->config_rom_bus  = ohci->next_config_rom_bus;
		ohci->next_config_rom = NULL;

		/*
		 * Restore config_rom image and manually update
		 * config_rom registers.  Writing the header quadlet
		 * will indicate that the config rom is ready, so we
		 * do that last.
		 */
		reg_write(ohci, OHCI1394_BusOptions,
			  be32_to_cpu(ohci->config_rom[2]));
		ohci->config_rom[0] = ohci->next_header;
		reg_write(ohci, OHCI1394_ConfigROMhdr,
			  be32_to_cpu(ohci->next_header));
	}

	if (param_remote_dma) {
		reg_write(ohci, OHCI1394_PhyReqFilterHiSet, ~0);
		reg_write(ohci, OHCI1394_PhyReqFilterLoSet, ~0);
	}

	spin_unlock_irq(&ohci->lock);

	if (free_rom)
		dma_free_coherent(ohci->card.device, CONFIG_ROM_SIZE,
				  free_rom, free_rom_bus);

	log_selfids(ohci, generation, self_id_count);

	fw_core_handle_bus_reset(&ohci->card, ohci->node_id, generation,
				 self_id_count, ohci->self_id_buffer,
				 ohci->csr_state_setclear_abdicate);
	ohci->csr_state_setclear_abdicate = false;
}
",CWE-787,CVE-2024-36950
"static int qca_download_firmware(struct hci_dev *hdev,
				 struct qca_fw_config *config,
				 enum qca_btsoc_type soc_type,
				 u8 rom_ver)
{
	const struct firmware *fw;
	u8 *data;
	const u8 *segment;
	int ret, size, remain, i = 0;

	bt_dev_info(hdev, ""QCA Downloading %s"", config->fwname);

	ret = request_firmware(&fw, config->fwname, &hdev->dev);
	if (ret) {
		/* For WCN6750, if mbn file is not present then check for
		 * tlv file.
		 */
		if (soc_type == QCA_WCN6750 && config->type == ELF_TYPE_PATCH) {
			bt_dev_dbg(hdev, ""QCA Failed to request file: %s (%d)"",
				   config->fwname, ret);
			config->type = TLV_TYPE_PATCH;
			snprintf(config->fwname, sizeof(config->fwname),
				 ""qca/msbtfw%02x.tlv"", rom_ver);
			bt_dev_info(hdev, ""QCA Downloading %s"", config->fwname);
			ret = request_firmware(&fw, config->fwname, &hdev->dev);
			if (ret) {
				bt_dev_err(hdev, ""QCA Failed to request file: %s (%d)"",
					   config->fwname, ret);
				return ret;
			}
		} else {
			bt_dev_err(hdev, ""QCA Failed to request file: %s (%d)"",
				   config->fwname, ret);
			return ret;
		}
	}

	size = fw->size;
	data = vmalloc(fw->size);
	if (!data) {
		bt_dev_err(hdev, ""QCA Failed to allocate memory for file: %s"",
			   config->fwname);
		release_firmware(fw);
		return -ENOMEM;
	}

	memcpy(data, fw->data, size);
	release_firmware(fw);

	ret = qca_tlv_check_data(hdev, config, data, size, soc_type);
	if (ret)
		return ret;

	segment = data;
	remain = size;
	while (remain > 0) {
		int segsize = min(MAX_SIZE_PER_TLV_SEGMENT, remain);

		bt_dev_dbg(hdev, ""Send segment %d, size %d"", i++, segsize);

		remain -= segsize;
		/* The last segment is always acked regardless download mode */
		if (!remain || segsize < MAX_SIZE_PER_TLV_SEGMENT)
			config->dnld_mode = QCA_SKIP_EVT_NONE;

		ret = qca_tlv_send_segment(hdev, segsize, segment,
					   config->dnld_mode, soc_type);
		if (ret)
			goto out;

		segment += segsize;
	}

	/* Latest qualcomm chipsets are not sending a command complete event
	 * for every fw packet sent. They only respond with a vendor specific
	 * event for the last packet. This optimization in the chip will
	 * decrease the BT in initialization time. Here we will inject a command
	 * complete event to avoid a command timeout error message.
	 */
	if (config->dnld_type == QCA_SKIP_EVT_VSE_CC ||
	    config->dnld_type == QCA_SKIP_EVT_VSE)
		ret = qca_inject_cmd_complete_event(hdev);

out:
	vfree(data);

	return ret;
}
","static int qca_download_firmware(struct hci_dev *hdev,
				 struct qca_fw_config *config,
				 enum qca_btsoc_type soc_type,
				 u8 rom_ver)
{
	const struct firmware *fw;
	u8 *data;
	const u8 *segment;
	int ret, size, remain, i = 0;

	bt_dev_info(hdev, ""QCA Downloading %s"", config->fwname);

	ret = request_firmware(&fw, config->fwname, &hdev->dev);
	if (ret) {
		/* For WCN6750, if mbn file is not present then check for
		 * tlv file.
		 */
		if (soc_type == QCA_WCN6750 && config->type == ELF_TYPE_PATCH) {
			bt_dev_dbg(hdev, ""QCA Failed to request file: %s (%d)"",
				   config->fwname, ret);
			config->type = TLV_TYPE_PATCH;
			snprintf(config->fwname, sizeof(config->fwname),
				 ""qca/msbtfw%02x.tlv"", rom_ver);
			bt_dev_info(hdev, ""QCA Downloading %s"", config->fwname);
			ret = request_firmware(&fw, config->fwname, &hdev->dev);
			if (ret) {
				bt_dev_err(hdev, ""QCA Failed to request file: %s (%d)"",
					   config->fwname, ret);
				return ret;
			}
		} else {
			bt_dev_err(hdev, ""QCA Failed to request file: %s (%d)"",
				   config->fwname, ret);
			return ret;
		}
	}

	size = fw->size;
	data = vmalloc(fw->size);
	if (!data) {
		bt_dev_err(hdev, ""QCA Failed to allocate memory for file: %s"",
			   config->fwname);
		release_firmware(fw);
		return -ENOMEM;
	}

	memcpy(data, fw->data, size);
	release_firmware(fw);

	ret = qca_tlv_check_data(hdev, config, data, size, soc_type);
	if (ret)
		goto out;

	segment = data;
	remain = size;
	while (remain > 0) {
		int segsize = min(MAX_SIZE_PER_TLV_SEGMENT, remain);

		bt_dev_dbg(hdev, ""Send segment %d, size %d"", i++, segsize);

		remain -= segsize;
		/* The last segment is always acked regardless download mode */
		if (!remain || segsize < MAX_SIZE_PER_TLV_SEGMENT)
			config->dnld_mode = QCA_SKIP_EVT_NONE;

		ret = qca_tlv_send_segment(hdev, segsize, segment,
					   config->dnld_mode, soc_type);
		if (ret)
			goto out;

		segment += segsize;
	}

	/* Latest qualcomm chipsets are not sending a command complete event
	 * for every fw packet sent. They only respond with a vendor specific
	 * event for the last packet. This optimization in the chip will
	 * decrease the BT in initialization time. Here we will inject a command
	 * complete event to avoid a command timeout error message.
	 */
	if (config->dnld_type == QCA_SKIP_EVT_VSE_CC ||
	    config->dnld_type == QCA_SKIP_EVT_VSE)
		ret = qca_inject_cmd_complete_event(hdev);

out:
	vfree(data);

	return ret;
}
",CWE-457,CVE-2024-36942
"void vmbus_free_ring(struct vmbus_channel *channel)
{
	hv_ringbuffer_cleanup(&channel->outbound);
	hv_ringbuffer_cleanup(&channel->inbound);

	if (channel->ringbuffer_page) {
		__free_pages(channel->ringbuffer_page,
			     get_order(channel->ringbuffer_pagecount
				       << PAGE_SHIFT));
		channel->ringbuffer_page = NULL;
	}
}
","void vmbus_free_ring(struct vmbus_channel *channel)
{
	hv_ringbuffer_cleanup(&channel->outbound);
	hv_ringbuffer_cleanup(&channel->inbound);

	if (channel->ringbuffer_page) {
		/* In a CoCo VM leak the memory if it didn't get re-encrypted */
		if (!channel->ringbuffer_gpadlhandle.decrypted)
			__free_pages(channel->ringbuffer_page,
			     get_order(channel->ringbuffer_pagecount
				       << PAGE_SHIFT));
		channel->ringbuffer_page = NULL;
	}
}
",CWE-401,CVE-2024-36909
"static int xdp_do_generic_redirect_map(struct net_device *dev,
				       struct sk_buff *skb,
				       struct xdp_buff *xdp,
				       struct bpf_prog *xdp_prog,
				       void *fwd,
				       enum bpf_map_type map_type, u32 map_id)
{
	struct bpf_redirect_info *ri = this_cpu_ptr(&bpf_redirect_info);
	struct bpf_map *map;
	int err;

	switch (map_type) {
	case BPF_MAP_TYPE_DEVMAP:
		fallthrough;
	case BPF_MAP_TYPE_DEVMAP_HASH:
		map = READ_ONCE(ri->map);
		if (unlikely(map)) {
			WRITE_ONCE(ri->map, NULL);
			err = dev_map_redirect_multi(dev, skb, xdp_prog, map,
						     ri->flags & BPF_F_EXCLUDE_INGRESS);
		} else {
			err = dev_map_generic_redirect(fwd, skb, xdp_prog);
		}
		if (unlikely(err))
			goto err;
		break;
	case BPF_MAP_TYPE_XSKMAP:
		err = xsk_generic_rcv(fwd, xdp);
		if (err)
			goto err;
		consume_skb(skb);
		break;
	case BPF_MAP_TYPE_CPUMAP:
		err = cpu_map_generic_redirect(fwd, skb);
		if (unlikely(err))
			goto err;
		break;
	default:
		err = -EBADRQC;
		goto err;
	}

	_trace_xdp_redirect_map(dev, xdp_prog, fwd, map_type, map_id, ri->tgt_index);
	return 0;
err:
	_trace_xdp_redirect_map_err(dev, xdp_prog, fwd, map_type, map_id, ri->tgt_index, err);
	return err;
}
","static int xdp_do_generic_redirect_map(struct net_device *dev,
				       struct sk_buff *skb,
				       struct xdp_buff *xdp,
				       struct bpf_prog *xdp_prog, void *fwd,
				       enum bpf_map_type map_type, u32 map_id,
				       u32 flags)
{
	struct bpf_redirect_info *ri = this_cpu_ptr(&bpf_redirect_info);
	struct bpf_map *map;
	int err;

	switch (map_type) {
	case BPF_MAP_TYPE_DEVMAP:
		fallthrough;
	case BPF_MAP_TYPE_DEVMAP_HASH:
		if (unlikely(flags & BPF_F_BROADCAST)) {
			map = READ_ONCE(ri->map);

			/* The map pointer is cleared when the map is being torn
			 * down by bpf_clear_redirect_map()
			 */
			if (unlikely(!map)) {
				err = -ENOENT;
				break;
			}

			WRITE_ONCE(ri->map, NULL);
			err = dev_map_redirect_multi(dev, skb, xdp_prog, map,
						     flags & BPF_F_EXCLUDE_INGRESS);
		} else {
			err = dev_map_generic_redirect(fwd, skb, xdp_prog);
		}
		if (unlikely(err))
			goto err;
		break;
	case BPF_MAP_TYPE_XSKMAP:
		err = xsk_generic_rcv(fwd, xdp);
		if (err)
			goto err;
		consume_skb(skb);
		break;
	case BPF_MAP_TYPE_CPUMAP:
		err = cpu_map_generic_redirect(fwd, skb);
		if (unlikely(err))
			goto err;
		break;
	default:
		err = -EBADRQC;
		goto err;
	}

	_trace_xdp_redirect_map(dev, xdp_prog, fwd, map_type, map_id, ri->tgt_index);
	return 0;
err:
	_trace_xdp_redirect_map_err(dev, xdp_prog, fwd, map_type, map_id, ri->tgt_index, err);
	return err;
}
",CWE-476,CVE-2024-36937
"static void ffs_user_copy_worker(struct work_struct *work)
{
	struct ffs_io_data *io_data = container_of(work, struct ffs_io_data,
						   work);
	int ret = io_data->status;
	bool kiocb_has_eventfd = io_data->kiocb->ki_flags & IOCB_EVENTFD;

	if (io_data->read && ret > 0) {
		kthread_use_mm(io_data->mm);
		ret = ffs_copy_to_iter(io_data->buf, ret, &io_data->data);
		kthread_unuse_mm(io_data->mm);
	}

	io_data->kiocb->ki_complete(io_data->kiocb, ret, ret);

	if (io_data->ffs->ffs_eventfd && !kiocb_has_eventfd)
		eventfd_signal(io_data->ffs->ffs_eventfd, 1);

	if (io_data->read)
		kfree(io_data->to_free);
	ffs_free_buffer(io_data);
	kfree(io_data);
}
","static void ffs_user_copy_worker(struct work_struct *work)
{
	struct ffs_io_data *io_data = container_of(work, struct ffs_io_data,
						   work);
	int ret = io_data->status;
	bool kiocb_has_eventfd = io_data->kiocb->ki_flags & IOCB_EVENTFD;
	unsigned long flags;

	if (io_data->read && ret > 0) {
		kthread_use_mm(io_data->mm);
		ret = ffs_copy_to_iter(io_data->buf, ret, &io_data->data);
		kthread_unuse_mm(io_data->mm);
	}

	io_data->kiocb->ki_complete(io_data->kiocb, ret, ret);

	if (io_data->ffs->ffs_eventfd && !kiocb_has_eventfd)
		eventfd_signal(io_data->ffs->ffs_eventfd, 1);

	spin_lock_irqsave(&io_data->ffs->eps_lock, flags);
	usb_ep_free_request(io_data->ep, io_data->req);
	io_data->req = NULL;
	spin_unlock_irqrestore(&io_data->ffs->eps_lock, flags);

	if (io_data->read)
		kfree(io_data->to_free);
	ffs_free_buffer(io_data);
	kfree(io_data);
}
",CWE-457,CVE-2024-36894
"static void qca_tlv_check_data(struct hci_dev *hdev,
			       struct qca_fw_config *config,
		u8 *fw_data, enum qca_btsoc_type soc_type)
{
	const u8 *data;
	u32 type_len;
	u16 tag_id, tag_len;
	int idx, length;
	struct tlv_type_hdr *tlv;
	struct tlv_type_patch *tlv_patch;
	struct tlv_type_nvm *tlv_nvm;
	uint8_t nvm_baud_rate = config->user_baud_rate;

	config->dnld_mode = QCA_SKIP_EVT_NONE;
	config->dnld_type = QCA_SKIP_EVT_NONE;

	switch (config->type) {
	case ELF_TYPE_PATCH:
		config->dnld_mode = QCA_SKIP_EVT_VSE_CC;
		config->dnld_type = QCA_SKIP_EVT_VSE_CC;

		bt_dev_dbg(hdev, ""File Class        : 0x%x"", fw_data[4]);
		bt_dev_dbg(hdev, ""Data Encoding     : 0x%x"", fw_data[5]);
		bt_dev_dbg(hdev, ""File version      : 0x%x"", fw_data[6]);
		break;
	case TLV_TYPE_PATCH:
		tlv = (struct tlv_type_hdr *)fw_data;
		type_len = le32_to_cpu(tlv->type_len);
		tlv_patch = (struct tlv_type_patch *)tlv->data;

		/* For Rome version 1.1 to 3.1, all segment commands
		 * are acked by a vendor specific event (VSE).
		 * For Rome >= 3.2, the download mode field indicates
		 * if VSE is skipped by the controller.
		 * In case VSE is skipped, only the last segment is acked.
		 */
		config->dnld_mode = tlv_patch->download_mode;
		config->dnld_type = config->dnld_mode;

		BT_DBG(""TLV Type\t\t : 0x%x"", type_len & 0x000000ff);
		BT_DBG(""Total Length           : %d bytes"",
		       le32_to_cpu(tlv_patch->total_size));
		BT_DBG(""Patch Data Length      : %d bytes"",
		       le32_to_cpu(tlv_patch->data_length));
		BT_DBG(""Signing Format Version : 0x%x"",
		       tlv_patch->format_version);
		BT_DBG(""Signature Algorithm    : 0x%x"",
		       tlv_patch->signature);
		BT_DBG(""Download mode          : 0x%x"",
		       tlv_patch->download_mode);
		BT_DBG(""Reserved               : 0x%x"",
		       tlv_patch->reserved1);
		BT_DBG(""Product ID             : 0x%04x"",
		       le16_to_cpu(tlv_patch->product_id));
		BT_DBG(""Rom Build Version      : 0x%04x"",
		       le16_to_cpu(tlv_patch->rom_build));
		BT_DBG(""Patch Version          : 0x%04x"",
		       le16_to_cpu(tlv_patch->patch_version));
		BT_DBG(""Reserved               : 0x%x"",
		       le16_to_cpu(tlv_patch->reserved2));
		BT_DBG(""Patch Entry Address    : 0x%x"",
		       le32_to_cpu(tlv_patch->entry));
		break;

	case TLV_TYPE_NVM:
		tlv = (struct tlv_type_hdr *)fw_data;

		type_len = le32_to_cpu(tlv->type_len);
		length = (type_len >> 8) & 0x00ffffff;

		BT_DBG(""TLV Type\t\t : 0x%x"", type_len & 0x000000ff);
		BT_DBG(""Length\t\t : %d bytes"", length);

		idx = 0;
		data = tlv->data;
		while (idx < length) {
			tlv_nvm = (struct tlv_type_nvm *)(data + idx);

			tag_id = le16_to_cpu(tlv_nvm->tag_id);
			tag_len = le16_to_cpu(tlv_nvm->tag_len);

			/* Update NVM tags as needed */
			switch (tag_id) {
			case EDL_TAG_ID_HCI:
				/* HCI transport layer parameters
				 * enabling software inband sleep
				 * onto controller side.
				 */
				tlv_nvm->data[0] |= 0x80;

				/* UART Baud Rate */
				if (soc_type >= QCA_WCN3991)
					tlv_nvm->data[1] = nvm_baud_rate;
				else
					tlv_nvm->data[2] = nvm_baud_rate;

				break;

			case EDL_TAG_ID_DEEP_SLEEP:
				/* Sleep enable mask
				 * enabling deep sleep feature on controller.
				 */
				tlv_nvm->data[0] |= 0x01;

				break;
			}

			idx += (sizeof(u16) + sizeof(u16) + 8 + tag_len);
		}
		break;

	default:
		BT_ERR(""Unknown TLV type %d"", config->type);
		break;
	}
}
","static int qca_tlv_check_data(struct hci_dev *hdev,
			       struct qca_fw_config *config,
			       u8 *fw_data, size_t fw_size,
			       enum qca_btsoc_type soc_type)
{
	const u8 *data;
	u32 type_len;
	u16 tag_id, tag_len;
	int idx, length;
	struct tlv_type_hdr *tlv;
	struct tlv_type_patch *tlv_patch;
	struct tlv_type_nvm *tlv_nvm;
	uint8_t nvm_baud_rate = config->user_baud_rate;

	config->dnld_mode = QCA_SKIP_EVT_NONE;
	config->dnld_type = QCA_SKIP_EVT_NONE;

	switch (config->type) {
	case ELF_TYPE_PATCH:
		if (fw_size < 7)
			return -EINVAL;

		config->dnld_mode = QCA_SKIP_EVT_VSE_CC;
		config->dnld_type = QCA_SKIP_EVT_VSE_CC;

		bt_dev_dbg(hdev, ""File Class        : 0x%x"", fw_data[4]);
		bt_dev_dbg(hdev, ""Data Encoding     : 0x%x"", fw_data[5]);
		bt_dev_dbg(hdev, ""File version      : 0x%x"", fw_data[6]);
		break;
	case TLV_TYPE_PATCH:
		if (fw_size < sizeof(struct tlv_type_hdr) + sizeof(struct tlv_type_patch))
			return -EINVAL;

		tlv = (struct tlv_type_hdr *)fw_data;
		type_len = le32_to_cpu(tlv->type_len);
		tlv_patch = (struct tlv_type_patch *)tlv->data;

		/* For Rome version 1.1 to 3.1, all segment commands
		 * are acked by a vendor specific event (VSE).
		 * For Rome >= 3.2, the download mode field indicates
		 * if VSE is skipped by the controller.
		 * In case VSE is skipped, only the last segment is acked.
		 */
		config->dnld_mode = tlv_patch->download_mode;
		config->dnld_type = config->dnld_mode;

		BT_DBG(""TLV Type\t\t : 0x%x"", type_len & 0x000000ff);
		BT_DBG(""Total Length           : %d bytes"",
		       le32_to_cpu(tlv_patch->total_size));
		BT_DBG(""Patch Data Length      : %d bytes"",
		       le32_to_cpu(tlv_patch->data_length));
		BT_DBG(""Signing Format Version : 0x%x"",
		       tlv_patch->format_version);
		BT_DBG(""Signature Algorithm    : 0x%x"",
		       tlv_patch->signature);
		BT_DBG(""Download mode          : 0x%x"",
		       tlv_patch->download_mode);
		BT_DBG(""Reserved               : 0x%x"",
		       tlv_patch->reserved1);
		BT_DBG(""Product ID             : 0x%04x"",
		       le16_to_cpu(tlv_patch->product_id));
		BT_DBG(""Rom Build Version      : 0x%04x"",
		       le16_to_cpu(tlv_patch->rom_build));
		BT_DBG(""Patch Version          : 0x%04x"",
		       le16_to_cpu(tlv_patch->patch_version));
		BT_DBG(""Reserved               : 0x%x"",
		       le16_to_cpu(tlv_patch->reserved2));
		BT_DBG(""Patch Entry Address    : 0x%x"",
		       le32_to_cpu(tlv_patch->entry));
		break;

	case TLV_TYPE_NVM:
		if (fw_size < sizeof(struct tlv_type_hdr))
			return -EINVAL;

		tlv = (struct tlv_type_hdr *)fw_data;

		type_len = le32_to_cpu(tlv->type_len);
		length = (type_len >> 8) & 0x00ffffff;

		BT_DBG(""TLV Type\t\t : 0x%x"", type_len & 0x000000ff);
		BT_DBG(""Length\t\t : %d bytes"", length);

		if (fw_size < length + (tlv->data - fw_data))
			return -EINVAL;

		idx = 0;
		data = tlv->data;
		while (idx < length - sizeof(struct tlv_type_nvm)) {
			tlv_nvm = (struct tlv_type_nvm *)(data + idx);

			tag_id = le16_to_cpu(tlv_nvm->tag_id);
			tag_len = le16_to_cpu(tlv_nvm->tag_len);

			if (length < idx + sizeof(struct tlv_type_nvm) + tag_len)
				return -EINVAL;

			/* Update NVM tags as needed */
			switch (tag_id) {
			case EDL_TAG_ID_HCI:
				if (tag_len < 3)
					return -EINVAL;

				/* HCI transport layer parameters
				 * enabling software inband sleep
				 * onto controller side.
				 */
				tlv_nvm->data[0] |= 0x80;

				/* UART Baud Rate */
				if (soc_type >= QCA_WCN3991)
					tlv_nvm->data[1] = nvm_baud_rate;
				else
					tlv_nvm->data[2] = nvm_baud_rate;

				break;

			case EDL_TAG_ID_DEEP_SLEEP:
				if (tag_len < 1)
					return -EINVAL;

				/* Sleep enable mask
				 * enabling deep sleep feature on controller.
				 */
				tlv_nvm->data[0] |= 0x01;

				break;
			}

			idx += sizeof(struct tlv_type_nvm) + tag_len;
		}
		break;

	default:
		BT_ERR(""Unknown TLV type %d"", config->type);
		return -EINVAL;
	}

	return 0;
}
",CWE-125,CVE-2024-36880
"static int jpc_dec_process_sod(jpc_dec_t *dec, jpc_ms_t *ms)
{
	jpc_dec_tile_t *tile;
	int pos;

	JAS_UNUSED(ms);

	if (!(tile = dec->curtile)) {
		return -1;
	}

	if (!tile->partno) {
		if (!jpc_dec_cp_isvalid(tile->cp)) {
			return -1;
		}
		if (jpc_dec_cp_prepare(tile->cp)) {
			return -1;
		}
		if (jpc_dec_tileinit(dec, tile)) {
			return -1;
		}
	}

	/* Are packet headers stored in the main header or tile-part header? */
	if (dec->pkthdrstreams) {
		/* Get the stream containing the packet header data for this
		  tile-part. */
		if (!(tile->pkthdrstream = jpc_streamlist_remove(dec->pkthdrstreams, 0))) {
			return -1;
		}
	}

	if (tile->pptstab) {
		if (!tile->pkthdrstream) {
			if (!(tile->pkthdrstream = jas_stream_memopen(0, 0))) {
				return -1;
			}
		}
		pos = jas_stream_tell(tile->pkthdrstream);
		jas_stream_seek(tile->pkthdrstream, 0, SEEK_END);
		if (jpc_pptstabwrite(tile->pkthdrstream, tile->pptstab)) {
			return -1;
		}
		jas_stream_seek(tile->pkthdrstream, pos, SEEK_SET);
		jpc_ppxstab_destroy(tile->pptstab);
		tile->pptstab = 0;
	}

	if (jas_get_debug_level() >= 10) {
		jpc_dec_dump(dec);
	}

	if (jpc_dec_decodepkts(dec, (tile->pkthdrstream) ? tile->pkthdrstream :
	  dec->in, dec->in)) {
		jas_logerrorf(""jpc_dec_decodepkts failed\n"");
		return -1;
	}

	/* Gobble any unconsumed tile data. */
	if (dec->curtileendoff > 0) {
		long curoff;
		uint_fast32_t n;
		curoff = jas_stream_getrwcount(dec->in);
		if (curoff < dec->curtileendoff) {
			n = dec->curtileendoff - curoff;
			jas_logwarnf(""warning: ignoring trailing garbage (%lu bytes)\n"",
			  (unsigned long) n);

			while (n-- > 0) {
				if (jas_stream_getc(dec->in) == EOF) {
					jas_logerrorf(""read error\n"");
					return -1;
				}
			}
		} else if (curoff > dec->curtileendoff) {
			jas_logwarnf(""warning: not enough tile data (%lu bytes)\n"",
			  (unsigned long) curoff - dec->curtileendoff);
		}

	}

	if (tile->numparts > 0 && tile->partno == tile->numparts - 1) {
		if (jpc_dec_tiledecode(dec, tile)) {
			return -1;
		}
		jpc_dec_tilefini(dec, tile);
	}

	dec->curtile = 0;

	/* Increment the expected tile-part number. */
	++tile->partno;

	/* We should expect to encounter a SOT marker segment next. */
	dec->state = JPC_TPHSOT;

	return 0;
}
","static int jpc_dec_process_sod(jpc_dec_t *dec, jpc_ms_t *ms)
{
	jpc_dec_tile_t *tile;
	int pos;

	JAS_UNUSED(ms);

	if (!(tile = dec->curtile)) {
		return -1;
	}

	if (!tile->partno) {
		if (!jpc_dec_cp_isvalid(tile->cp)) {
			return -1;
		}
		if (jpc_dec_cp_prepare(tile->cp)) {
			return -1;
		}
		if (jpc_dec_tileinit(dec, tile)) {
			return -1;
		}
	}

	/* Are packet headers stored in the main header or tile-part header? */
	if (dec->pkthdrstreams) {
		/* Get the stream containing the packet header data for this
		  tile-part. */
		if (jpc_streamlist_numstreams(dec->pkthdrstreams) != 0 &&
		  !(tile->pkthdrstream = jpc_streamlist_remove(dec->pkthdrstreams,
		  0))) {
			return -1;
		}
	}

	if (tile->pptstab) {
		if (!tile->pkthdrstream) {
			if (!(tile->pkthdrstream = jas_stream_memopen(0, 0))) {
				return -1;
			}
		}
		pos = jas_stream_tell(tile->pkthdrstream);
		jas_stream_seek(tile->pkthdrstream, 0, SEEK_END);
		if (jpc_pptstabwrite(tile->pkthdrstream, tile->pptstab)) {
			return -1;
		}
		jas_stream_seek(tile->pkthdrstream, pos, SEEK_SET);
		jpc_ppxstab_destroy(tile->pptstab);
		tile->pptstab = 0;
	}

	if (jas_get_debug_level() >= 10) {
		jpc_dec_dump(dec);
	}

	if (jpc_dec_decodepkts(dec, (tile->pkthdrstream) ? tile->pkthdrstream :
	  dec->in, dec->in)) {
		jas_logerrorf(""jpc_dec_decodepkts failed\n"");
		return -1;
	}

	/* Gobble any unconsumed tile data. */
	if (dec->curtileendoff > 0) {
		long curoff;
		uint_fast32_t n;
		curoff = jas_stream_getrwcount(dec->in);
		if (curoff < dec->curtileendoff) {
			n = dec->curtileendoff - curoff;
			jas_logwarnf(""warning: ignoring trailing garbage (%lu bytes)\n"",
			  (unsigned long) n);

			while (n-- > 0) {
				if (jas_stream_getc(dec->in) == EOF) {
					jas_logerrorf(""read error\n"");
					return -1;
				}
			}
		} else if (curoff > dec->curtileendoff) {
			jas_logwarnf(""warning: not enough tile data (%lu bytes)\n"",
			  (unsigned long) curoff - dec->curtileendoff);
		}

	}

	if (tile->numparts > 0 && tile->partno == tile->numparts - 1) {
		if (jpc_dec_tiledecode(dec, tile)) {
			return -1;
		}
		jpc_dec_tilefini(dec, tile);
	}

	dec->curtile = 0;

	/* Increment the expected tile-part number. */
	++tile->partno;

	/* We should expect to encounter a SOT marker segment next. */
	dec->state = JPC_TPHSOT;

	return 0;
}
",CWE-457,CVE-2024-31744
"struct sk_buff *__ip6_make_skb(struct sock *sk,
			       struct sk_buff_head *queue,
			       struct inet_cork_full *cork,
			       struct inet6_cork *v6_cork)
{
	struct sk_buff *skb, *tmp_skb;
	struct sk_buff **tail_skb;
	struct in6_addr *final_dst;
	struct net *net = sock_net(sk);
	struct ipv6hdr *hdr;
	struct ipv6_txoptions *opt = v6_cork->opt;
	struct rt6_info *rt = (struct rt6_info *)cork->base.dst;
	struct flowi6 *fl6 = &cork->fl.u.ip6;
	unsigned char proto = fl6->flowi6_proto;

	skb = __skb_dequeue(queue);
	if (!skb)
		goto out;
	tail_skb = &(skb_shinfo(skb)->frag_list);

	/* move skb->data to ip header from ext header */
	if (skb->data < skb_network_header(skb))
		__skb_pull(skb, skb_network_offset(skb));
	while ((tmp_skb = __skb_dequeue(queue)) != NULL) {
		__skb_pull(tmp_skb, skb_network_header_len(skb));
		*tail_skb = tmp_skb;
		tail_skb = &(tmp_skb->next);
		skb->len += tmp_skb->len;
		skb->data_len += tmp_skb->len;
		skb->truesize += tmp_skb->truesize;
		tmp_skb->destructor = NULL;
		tmp_skb->sk = NULL;
	}

	/* Allow local fragmentation. */
	skb->ignore_df = ip6_sk_ignore_df(sk);
	__skb_pull(skb, skb_network_header_len(skb));

	final_dst = &fl6->daddr;
	if (opt && opt->opt_flen)
		ipv6_push_frag_opts(skb, opt, &proto);
	if (opt && opt->opt_nflen)
		ipv6_push_nfrag_opts(skb, opt, &proto, &final_dst, &fl6->saddr);

	skb_push(skb, sizeof(struct ipv6hdr));
	skb_reset_network_header(skb);
	hdr = ipv6_hdr(skb);

	ip6_flow_hdr(hdr, v6_cork->tclass,
		     ip6_make_flowlabel(net, skb, fl6->flowlabel,
					ip6_autoflowlabel(net, sk), fl6));
	hdr->hop_limit = v6_cork->hop_limit;
	hdr->nexthdr = proto;
	hdr->saddr = fl6->saddr;
	hdr->daddr = *final_dst;

	skb->priority = READ_ONCE(sk->sk_priority);
	skb->mark = cork->base.mark;
	skb->tstamp = cork->base.transmit_time;

	ip6_cork_steal_dst(skb, cork);
	IP6_INC_STATS(net, rt->rt6i_idev, IPSTATS_MIB_OUTREQUESTS);
	if (proto == IPPROTO_ICMPV6) {
		struct inet6_dev *idev = ip6_dst_idev(skb_dst(skb));
		u8 icmp6_type;

		if (sk->sk_socket->type == SOCK_RAW &&
		   !inet_test_bit(HDRINCL, sk))
			icmp6_type = fl6->fl6_icmp_type;
		else
			icmp6_type = icmp6_hdr(skb)->icmp6_type;
		ICMP6MSGOUT_INC_STATS(net, idev, icmp6_type);
		ICMP6_INC_STATS(net, idev, ICMP6_MIB_OUTMSGS);
	}

	ip6_cork_release(cork, v6_cork);
out:
	return skb;
}
","struct sk_buff *__ip6_make_skb(struct sock *sk,
			       struct sk_buff_head *queue,
			       struct inet_cork_full *cork,
			       struct inet6_cork *v6_cork)
{
	struct sk_buff *skb, *tmp_skb;
	struct sk_buff **tail_skb;
	struct in6_addr *final_dst;
	struct net *net = sock_net(sk);
	struct ipv6hdr *hdr;
	struct ipv6_txoptions *opt = v6_cork->opt;
	struct rt6_info *rt = (struct rt6_info *)cork->base.dst;
	struct flowi6 *fl6 = &cork->fl.u.ip6;
	unsigned char proto = fl6->flowi6_proto;

	skb = __skb_dequeue(queue);
	if (!skb)
		goto out;
	tail_skb = &(skb_shinfo(skb)->frag_list);

	/* move skb->data to ip header from ext header */
	if (skb->data < skb_network_header(skb))
		__skb_pull(skb, skb_network_offset(skb));
	while ((tmp_skb = __skb_dequeue(queue)) != NULL) {
		__skb_pull(tmp_skb, skb_network_header_len(skb));
		*tail_skb = tmp_skb;
		tail_skb = &(tmp_skb->next);
		skb->len += tmp_skb->len;
		skb->data_len += tmp_skb->len;
		skb->truesize += tmp_skb->truesize;
		tmp_skb->destructor = NULL;
		tmp_skb->sk = NULL;
	}

	/* Allow local fragmentation. */
	skb->ignore_df = ip6_sk_ignore_df(sk);
	__skb_pull(skb, skb_network_header_len(skb));

	final_dst = &fl6->daddr;
	if (opt && opt->opt_flen)
		ipv6_push_frag_opts(skb, opt, &proto);
	if (opt && opt->opt_nflen)
		ipv6_push_nfrag_opts(skb, opt, &proto, &final_dst, &fl6->saddr);

	skb_push(skb, sizeof(struct ipv6hdr));
	skb_reset_network_header(skb);
	hdr = ipv6_hdr(skb);

	ip6_flow_hdr(hdr, v6_cork->tclass,
		     ip6_make_flowlabel(net, skb, fl6->flowlabel,
					ip6_autoflowlabel(net, sk), fl6));
	hdr->hop_limit = v6_cork->hop_limit;
	hdr->nexthdr = proto;
	hdr->saddr = fl6->saddr;
	hdr->daddr = *final_dst;

	skb->priority = READ_ONCE(sk->sk_priority);
	skb->mark = cork->base.mark;
	skb->tstamp = cork->base.transmit_time;

	ip6_cork_steal_dst(skb, cork);
	IP6_INC_STATS(net, rt->rt6i_idev, IPSTATS_MIB_OUTREQUESTS);
	if (proto == IPPROTO_ICMPV6) {
		struct inet6_dev *idev = ip6_dst_idev(skb_dst(skb));
		u8 icmp6_type;

		if (sk->sk_socket->type == SOCK_RAW &&
		   !(fl6->flowi6_flags & FLOWI_FLAG_KNOWN_NH))
			icmp6_type = fl6->fl6_icmp_type;
		else
			icmp6_type = icmp6_hdr(skb)->icmp6_type;
		ICMP6MSGOUT_INC_STATS(net, idev, icmp6_type);
		ICMP6_INC_STATS(net, idev, ICMP6_MIB_OUTMSGS);
	}

	ip6_cork_release(cork, v6_cork);
out:
	return skb;
}
",CWE-190,CVE-2024-36903
"ice_debugfs_module_write(struct file *filp, const char __user *buf,
			 size_t count, loff_t *ppos)
{
	struct ice_pf *pf = file_inode(filp)->i_private;
	struct dentry *dentry = file_dentry(filp);
	struct device *dev = ice_pf_to_dev(pf);
	char user_val[16], *cmd_buf;
	int module, log_level, cnt;

	/* don't allow partial writes or invalid input */
	if (*ppos != 0 || count > 8)
		return -EINVAL;

	cmd_buf = memdup_user(buf, count);
	if (IS_ERR(cmd_buf))
		return PTR_ERR(cmd_buf);

	module = ice_find_module_by_dentry(pf, dentry);
	if (module < 0) {
		dev_info(dev, ""unknown module\n"");
		return -EINVAL;
	}

	cnt = sscanf(cmd_buf, ""%s"", user_val);
	if (cnt != 1)
		return -EINVAL;

	log_level = sysfs_match_string(ice_fwlog_level_string, user_val);
	if (log_level < 0) {
		dev_info(dev, ""unknown log level '%s'\n"", user_val);
		return -EINVAL;
	}

	if (module != ICE_AQC_FW_LOG_ID_MAX) {
		ice_pf_fwlog_update_module(pf, log_level, module);
	} else {
		/* the module 'all' is a shortcut so that we can set
		 * all of the modules to the same level quickly
		 */
		int i;

		for (i = 0; i < ICE_AQC_FW_LOG_ID_MAX; i++)
			ice_pf_fwlog_update_module(pf, log_level, i);
	}

	return count;
}
","ice_debugfs_module_write(struct file *filp, const char __user *buf,
			 size_t count, loff_t *ppos)
{
	struct ice_pf *pf = file_inode(filp)->i_private;
	struct dentry *dentry = file_dentry(filp);
	struct device *dev = ice_pf_to_dev(pf);
	char user_val[16], *cmd_buf;
	int module, log_level, cnt;

	/* don't allow partial writes or invalid input */
	if (*ppos != 0 || count > 8)
		return -EINVAL;

	cmd_buf = memdup_user_nul(buf, count);
	if (IS_ERR(cmd_buf))
		return PTR_ERR(cmd_buf);

	module = ice_find_module_by_dentry(pf, dentry);
	if (module < 0) {
		dev_info(dev, ""unknown module\n"");
		return -EINVAL;
	}

	cnt = sscanf(cmd_buf, ""%s"", user_val);
	if (cnt != 1)
		return -EINVAL;

	log_level = sysfs_match_string(ice_fwlog_level_string, user_val);
	if (log_level < 0) {
		dev_info(dev, ""unknown log level '%s'\n"", user_val);
		return -EINVAL;
	}

	if (module != ICE_AQC_FW_LOG_ID_MAX) {
		ice_pf_fwlog_update_module(pf, log_level, module);
	} else {
		/* the module 'all' is a shortcut so that we can set
		 * all of the modules to the same level quickly
		 */
		int i;

		for (i = 0; i < ICE_AQC_FW_LOG_ID_MAX; i++)
			ice_pf_fwlog_update_module(pf, log_level, i);
	}

	return count;
}
",CWE-125,CVE-2024-36935
"public char * shell_quoten(constant char *s, size_t slen)
{
	constant char *p;
	char *np;
	char *newstr;
	size_t len;
	constant char *esc = get_meta_escape();
	size_t esclen = strlen(esc);
	lbool use_quotes = FALSE;
	lbool have_quotes = FALSE;

	/*
	 * Determine how big a string we need to allocate.
	 */
	len = 1; /* Trailing null byte */
	for (p = s;  p < s + slen;  p++)
	{
		len++;
		if (*p == openquote || *p == closequote)
			have_quotes = TRUE;
		if (metachar(*p))
		{
			if (esclen == 0)
			{
				/*
				 * We've got a metachar, but this shell 
				 * doesn't support escape chars.  Use quotes.
				 */
				use_quotes = TRUE;
			} else
			{
				/*
				 * Allow space for the escape char.
				 */
				len += esclen;
			}
		}
	}
	if (use_quotes)
	{
		if (have_quotes)
			/*
			 * We can't quote a string that contains quotes.
			 */
			return (NULL);
		len = slen + 3;
	}
	/*
	 * Allocate and construct the new string.
	 */
	newstr = np = (char *) ecalloc(len, sizeof(char));
	if (use_quotes)
	{
		SNPRINTF4(newstr, len, ""%c%.*s%c"", openquote, (int) slen, s, closequote);
	} else
	{
		constant char *es = s + slen;
		while (s < es)
		{
			if (metachar(*s))
			{
				/*
				 * Add the escape char.
				 */
				strcpy(np, esc);
				np += esclen;
			}
			*np++ = *s++;
		}
		*np = '\0';
	}
	return (newstr);
}
","public char * shell_quoten(constant char *s, size_t slen)
{
	constant char *p;
	char *np;
	char *newstr;
	size_t len;
	constant char *esc = get_meta_escape();
	size_t esclen = strlen(esc);
	lbool use_quotes = FALSE;
	lbool have_quotes = FALSE;

	/*
	 * Determine how big a string we need to allocate.
	 */
	len = 1; /* Trailing null byte */
	for (p = s;  p < s + slen;  p++)
	{
		len++;
		if (*p == openquote || *p == closequote)
			have_quotes = TRUE;
		if (metachar(*p))
		{
			if (esclen == 0)
			{
				/*
				 * We've got a metachar, but this shell 
				 * doesn't support escape chars.  Use quotes.
				 */
				use_quotes = TRUE;
			} else if (must_quote(*p))
			{
				len += 3; /* open quote + char + close quote */
			} else
			{
				/*
				 * Allow space for the escape char.
				 */
				len += esclen;
			}
		}
	}
	if (use_quotes)
	{
		if (have_quotes)
			/*
			 * We can't quote a string that contains quotes.
			 */
			return (NULL);
		len = slen + 3;
	}
	/*
	 * Allocate and construct the new string.
	 */
	newstr = np = (char *) ecalloc(len, sizeof(char));
	if (use_quotes)
	{
		SNPRINTF4(newstr, len, ""%c%.*s%c"", openquote, (int) slen, s, closequote);
	} else
	{
		constant char *es = s + slen;
		while (s < es)
		{
			if (!metachar(*s))
			{
				*np++ = *s++;
			} else if (must_quote(*s))
			{
				/* Surround the char with quotes. */
				*np++ = openquote;
				*np++ = *s++;
				*np++ = closequote;
			} else
			{
				/* Insert an escape char before the char. */
				strcpy(np, esc);
				np += esclen;
				*np++ = *s++;
			}
		}
		*np = '\0';
	}
	return (newstr);
}
",CWE-125,CVE-2024-32487
"int tipc_buf_append(struct sk_buff **headbuf, struct sk_buff **buf)
{
	struct sk_buff *head = *headbuf;
	struct sk_buff *frag = *buf;
	struct sk_buff *tail = NULL;
	struct tipc_msg *msg;
	u32 fragid;
	int delta;
	bool headstolen;

	if (!frag)
		goto err;

	msg = buf_msg(frag);
	fragid = msg_type(msg);
	frag->next = NULL;
	skb_pull(frag, msg_hdr_sz(msg));

	if (fragid == FIRST_FRAGMENT) {
		if (unlikely(head))
			goto err;
		*buf = NULL;
		if (skb_has_frag_list(frag) && __skb_linearize(frag))
			goto err;
		frag = skb_unshare(frag, GFP_ATOMIC);
		if (unlikely(!frag))
			goto err;
		head = *headbuf = frag;
		TIPC_SKB_CB(head)->tail = NULL;
		return 0;
	}

	if (!head)
		goto err;

	if (skb_try_coalesce(head, frag, &headstolen, &delta)) {
		kfree_skb_partial(frag, headstolen);
	} else {
		tail = TIPC_SKB_CB(head)->tail;
		if (!skb_has_frag_list(head))
			skb_shinfo(head)->frag_list = frag;
		else
			tail->next = frag;
		head->truesize += frag->truesize;
		head->data_len += frag->len;
		head->len += frag->len;
		TIPC_SKB_CB(head)->tail = frag;
	}

	if (fragid == LAST_FRAGMENT) {
		TIPC_SKB_CB(head)->validated = false;
		if (unlikely(!tipc_msg_validate(&head)))
			goto err;
		*buf = head;
		TIPC_SKB_CB(head)->tail = NULL;
		*headbuf = NULL;
		return 1;
	}
	*buf = NULL;
	return 0;
err:
	kfree_skb(*buf);
	kfree_skb(*headbuf);
	*buf = *headbuf = NULL;
	return 0;
}
","int tipc_buf_append(struct sk_buff **headbuf, struct sk_buff **buf)
{
	struct sk_buff *head = *headbuf;
	struct sk_buff *frag = *buf;
	struct sk_buff *tail = NULL;
	struct tipc_msg *msg;
	u32 fragid;
	int delta;
	bool headstolen;

	if (!frag)
		goto err;

	msg = buf_msg(frag);
	fragid = msg_type(msg);
	frag->next = NULL;
	skb_pull(frag, msg_hdr_sz(msg));

	if (fragid == FIRST_FRAGMENT) {
		if (unlikely(head))
			goto err;
		if (skb_has_frag_list(frag) && __skb_linearize(frag))
			goto err;
		*buf = NULL;
		frag = skb_unshare(frag, GFP_ATOMIC);
		if (unlikely(!frag))
			goto err;
		head = *headbuf = frag;
		TIPC_SKB_CB(head)->tail = NULL;
		return 0;
	}

	if (!head)
		goto err;

	if (skb_try_coalesce(head, frag, &headstolen, &delta)) {
		kfree_skb_partial(frag, headstolen);
	} else {
		tail = TIPC_SKB_CB(head)->tail;
		if (!skb_has_frag_list(head))
			skb_shinfo(head)->frag_list = frag;
		else
			tail->next = frag;
		head->truesize += frag->truesize;
		head->data_len += frag->len;
		head->len += frag->len;
		TIPC_SKB_CB(head)->tail = frag;
	}

	if (fragid == LAST_FRAGMENT) {
		TIPC_SKB_CB(head)->validated = false;
		if (unlikely(!tipc_msg_validate(&head)))
			goto err;
		*buf = head;
		TIPC_SKB_CB(head)->tail = NULL;
		*headbuf = NULL;
		return 1;
	}
	*buf = NULL;
	return 0;
err:
	kfree_skb(*buf);
	kfree_skb(*headbuf);
	*buf = *headbuf = NULL;
	return 0;
}
",CWE-401,CVE-2024-36954
"int smc_ib_find_route(struct net *net, __be32 saddr, __be32 daddr,
		      u8 nexthop_mac[], u8 *uses_gateway)
{
	struct neighbour *neigh = NULL;
	struct rtable *rt = NULL;
	struct flowi4 fl4 = {
		.saddr = saddr,
		.daddr = daddr
	};

	if (daddr == cpu_to_be32(INADDR_NONE))
		goto out;
	rt = ip_route_output_flow(net, &fl4, NULL);
	if (IS_ERR(rt))
		goto out;
	if (rt->rt_uses_gateway && rt->rt_gw_family != AF_INET)
		goto out;
	neigh = rt->dst.ops->neigh_lookup(&rt->dst, NULL, &fl4.daddr);
	if (neigh) {
		memcpy(nexthop_mac, neigh->ha, ETH_ALEN);
		*uses_gateway = rt->rt_uses_gateway;
		return 0;
	}
out:
	return -ENOENT;
}
","int smc_ib_find_route(struct net *net, __be32 saddr, __be32 daddr,
		      u8 nexthop_mac[], u8 *uses_gateway)
{
	struct neighbour *neigh = NULL;
	struct rtable *rt = NULL;
	struct flowi4 fl4 = {
		.saddr = saddr,
		.daddr = daddr
	};

	if (daddr == cpu_to_be32(INADDR_NONE))
		goto out;
	rt = ip_route_output_flow(net, &fl4, NULL);
	if (IS_ERR(rt))
		goto out;
	if (rt->rt_uses_gateway && rt->rt_gw_family != AF_INET)
		goto out_rt;
	neigh = dst_neigh_lookup(&rt->dst, &fl4.daddr);
	if (!neigh)
		goto out_rt;
	memcpy(nexthop_mac, neigh->ha, ETH_ALEN);
	*uses_gateway = rt->rt_uses_gateway;
	neigh_release(neigh);
	ip_rt_put(rt);
	return 0;

out_rt:
	ip_rt_put(rt);
out:
	return -ENOENT;
}
",CWE-476,CVE-2024-36945
"static ssize_t
bnad_debugfs_write_regrd(struct file *file, const char __user *buf,
		size_t nbytes, loff_t *ppos)
{
	struct bnad_debug_info *regrd_debug = file->private_data;
	struct bnad *bnad = (struct bnad *)regrd_debug->i_private;
	struct bfa_ioc *ioc = &bnad->bna.ioceth.ioc;
	int rc, i;
	u32 addr, len;
	u32 *regbuf;
	void __iomem *rb, *reg_addr;
	unsigned long flags;
	void *kern_buf;

	/* Copy the user space buf */
	kern_buf = memdup_user(buf, nbytes);
	if (IS_ERR(kern_buf))
		return PTR_ERR(kern_buf);

	rc = sscanf(kern_buf, ""%x:%x"", &addr, &len);
	if (rc < 2 || len > UINT_MAX >> 2) {
		netdev_warn(bnad->netdev, ""failed to read user buffer\n"");
		kfree(kern_buf);
		return -EINVAL;
	}

	kfree(kern_buf);
	kfree(bnad->regdata);
	bnad->reglen = 0;

	bnad->regdata = kzalloc(len << 2, GFP_KERNEL);
	if (!bnad->regdata)
		return -ENOMEM;

	bnad->reglen = len << 2;
	rb = bfa_ioc_bar0(ioc);
	addr &= BFA_REG_ADDRMSK(ioc);

	/* offset and len sanity check */
	rc = bna_reg_offset_check(ioc, addr, len);
	if (rc) {
		netdev_warn(bnad->netdev, ""failed reg offset check\n"");
		kfree(bnad->regdata);
		bnad->regdata = NULL;
		bnad->reglen = 0;
		return -EINVAL;
	}

	reg_addr = rb + addr;
	regbuf =  (u32 *)bnad->regdata;
	spin_lock_irqsave(&bnad->bna_lock, flags);
	for (i = 0; i < len; i++) {
		*regbuf = readl(reg_addr);
		regbuf++;
		reg_addr += sizeof(u32);
	}
	spin_unlock_irqrestore(&bnad->bna_lock, flags);

	return nbytes;
}
","static ssize_t
bnad_debugfs_write_regrd(struct file *file, const char __user *buf,
		size_t nbytes, loff_t *ppos)
{
	struct bnad_debug_info *regrd_debug = file->private_data;
	struct bnad *bnad = (struct bnad *)regrd_debug->i_private;
	struct bfa_ioc *ioc = &bnad->bna.ioceth.ioc;
	int rc, i;
	u32 addr, len;
	u32 *regbuf;
	void __iomem *rb, *reg_addr;
	unsigned long flags;
	void *kern_buf;

	/* Copy the user space buf */
	kern_buf = memdup_user_nul(buf, nbytes);
	if (IS_ERR(kern_buf))
		return PTR_ERR(kern_buf);

	rc = sscanf(kern_buf, ""%x:%x"", &addr, &len);
	if (rc < 2 || len > UINT_MAX >> 2) {
		netdev_warn(bnad->netdev, ""failed to read user buffer\n"");
		kfree(kern_buf);
		return -EINVAL;
	}

	kfree(kern_buf);
	kfree(bnad->regdata);
	bnad->reglen = 0;

	bnad->regdata = kzalloc(len << 2, GFP_KERNEL);
	if (!bnad->regdata)
		return -ENOMEM;

	bnad->reglen = len << 2;
	rb = bfa_ioc_bar0(ioc);
	addr &= BFA_REG_ADDRMSK(ioc);

	/* offset and len sanity check */
	rc = bna_reg_offset_check(ioc, addr, len);
	if (rc) {
		netdev_warn(bnad->netdev, ""failed reg offset check\n"");
		kfree(bnad->regdata);
		bnad->regdata = NULL;
		bnad->reglen = 0;
		return -EINVAL;
	}

	reg_addr = rb + addr;
	regbuf =  (u32 *)bnad->regdata;
	spin_lock_irqsave(&bnad->bna_lock, flags);
	for (i = 0; i < len; i++) {
		*regbuf = readl(reg_addr);
		regbuf++;
		reg_addr += sizeof(u32);
	}
	spin_unlock_irqrestore(&bnad->bna_lock, flags);

	return nbytes;
}
",CWE-125,CVE-2024-36934
"static BOOL rdp_write_logon_info_v1(wStream* s, logon_info* info)
{
	const size_t charLen = 52 / sizeof(WCHAR);
	const size_t userCharLen = 512 / sizeof(WCHAR);

	size_t sz = 4 + 52 + 4 + 512 + 4;
	size_t len = 0;

	if (!Stream_EnsureRemainingCapacity(s, sz))
		return FALSE;

	/* domain */
	len = strnlen(info->domain, charLen + 1);
	if (len > charLen)
		return FALSE;

	Stream_Write_UINT32(s, len * sizeof(WCHAR));
	if (Stream_Write_UTF16_String_From_UTF8(s, charLen, info->domain, len, TRUE) < 0)
		return FALSE;

	/* username */
	len = strnlen(info->username, userCharLen + 1);
	if (len > userCharLen)
		return FALSE;

	Stream_Write_UINT32(s, len * sizeof(WCHAR));
	if (Stream_Write_UTF16_String_From_UTF8(s, userCharLen, info->username, len, TRUE) < 0)
		return FALSE;

	/* sessionId */
	Stream_Write_UINT32(s, info->sessionId);
	return TRUE;
}
","static BOOL rdp_write_logon_info_v1(wStream* s, logon_info* info)
{
	const size_t charLen = 52 / sizeof(WCHAR);
	const size_t userCharLen = 512 / sizeof(WCHAR);

	size_t sz = 4 + 52 + 4 + 512 + 4;
	size_t len = 0;

	if (!Stream_EnsureRemainingCapacity(s, sz))
		return FALSE;

	/* domain */
	WINPR_ASSERT(info);
	if (!info->domain || !info->username)
		return FALSE;

	len = strnlen(info->domain, charLen + 1);
	if (len > charLen)
		return FALSE;

	Stream_Write_UINT32(s, len * sizeof(WCHAR));
	if (Stream_Write_UTF16_String_From_UTF8(s, charLen, info->domain, len, TRUE) < 0)
		return FALSE;

	/* username */
	len = strnlen(info->username, userCharLen + 1);
	if (len > userCharLen)
		return FALSE;

	Stream_Write_UINT32(s, len * sizeof(WCHAR));
	if (Stream_Write_UTF16_String_From_UTF8(s, userCharLen, info->username, len, TRUE) < 0)
		return FALSE;

	/* sessionId */
	Stream_Write_UINT32(s, info->sessionId);
	return TRUE;
}
",CWE-476,CVE-2024-32661
"static long qxl_fence_wait(struct dma_fence *fence, bool intr,
			   signed long timeout)
{
	struct qxl_device *qdev;
	struct qxl_release *release;
	int count = 0, sc = 0;
	bool have_drawable_releases;
	unsigned long cur, end = jiffies + timeout;

	qdev = container_of(fence->lock, struct qxl_device, release_lock);
	release = container_of(fence, struct qxl_release, base);
	have_drawable_releases = release->type == QXL_RELEASE_DRAWABLE;

retry:
	sc++;

	if (dma_fence_is_signaled(fence))
		goto signaled;

	qxl_io_notify_oom(qdev);

	for (count = 0; count < 11; count++) {
		if (!qxl_queue_garbage_collect(qdev, true))
			break;

		if (dma_fence_is_signaled(fence))
			goto signaled;
	}

	if (dma_fence_is_signaled(fence))
		goto signaled;

	if (have_drawable_releases || sc < 4) {
		if (sc > 2)
			/* back off */
			usleep_range(500, 1000);

		if (time_after(jiffies, end))
			return 0;

		if (have_drawable_releases && sc > 300) {
			DMA_FENCE_WARN(fence,
				       ""failed to wait on release %llu after spincount %d\n"",
				       fence->context & ~0xf0000000, sc);
			goto signaled;
		}
		goto retry;
	}
	/*
	 * yeah, original sync_obj_wait gave up after 3 spins when
	 * have_drawable_releases is not set.
	 */

signaled:
	cur = jiffies;
	if (time_after(cur, end))
		return 0;
	return end - cur;
}
","static long qxl_fence_wait(struct dma_fence *fence, bool intr,
			   signed long timeout)
{
	struct qxl_device *qdev;
	unsigned long cur, end = jiffies + timeout;

	qdev = container_of(fence->lock, struct qxl_device, release_lock);

	if (!wait_event_timeout(qdev->release_event,
				(dma_fence_is_signaled(fence) ||
				 (qxl_io_notify_oom(qdev), 0)),
				timeout))
		return 0;

	cur = jiffies;
	if (time_after(cur, end))
		return 0;
	return end - cur;
}
",CWE-476,CVE-2024-36944
"static int userfaultfd_release(struct inode *inode, struct file *file)
{
	struct userfaultfd_ctx *ctx = file->private_data;
	struct mm_struct *mm = ctx->mm;
	struct vm_area_struct *vma, *prev;
	/* len == 0 means wake all */
	struct userfaultfd_wake_range range = { .len = 0, };
	unsigned long new_flags;
	VMA_ITERATOR(vmi, mm, 0);

	WRITE_ONCE(ctx->released, true);

	if (!mmget_not_zero(mm))
		goto wakeup;

	/*
	 * Flush page faults out of all CPUs. NOTE: all page faults
	 * must be retried without returning VM_FAULT_SIGBUS if
	 * userfaultfd_ctx_get() succeeds but vma->vma_userfault_ctx
	 * changes while handle_userfault released the mmap_lock. So
	 * it's critical that released is set to true (above), before
	 * taking the mmap_lock for writing.
	 */
	mmap_write_lock(mm);
	prev = NULL;
	for_each_vma(vmi, vma) {
		cond_resched();
		BUG_ON(!!vma->vm_userfaultfd_ctx.ctx ^
		       !!(vma->vm_flags & __VM_UFFD_FLAGS));
		if (vma->vm_userfaultfd_ctx.ctx != ctx) {
			prev = vma;
			continue;
		}
		new_flags = vma->vm_flags & ~__VM_UFFD_FLAGS;
		prev = vma_merge(&vmi, mm, prev, vma->vm_start, vma->vm_end,
				 new_flags, vma->anon_vma,
				 vma->vm_file, vma->vm_pgoff,
				 vma_policy(vma),
				 NULL_VM_UFFD_CTX, anon_vma_name(vma));
		if (prev) {
			vma = prev;
		} else {
			prev = vma;
		}

		vma_start_write(vma);
		userfaultfd_set_vm_flags(vma, new_flags);
		vma->vm_userfaultfd_ctx = NULL_VM_UFFD_CTX;
	}
	mmap_write_unlock(mm);
	mmput(mm);
wakeup:
	/*
	 * After no new page faults can wait on this fault_*wqh, flush
	 * the last page faults that may have been already waiting on
	 * the fault_*wqh.
	 */
	spin_lock_irq(&ctx->fault_pending_wqh.lock);
	__wake_up_locked_key(&ctx->fault_pending_wqh, TASK_NORMAL, &range);
	__wake_up(&ctx->fault_wqh, TASK_NORMAL, 1, &range);
	spin_unlock_irq(&ctx->fault_pending_wqh.lock);

	/* Flush pending events that may still wait on event_wqh */
	wake_up_all(&ctx->event_wqh);

	wake_up_poll(&ctx->fd_wqh, EPOLLHUP);
	userfaultfd_ctx_put(ctx);
	return 0;
}
","static int userfaultfd_release(struct inode *inode, struct file *file)
{
	struct userfaultfd_ctx *ctx = file->private_data;
	struct mm_struct *mm = ctx->mm;
	struct vm_area_struct *vma, *prev;
	/* len == 0 means wake all */
	struct userfaultfd_wake_range range = { .len = 0, };
	unsigned long new_flags;
	VMA_ITERATOR(vmi, mm, 0);

	WRITE_ONCE(ctx->released, true);

	if (!mmget_not_zero(mm))
		goto wakeup;

	/*
	 * Flush page faults out of all CPUs. NOTE: all page faults
	 * must be retried without returning VM_FAULT_SIGBUS if
	 * userfaultfd_ctx_get() succeeds but vma->vma_userfault_ctx
	 * changes while handle_userfault released the mmap_lock. So
	 * it's critical that released is set to true (above), before
	 * taking the mmap_lock for writing.
	 */
	mmap_write_lock(mm);
	prev = NULL;
	for_each_vma(vmi, vma) {
		cond_resched();
		BUG_ON(!!vma->vm_userfaultfd_ctx.ctx ^
		       !!(vma->vm_flags & __VM_UFFD_FLAGS));
		if (vma->vm_userfaultfd_ctx.ctx != ctx) {
			prev = vma;
			continue;
		}
		/* Reset ptes for the whole vma range if wr-protected */
		if (userfaultfd_wp(vma))
			uffd_wp_range(vma, vma->vm_start,
				      vma->vm_end - vma->vm_start, false);
		new_flags = vma->vm_flags & ~__VM_UFFD_FLAGS;
		prev = vma_merge(&vmi, mm, prev, vma->vm_start, vma->vm_end,
				 new_flags, vma->anon_vma,
				 vma->vm_file, vma->vm_pgoff,
				 vma_policy(vma),
				 NULL_VM_UFFD_CTX, anon_vma_name(vma));
		if (prev) {
			vma = prev;
		} else {
			prev = vma;
		}

		vma_start_write(vma);
		userfaultfd_set_vm_flags(vma, new_flags);
		vma->vm_userfaultfd_ctx = NULL_VM_UFFD_CTX;
	}
	mmap_write_unlock(mm);
	mmput(mm);
wakeup:
	/*
	 * After no new page faults can wait on this fault_*wqh, flush
	 * the last page faults that may have been already waiting on
	 * the fault_*wqh.
	 */
	spin_lock_irq(&ctx->fault_pending_wqh.lock);
	__wake_up_locked_key(&ctx->fault_pending_wqh, TASK_NORMAL, &range);
	__wake_up(&ctx->fault_wqh, TASK_NORMAL, 1, &range);
	spin_unlock_irq(&ctx->fault_pending_wqh.lock);

	/* Flush pending events that may still wait on event_wqh */
	wake_up_all(&ctx->event_wqh);

	wake_up_poll(&ctx->fd_wqh, EPOLLHUP);
	userfaultfd_ctx_put(ctx);
	return 0;
}
",CWE-787,CVE-2024-36881
"static int rmem_swiotlb_device_init(struct reserved_mem *rmem,
				    struct device *dev)
{
	struct io_tlb_mem *mem = rmem->priv;
	unsigned long nslabs = rmem->size >> IO_TLB_SHIFT;

	/* Set Per-device io tlb area to one */
	unsigned int nareas = 1;

	if (PageHighMem(pfn_to_page(PHYS_PFN(rmem->base)))) {
		dev_err(dev, ""Restricted DMA pool must be accessible within the linear mapping."");
		return -EINVAL;
	}

	/*
	 * Since multiple devices can share the same pool, the private data,
	 * io_tlb_mem struct, will be initialized by the first device attached
	 * to it.
	 */
	if (!mem) {
		struct io_tlb_pool *pool;

		mem = kzalloc(sizeof(*mem), GFP_KERNEL);
		if (!mem)
			return -ENOMEM;
		pool = &mem->defpool;

		pool->slots = kcalloc(nslabs, sizeof(*pool->slots), GFP_KERNEL);
		if (!pool->slots) {
			kfree(mem);
			return -ENOMEM;
		}

		pool->areas = kcalloc(nareas, sizeof(*pool->areas),
				GFP_KERNEL);
		if (!pool->areas) {
			kfree(pool->slots);
			kfree(mem);
			return -ENOMEM;
		}

		set_memory_decrypted((unsigned long)phys_to_virt(rmem->base),
				     rmem->size >> PAGE_SHIFT);
		swiotlb_init_io_tlb_pool(pool, rmem->base, nslabs,
					 false, nareas);
		mem->force_bounce = true;
		mem->for_alloc = true;
#ifdef CONFIG_SWIOTLB_DYNAMIC
		spin_lock_init(&mem->lock);
#endif
		add_mem_pool(mem, pool);

		rmem->priv = mem;

		swiotlb_create_debugfs_files(mem, rmem->name);
	}

	dev->dma_io_tlb_mem = mem;

	return 0;
}
","static int rmem_swiotlb_device_init(struct reserved_mem *rmem,
				    struct device *dev)
{
	struct io_tlb_mem *mem = rmem->priv;
	unsigned long nslabs = rmem->size >> IO_TLB_SHIFT;

	/* Set Per-device io tlb area to one */
	unsigned int nareas = 1;

	if (PageHighMem(pfn_to_page(PHYS_PFN(rmem->base)))) {
		dev_err(dev, ""Restricted DMA pool must be accessible within the linear mapping."");
		return -EINVAL;
	}

	/*
	 * Since multiple devices can share the same pool, the private data,
	 * io_tlb_mem struct, will be initialized by the first device attached
	 * to it.
	 */
	if (!mem) {
		struct io_tlb_pool *pool;

		mem = kzalloc(sizeof(*mem), GFP_KERNEL);
		if (!mem)
			return -ENOMEM;
		pool = &mem->defpool;

		pool->slots = kcalloc(nslabs, sizeof(*pool->slots), GFP_KERNEL);
		if (!pool->slots) {
			kfree(mem);
			return -ENOMEM;
		}

		pool->areas = kcalloc(nareas, sizeof(*pool->areas),
				GFP_KERNEL);
		if (!pool->areas) {
			kfree(pool->slots);
			kfree(mem);
			return -ENOMEM;
		}

		set_memory_decrypted((unsigned long)phys_to_virt(rmem->base),
				     rmem->size >> PAGE_SHIFT);
		swiotlb_init_io_tlb_pool(pool, rmem->base, nslabs,
					 false, nareas);
		mem->force_bounce = true;
		mem->for_alloc = true;
#ifdef CONFIG_SWIOTLB_DYNAMIC
		spin_lock_init(&mem->lock);
		INIT_LIST_HEAD_RCU(&mem->pools);
#endif
		add_mem_pool(mem, pool);

		rmem->priv = mem;

		swiotlb_create_debugfs_files(mem, rmem->name);
	}

	dev->dma_io_tlb_mem = mem;

	return 0;
}
",CWE-125,CVE-2024-36925
"void v9fs_evict_inode(struct inode *inode)
{
	struct v9fs_inode __maybe_unused *v9inode = V9FS_I(inode);
	__le32 __maybe_unused version;

	truncate_inode_pages_final(&inode->i_data);

	version = cpu_to_le32(v9inode->qid.version);
	netfs_clear_inode_writeback(inode, &version);

	clear_inode(inode);
	filemap_fdatawrite(&inode->i_data);

#ifdef CONFIG_9P_FSCACHE
	fscache_relinquish_cookie(v9fs_inode_cookie(v9inode), false);
#endif
}
","void v9fs_evict_inode(struct inode *inode)
{
	struct v9fs_inode __maybe_unused *v9inode = V9FS_I(inode);
	__le32 __maybe_unused version;

	if (!is_bad_inode(inode)) {
		truncate_inode_pages_final(&inode->i_data);

		version = cpu_to_le32(v9inode->qid.version);
		netfs_clear_inode_writeback(inode, &version);

		clear_inode(inode);
		filemap_fdatawrite(&inode->i_data);

#ifdef CONFIG_9P_FSCACHE
		if (v9fs_inode_cookie(v9inode))
			fscache_relinquish_cookie(v9fs_inode_cookie(v9inode), false);
#endif
	} else
		clear_inode(inode);
}
",CWE-787,CVE-2024-36923
"struct sk_buff *skb_copy_expand(const struct sk_buff *skb,
				int newheadroom, int newtailroom,
				gfp_t gfp_mask)
{
	/*
	 *	Allocate the copy buffer
	 */
	struct sk_buff *n = __alloc_skb(newheadroom + skb->len + newtailroom,
					gfp_mask, skb_alloc_rx_flag(skb),
					NUMA_NO_NODE);
	int oldheadroom = skb_headroom(skb);
	int head_copy_len, head_copy_off;

	if (!n)
		return NULL;

	skb_reserve(n, newheadroom);

	/* Set the tail pointer and length */
	skb_put(n, skb->len);

	head_copy_len = oldheadroom;
	head_copy_off = 0;
	if (newheadroom <= head_copy_len)
		head_copy_len = newheadroom;
	else
		head_copy_off = newheadroom - head_copy_len;

	/* Copy the linear header and data. */
	BUG_ON(skb_copy_bits(skb, -head_copy_len, n->head + head_copy_off,
			     skb->len + head_copy_len));

	skb_copy_header(n, skb);

	skb_headers_offset_update(n, newheadroom - oldheadroom);

	return n;
}
","struct sk_buff *skb_copy_expand(const struct sk_buff *skb,
				int newheadroom, int newtailroom,
				gfp_t gfp_mask)
{
	/*
	 *	Allocate the copy buffer
	 */
	int head_copy_len, head_copy_off;
	struct sk_buff *n;
	int oldheadroom;

	if (WARN_ON_ONCE(skb_shinfo(skb)->gso_type & SKB_GSO_FRAGLIST))
		return NULL;

	oldheadroom = skb_headroom(skb);
	n = __alloc_skb(newheadroom + skb->len + newtailroom,
			gfp_mask, skb_alloc_rx_flag(skb),
			NUMA_NO_NODE);
	if (!n)
		return NULL;

	skb_reserve(n, newheadroom);

	/* Set the tail pointer and length */
	skb_put(n, skb->len);

	head_copy_len = oldheadroom;
	head_copy_off = 0;
	if (newheadroom <= head_copy_len)
		head_copy_len = newheadroom;
	else
		head_copy_off = newheadroom - head_copy_len;

	/* Copy the linear header and data. */
	BUG_ON(skb_copy_bits(skb, -head_copy_len, n->head + head_copy_off,
			     skb->len + head_copy_len));

	skb_copy_header(n, skb);

	skb_headers_offset_update(n, newheadroom - oldheadroom);

	return n;
}
",CWE-787,CVE-2024-36929
"static ssize_t disable_show(struct device *dev,
			      struct device_attribute *attr, char *buf)
{
	struct usb_port *port_dev = to_usb_port(dev);
	struct usb_device *hdev = to_usb_device(dev->parent->parent);
	struct usb_hub *hub = usb_hub_to_struct_hub(hdev);
	struct usb_interface *intf = to_usb_interface(hub->intfdev);
	int port1 = port_dev->portnum;
	u16 portstatus, unused;
	bool disabled;
	int rc;
	struct kernfs_node *kn;

	hub_get(hub);
	rc = usb_autopm_get_interface(intf);
	if (rc < 0)
		goto out_hub_get;

	/*
	 * Prevent deadlock if another process is concurrently
	 * trying to unregister hdev.
	 */
	kn = sysfs_break_active_protection(&dev->kobj, &attr->attr);
	if (!kn) {
		rc = -ENODEV;
		goto out_autopm;
	}
	usb_lock_device(hdev);
	if (hub->disconnected) {
		rc = -ENODEV;
		goto out_hdev_lock;
	}

	usb_hub_port_status(hub, port1, &portstatus, &unused);
	disabled = !usb_port_is_power_on(hub, portstatus);

 out_hdev_lock:
	usb_unlock_device(hdev);
	sysfs_unbreak_active_protection(kn);
 out_autopm:
	usb_autopm_put_interface(intf);
 out_hub_get:
	hub_put(hub);

	if (rc)
		return rc;

	return sysfs_emit(buf, ""%s\n"", disabled ? ""1"" : ""0"");
}
","static ssize_t disable_show(struct device *dev,
			      struct device_attribute *attr, char *buf)
{
	struct usb_port *port_dev = to_usb_port(dev);
	struct usb_device *hdev = to_usb_device(dev->parent->parent);
	struct usb_hub *hub = usb_hub_to_struct_hub(hdev);
	struct usb_interface *intf = to_usb_interface(dev->parent);
	int port1 = port_dev->portnum;
	u16 portstatus, unused;
	bool disabled;
	int rc;
	struct kernfs_node *kn;

	if (!hub)
		return -ENODEV;
	hub_get(hub);
	rc = usb_autopm_get_interface(intf);
	if (rc < 0)
		goto out_hub_get;

	/*
	 * Prevent deadlock if another process is concurrently
	 * trying to unregister hdev.
	 */
	kn = sysfs_break_active_protection(&dev->kobj, &attr->attr);
	if (!kn) {
		rc = -ENODEV;
		goto out_autopm;
	}
	usb_lock_device(hdev);
	if (hub->disconnected) {
		rc = -ENODEV;
		goto out_hdev_lock;
	}

	usb_hub_port_status(hub, port1, &portstatus, &unused);
	disabled = !usb_port_is_power_on(hub, portstatus);

 out_hdev_lock:
	usb_unlock_device(hdev);
	sysfs_unbreak_active_protection(kn);
 out_autopm:
	usb_autopm_put_interface(intf);
 out_hub_get:
	hub_put(hub);

	if (rc)
		return rc;

	return sysfs_emit(buf, ""%s\n"", disabled ? ""1"" : ""0"");
}
",CWE-476,CVE-2024-36896
"static int __spi_sync(struct spi_device *spi, struct spi_message *message)
{
	DECLARE_COMPLETION_ONSTACK(done);
	int status;
	struct spi_controller *ctlr = spi->controller;

	if (__spi_check_suspended(ctlr)) {
		dev_warn_once(&spi->dev, ""Attempted to sync while suspend\n"");
		return -ESHUTDOWN;
	}

	status = __spi_validate(spi, message);
	if (status != 0)
		return status;

	SPI_STATISTICS_INCREMENT_FIELD(ctlr->pcpu_statistics, spi_sync);
	SPI_STATISTICS_INCREMENT_FIELD(spi->pcpu_statistics, spi_sync);

	/*
	 * Checking queue_empty here only guarantees async/sync message
	 * ordering when coming from the same context. It does not need to
	 * guard against reentrancy from a different context. The io_mutex
	 * will catch those cases.
	 */
	if (READ_ONCE(ctlr->queue_empty) && !ctlr->must_async) {
		message->actual_length = 0;
		message->status = -EINPROGRESS;

		trace_spi_message_submit(message);

		SPI_STATISTICS_INCREMENT_FIELD(ctlr->pcpu_statistics, spi_sync_immediate);
		SPI_STATISTICS_INCREMENT_FIELD(spi->pcpu_statistics, spi_sync_immediate);

		__spi_transfer_message_noqueue(ctlr, message);

		return message->status;
	}

	/*
	 * There are messages in the async queue that could have originated
	 * from the same context, so we need to preserve ordering.
	 * Therefor we send the message to the async queue and wait until they
	 * are completed.
	 */
	message->complete = spi_complete;
	message->context = &done;
	status = spi_async_locked(spi, message);
	if (status == 0) {
		wait_for_completion(&done);
		status = message->status;
	}
	message->context = NULL;

	return status;
}
","static int __spi_sync(struct spi_device *spi, struct spi_message *message)
{
	DECLARE_COMPLETION_ONSTACK(done);
	int status;
	struct spi_controller *ctlr = spi->controller;

	if (__spi_check_suspended(ctlr)) {
		dev_warn_once(&spi->dev, ""Attempted to sync while suspend\n"");
		return -ESHUTDOWN;
	}

	status = __spi_validate(spi, message);
	if (status != 0)
		return status;

	SPI_STATISTICS_INCREMENT_FIELD(ctlr->pcpu_statistics, spi_sync);
	SPI_STATISTICS_INCREMENT_FIELD(spi->pcpu_statistics, spi_sync);

	/*
	 * Checking queue_empty here only guarantees async/sync message
	 * ordering when coming from the same context. It does not need to
	 * guard against reentrancy from a different context. The io_mutex
	 * will catch those cases.
	 */
	if (READ_ONCE(ctlr->queue_empty) && !ctlr->must_async) {
		message->actual_length = 0;
		message->status = -EINPROGRESS;

		trace_spi_message_submit(message);

		SPI_STATISTICS_INCREMENT_FIELD(ctlr->pcpu_statistics, spi_sync_immediate);
		SPI_STATISTICS_INCREMENT_FIELD(spi->pcpu_statistics, spi_sync_immediate);

		__spi_transfer_message_noqueue(ctlr, message);

		return message->status;
	}

	/*
	 * There are messages in the async queue that could have originated
	 * from the same context, so we need to preserve ordering.
	 * Therefor we send the message to the async queue and wait until they
	 * are completed.
	 */
	message->complete = spi_complete;
	message->context = &done;
	status = spi_async_locked(spi, message);
	if (status == 0) {
		wait_for_completion(&done);
		status = message->status;
	}
	message->complete = NULL;
	message->context = NULL;

	return status;
}
",CWE-457,CVE-2024-36930
"int vgic_v2_parse_attr(struct kvm_device *dev, struct kvm_device_attr *attr,
		       struct vgic_reg_attr *reg_attr)
{
	int cpuid;

	cpuid = FIELD_GET(KVM_DEV_ARM_VGIC_CPUID_MASK, attr->attr);

	reg_attr->vcpu = kvm_get_vcpu_by_id(dev->kvm, cpuid);
	reg_attr->addr = attr->attr & KVM_DEV_ARM_VGIC_OFFSET_MASK;

	return 0;
}
","int vgic_v2_parse_attr(struct kvm_device *dev, struct kvm_device_attr *attr,
		       struct vgic_reg_attr *reg_attr)
{
	int cpuid = FIELD_GET(KVM_DEV_ARM_VGIC_CPUID_MASK, attr->attr);

	reg_attr->addr = attr->attr & KVM_DEV_ARM_VGIC_OFFSET_MASK;
	reg_attr->vcpu = kvm_get_vcpu_by_id(dev->kvm, cpuid);
	if (!reg_attr->vcpu)
		return -EINVAL;

	return 0;
}
",CWE-476,CVE-2024-36953
"static int blk_ioctl_discard(struct block_device *bdev, blk_mode_t mode,
		unsigned long arg)
{
	uint64_t range[2];
	uint64_t start, len;
	struct inode *inode = bdev->bd_inode;
	int err;

	if (!(mode & BLK_OPEN_WRITE))
		return -EBADF;

	if (!bdev_max_discard_sectors(bdev))
		return -EOPNOTSUPP;

	if (copy_from_user(range, (void __user *)arg, sizeof(range)))
		return -EFAULT;

	start = range[0];
	len = range[1];

	if (start & 511)
		return -EINVAL;
	if (len & 511)
		return -EINVAL;

	if (start + len > bdev_nr_bytes(bdev))
		return -EINVAL;

	filemap_invalidate_lock(inode->i_mapping);
	err = truncate_bdev_range(bdev, mode, start, start + len - 1);
	if (err)
		goto fail;
	err = blkdev_issue_discard(bdev, start >> 9, len >> 9, GFP_KERNEL);
fail:
	filemap_invalidate_unlock(inode->i_mapping);
	return err;
}
","static int blk_ioctl_discard(struct block_device *bdev, blk_mode_t mode,
		unsigned long arg)
{
	uint64_t range[2];
	uint64_t start, len, end;
	struct inode *inode = bdev->bd_inode;
	int err;

	if (!(mode & BLK_OPEN_WRITE))
		return -EBADF;

	if (!bdev_max_discard_sectors(bdev))
		return -EOPNOTSUPP;

	if (copy_from_user(range, (void __user *)arg, sizeof(range)))
		return -EFAULT;

	start = range[0];
	len = range[1];

	if (start & 511)
		return -EINVAL;
	if (len & 511)
		return -EINVAL;

	if (check_add_overflow(start, len, &end) ||
	    end > bdev_nr_bytes(bdev))
		return -EINVAL;

	filemap_invalidate_lock(inode->i_mapping);
	err = truncate_bdev_range(bdev, mode, start, start + len - 1);
	if (err)
		goto fail;
	err = blkdev_issue_discard(bdev, start >> 9, len >> 9, GFP_KERNEL);
fail:
	filemap_invalidate_unlock(inode->i_mapping);
	return err;
}
",CWE-787,CVE-2024-36917
"static int __fib6_rule_action(struct fib_rule *rule, struct flowi *flp,
			      int flags, struct fib_lookup_arg *arg)
{
	struct fib6_result *res = arg->result;
	struct flowi6 *flp6 = &flp->u.ip6;
	struct rt6_info *rt = NULL;
	struct fib6_table *table;
	struct net *net = rule->fr_net;
	pol_lookup_t lookup = arg->lookup_ptr;
	int err = 0;
	u32 tb_id;

	switch (rule->action) {
	case FR_ACT_TO_TBL:
		break;
	case FR_ACT_UNREACHABLE:
		err = -ENETUNREACH;
		rt = net->ipv6.ip6_null_entry;
		goto discard_pkt;
	default:
	case FR_ACT_BLACKHOLE:
		err = -EINVAL;
		rt = net->ipv6.ip6_blk_hole_entry;
		goto discard_pkt;
	case FR_ACT_PROHIBIT:
		err = -EACCES;
		rt = net->ipv6.ip6_prohibit_entry;
		goto discard_pkt;
	}

	tb_id = fib_rule_get_table(rule, arg);
	table = fib6_get_table(net, tb_id);
	if (!table) {
		err = -EAGAIN;
		goto out;
	}

	rt = pol_lookup_func(lookup,
			     net, table, flp6, arg->lookup_data, flags);
	if (rt != net->ipv6.ip6_null_entry) {
		err = fib6_rule_saddr(net, rule, flags, flp6,
				      ip6_dst_idev(&rt->dst)->dev);

		if (err == -EAGAIN)
			goto again;

		err = rt->dst.error;
		if (err != -EAGAIN)
			goto out;
	}
again:
	ip6_rt_put_flags(rt, flags);
	err = -EAGAIN;
	rt = NULL;
	goto out;

discard_pkt:
	if (!(flags & RT6_LOOKUP_F_DST_NOREF))
		dst_hold(&rt->dst);
out:
	res->rt6 = rt;
	return err;
}
","static int __fib6_rule_action(struct fib_rule *rule, struct flowi *flp,
			      int flags, struct fib_lookup_arg *arg)
{
	struct fib6_result *res = arg->result;
	struct flowi6 *flp6 = &flp->u.ip6;
	struct rt6_info *rt = NULL;
	struct fib6_table *table;
	struct net *net = rule->fr_net;
	pol_lookup_t lookup = arg->lookup_ptr;
	int err = 0;
	u32 tb_id;

	switch (rule->action) {
	case FR_ACT_TO_TBL:
		break;
	case FR_ACT_UNREACHABLE:
		err = -ENETUNREACH;
		rt = net->ipv6.ip6_null_entry;
		goto discard_pkt;
	default:
	case FR_ACT_BLACKHOLE:
		err = -EINVAL;
		rt = net->ipv6.ip6_blk_hole_entry;
		goto discard_pkt;
	case FR_ACT_PROHIBIT:
		err = -EACCES;
		rt = net->ipv6.ip6_prohibit_entry;
		goto discard_pkt;
	}

	tb_id = fib_rule_get_table(rule, arg);
	table = fib6_get_table(net, tb_id);
	if (!table) {
		err = -EAGAIN;
		goto out;
	}

	rt = pol_lookup_func(lookup,
			     net, table, flp6, arg->lookup_data, flags);
	if (rt != net->ipv6.ip6_null_entry) {
		struct inet6_dev *idev = ip6_dst_idev(&rt->dst);

		if (!idev)
			goto again;
		err = fib6_rule_saddr(net, rule, flags, flp6,
				      idev->dev);

		if (err == -EAGAIN)
			goto again;

		err = rt->dst.error;
		if (err != -EAGAIN)
			goto out;
	}
again:
	ip6_rt_put_flags(rt, flags);
	err = -EAGAIN;
	rt = NULL;
	goto out;

discard_pkt:
	if (!(flags & RT6_LOOKUP_F_DST_NOREF))
		dst_hold(&rt->dst);
out:
	res->rt6 = rt;
	return err;
}
",CWE-476,CVE-2024-36902
"static bool iocg_kick_delay(struct ioc_gq *iocg, struct ioc_now *now)
{
	struct ioc *ioc = iocg->ioc;
	struct blkcg_gq *blkg = iocg_to_blkg(iocg);
	u64 tdelta, delay, new_delay;
	s64 vover, vover_pct;
	u32 hwa;

	lockdep_assert_held(&iocg->waitq.lock);

	/*
	 * If the delay is set by another CPU, we may be in the past. No need to
	 * change anything if so. This avoids decay calculation underflow.
	 */
	if (time_before64(now->now, iocg->delay_at))
		return false;

	/* calculate the current delay in effect - 1/2 every second */
	tdelta = now->now - iocg->delay_at;
	if (iocg->delay)
		delay = iocg->delay >> div64_u64(tdelta, USEC_PER_SEC);
	else
		delay = 0;

	/* calculate the new delay from the debt amount */
	current_hweight(iocg, &hwa, NULL);
	vover = atomic64_read(&iocg->vtime) +
		abs_cost_to_cost(iocg->abs_vdebt, hwa) - now->vnow;
	vover_pct = div64_s64(100 * vover,
			      ioc->period_us * ioc->vtime_base_rate);

	if (vover_pct <= MIN_DELAY_THR_PCT)
		new_delay = 0;
	else if (vover_pct >= MAX_DELAY_THR_PCT)
		new_delay = MAX_DELAY;
	else
		new_delay = MIN_DELAY +
			div_u64((MAX_DELAY - MIN_DELAY) *
				(vover_pct - MIN_DELAY_THR_PCT),
				MAX_DELAY_THR_PCT - MIN_DELAY_THR_PCT);

	/* pick the higher one and apply */
	if (new_delay > delay) {
		iocg->delay = new_delay;
		iocg->delay_at = now->now;
		delay = new_delay;
	}

	if (delay >= MIN_DELAY) {
		if (!iocg->indelay_since)
			iocg->indelay_since = now->now;
		blkcg_set_delay(blkg, delay * NSEC_PER_USEC);
		return true;
	} else {
		if (iocg->indelay_since) {
			iocg->stat.indelay_us += now->now - iocg->indelay_since;
			iocg->indelay_since = 0;
		}
		iocg->delay = 0;
		blkcg_clear_delay(blkg);
		return false;
	}
}
","static bool iocg_kick_delay(struct ioc_gq *iocg, struct ioc_now *now)
{
	struct ioc *ioc = iocg->ioc;
	struct blkcg_gq *blkg = iocg_to_blkg(iocg);
	u64 tdelta, delay, new_delay, shift;
	s64 vover, vover_pct;
	u32 hwa;

	lockdep_assert_held(&iocg->waitq.lock);

	/*
	 * If the delay is set by another CPU, we may be in the past. No need to
	 * change anything if so. This avoids decay calculation underflow.
	 */
	if (time_before64(now->now, iocg->delay_at))
		return false;

	/* calculate the current delay in effect - 1/2 every second */
	tdelta = now->now - iocg->delay_at;
	shift = div64_u64(tdelta, USEC_PER_SEC);
	if (iocg->delay && shift < BITS_PER_LONG)
		delay = iocg->delay >> shift;
	else
		delay = 0;

	/* calculate the new delay from the debt amount */
	current_hweight(iocg, &hwa, NULL);
	vover = atomic64_read(&iocg->vtime) +
		abs_cost_to_cost(iocg->abs_vdebt, hwa) - now->vnow;
	vover_pct = div64_s64(100 * vover,
			      ioc->period_us * ioc->vtime_base_rate);

	if (vover_pct <= MIN_DELAY_THR_PCT)
		new_delay = 0;
	else if (vover_pct >= MAX_DELAY_THR_PCT)
		new_delay = MAX_DELAY;
	else
		new_delay = MIN_DELAY +
			div_u64((MAX_DELAY - MIN_DELAY) *
				(vover_pct - MIN_DELAY_THR_PCT),
				MAX_DELAY_THR_PCT - MIN_DELAY_THR_PCT);

	/* pick the higher one and apply */
	if (new_delay > delay) {
		iocg->delay = new_delay;
		iocg->delay_at = now->now;
		delay = new_delay;
	}

	if (delay >= MIN_DELAY) {
		if (!iocg->indelay_since)
			iocg->indelay_since = now->now;
		blkcg_set_delay(blkg, delay * NSEC_PER_USEC);
		return true;
	} else {
		if (iocg->indelay_since) {
			iocg->stat.indelay_us += now->now - iocg->indelay_since;
			iocg->indelay_since = 0;
		}
		iocg->delay = 0;
		blkcg_clear_delay(blkg);
		return false;
	}
}
",CWE-190,CVE-2024-36916
"static int register_device(int minor, struct pp_struct *pp)
{
	struct parport *port;
	struct pardevice *pdev = NULL;
	char *name;
	struct pardev_cb ppdev_cb;
	int rc = 0, index;

	name = kasprintf(GFP_KERNEL, CHRDEV ""%x"", minor);
	if (name == NULL)
		return -ENOMEM;

	port = parport_find_number(minor);
	if (!port) {
		pr_warn(""%s: no associated port!\n"", name);
		rc = -ENXIO;
		goto err;
	}

	index = ida_alloc(&ida_index, GFP_KERNEL);
	memset(&ppdev_cb, 0, sizeof(ppdev_cb));
	ppdev_cb.irq_func = pp_irq;
	ppdev_cb.flags = (pp->flags & PP_EXCL) ? PARPORT_FLAG_EXCL : 0;
	ppdev_cb.private = pp;
	pdev = parport_register_dev_model(port, name, &ppdev_cb, index);
	parport_put_port(port);

	if (!pdev) {
		pr_warn(""%s: failed to register device!\n"", name);
		rc = -ENXIO;
		ida_free(&ida_index, index);
		goto err;
	}

	pp->pdev = pdev;
	pp->index = index;
	dev_dbg(&pdev->dev, ""registered pardevice\n"");
err:
	kfree(name);
	return rc;
}
","static int register_device(int minor, struct pp_struct *pp)
{
	struct parport *port;
	struct pardevice *pdev = NULL;
	char *name;
	struct pardev_cb ppdev_cb;
	int rc = 0, index;

	name = kasprintf(GFP_KERNEL, CHRDEV ""%x"", minor);
	if (name == NULL)
		return -ENOMEM;

	port = parport_find_number(minor);
	if (!port) {
		pr_warn(""%s: no associated port!\n"", name);
		rc = -ENXIO;
		goto err_free_name;
	}

	index = ida_alloc(&ida_index, GFP_KERNEL);
	if (index < 0) {
		pr_warn(""%s: failed to get index!\n"", name);
		rc = index;
		goto err_put_port;
	}

	memset(&ppdev_cb, 0, sizeof(ppdev_cb));
	ppdev_cb.irq_func = pp_irq;
	ppdev_cb.flags = (pp->flags & PP_EXCL) ? PARPORT_FLAG_EXCL : 0;
	ppdev_cb.private = pp;
	pdev = parport_register_dev_model(port, name, &ppdev_cb, index);

	if (!pdev) {
		pr_warn(""%s: failed to register device!\n"", name);
		rc = -ENXIO;
		ida_free(&ida_index, index);
		goto err_put_port;
	}

	pp->pdev = pdev;
	pp->index = index;
	dev_dbg(&pdev->dev, ""registered pardevice\n"");
err_put_port:
	parport_put_port(port);
err_free_name:
	kfree(name);
	return rc;
}
",CWE-190,CVE-2024-36015
"static int gpio_chrdev_release(struct inode *inode, struct file *file)
{
	struct gpio_chardev_data *cdev = file->private_data;
	struct gpio_device *gdev = cdev->gdev;

	bitmap_free(cdev->watched_lines);
	blocking_notifier_chain_unregister(&gdev->device_notifier,
					   &cdev->device_unregistered_nb);
	blocking_notifier_chain_unregister(&gdev->line_state_notifier,
					   &cdev->lineinfo_changed_nb);
	gpio_device_put(gdev);
	kfree(cdev);

	return 0;
}
","static int gpio_chrdev_release(struct inode *inode, struct file *file)
{
	struct gpio_chardev_data *cdev = file->private_data;
	struct gpio_device *gdev = cdev->gdev;

	blocking_notifier_chain_unregister(&gdev->device_notifier,
					   &cdev->device_unregistered_nb);
	blocking_notifier_chain_unregister(&gdev->line_state_notifier,
					   &cdev->lineinfo_changed_nb);
	bitmap_free(cdev->watched_lines);
	gpio_device_put(gdev);
	kfree(cdev);

	return 0;
}
",CWE-457,CVE-2024-36899
"int mas_empty_area_rev(struct ma_state *mas, unsigned long min,
		unsigned long max, unsigned long size)
{
	struct maple_enode *last = mas->node;

	if (min >= max)
		return -EINVAL;

	if (mas_is_start(mas)) {
		mas_start(mas);
		mas->offset = mas_data_end(mas);
	} else if (mas->offset >= 2) {
		mas->offset -= 2;
	} else if (!mas_rewind_node(mas)) {
		return -EBUSY;
	}

	/* Empty set. */
	if (mas_is_none(mas) || mas_is_ptr(mas))
		return mas_sparse_area(mas, min, max, size, false);

	/* The start of the window can only be within these values. */
	mas->index = min;
	mas->last = max;

	while (!mas_rev_awalk(mas, size, &min, &max)) {
		if (last == mas->node) {
			if (!mas_rewind_node(mas))
				return -EBUSY;
		} else {
			last = mas->node;
		}
	}

	if (mas_is_err(mas))
		return xa_err(mas->node);

	if (unlikely(mas->offset == MAPLE_NODE_SLOTS))
		return -EBUSY;

	/* Trim the upper limit to the max. */
	if (max <= mas->last)
		mas->last = max;

	mas->index = mas->last - size + 1;
	return 0;
}
","int mas_empty_area_rev(struct ma_state *mas, unsigned long min,
		unsigned long max, unsigned long size)
{
	struct maple_enode *last = mas->node;

	if (min >= max)
		return -EINVAL;

	if (mas_is_start(mas))
		mas_start(mas);
	else if ((mas->offset < 2) && (!mas_rewind_node(mas)))
		return -EBUSY;

	if (unlikely(mas_is_none(mas) || mas_is_ptr(mas)))
		return mas_sparse_area(mas, min, max, size, false);
	else if (mas->offset >= 2)
		mas->offset -= 2;
	else
		mas->offset = mas_data_end(mas);


	/* The start of the window can only be within these values. */
	mas->index = min;
	mas->last = max;

	while (!mas_rev_awalk(mas, size, &min, &max)) {
		if (last == mas->node) {
			if (!mas_rewind_node(mas))
				return -EBUSY;
		} else {
			last = mas->node;
		}
	}

	if (mas_is_err(mas))
		return xa_err(mas->node);

	if (unlikely(mas->offset == MAPLE_NODE_SLOTS))
		return -EBUSY;

	/* Trim the upper limit to the max. */
	if (max <= mas->last)
		mas->last = max;

	mas->index = mas->last - size + 1;
	return 0;
}
",CWE-125,CVE-2024-36891
"static void
ppp_hdlc(netdissect_options *ndo,
         const u_char *p, u_int length)
{
	u_int caplen = ND_BYTES_AVAILABLE_AFTER(p);
	u_char *b, *t, c;
	const u_char *s;
	u_int i, proto;
	const void *sb, *se;

	if (caplen == 0)
		return;

        if (length == 0)
                return;

	b = (u_char *)nd_malloc(ndo, caplen);
	if (b == NULL)
		return;

	/*
	 * Unescape all the data into a temporary, private, buffer.
	 * Do this so that we don't overwrite the original packet
	 * contents.
	 */
	for (s = p, t = b, i = caplen; i != 0; i--) {
		c = GET_U_1(s);
		s++;
		if (c == 0x7d) {
			if (i <= 1)
				break;
			i--;
			c = GET_U_1(s) ^ 0x20;
			s++;
		}
		*t++ = c;
	}

	/*
	 * Change the end pointer, so bounds checks work.
	 * Change the pointer to packet data to help debugging.
	 */
	sb = ndo->ndo_packetp;
	se = ndo->ndo_snapend;
	ndo->ndo_packetp = b;
	ndo->ndo_snapend = t;
	length = ND_BYTES_AVAILABLE_AFTER(b);

        /* now lets guess about the payload codepoint format */
        if (length < 1)
                goto trunc;
        proto = GET_U_1(b); /* start with a one-octet codepoint guess */

        switch (proto) {
        case PPP_IP:
		ip_print(ndo, b + 1, length - 1);
		goto cleanup;
        case PPP_IPV6:
		ip6_print(ndo, b + 1, length - 1);
		goto cleanup;
        default: /* no luck - try next guess */
		break;
        }

        if (length < 2)
                goto trunc;
        proto = GET_BE_U_2(b); /* next guess - load two octets */

        switch (proto) {
        case (PPP_ADDRESS << 8 | PPP_CONTROL): /* looks like a PPP frame */
            if (length < 4)
                goto trunc;
            proto = GET_BE_U_2(b + 2); /* load the PPP proto-id */
            if ((proto & 0xff00) == 0x7e00)
                ND_PRINT(""(protocol 0x%04x invalid)"", proto);
            else
                handle_ppp(ndo, proto, b + 4, length - 4);
            break;
        default: /* last guess - proto must be a PPP proto-id */
            if ((proto & 0xff00) == 0x7e00)
                ND_PRINT(""(protocol 0x%04x invalid)"", proto);
            else
                handle_ppp(ndo, proto, b + 2, length - 2);
            break;
        }

cleanup:
	ndo->ndo_packetp = sb;
	ndo->ndo_snapend = se;
        return;

trunc:
	ndo->ndo_packetp = sb;
	ndo->ndo_snapend = se;
	nd_print_trunc(ndo);
}
","static void
ppp_hdlc(netdissect_options *ndo,
         const u_char *p, u_int length)
{
	u_int caplen = ND_BYTES_AVAILABLE_AFTER(p);
	u_char *b, *t, c;
	const u_char *s;
	u_int i, proto;

	if (caplen == 0)
		return;

        if (length == 0)
                return;

	b = (u_char *)malloc(caplen);
	if (b == NULL) {
		(*ndo->ndo_error)(ndo, S_ERR_ND_MEM_ALLOC,
			""%s: malloc"", __func__);
	}

	/*
	 * Unescape all the data into a temporary, private, buffer.
	 * Do this so that we don't overwrite the original packet
	 * contents.
	 */
	for (s = p, t = b, i = caplen; i != 0; i--) {
		c = GET_U_1(s);
		s++;
		if (c == 0x7d) {
			if (i <= 1)
				break;
			i--;
			c = GET_U_1(s) ^ 0x20;
			s++;
		}
		*t++ = c;
	}

	/*
	 * Switch to the output buffer for dissection, and save it
	 * on the buffer stack so it can be freed; our caller must
	 * pop it when done.
	 */
	if (!nd_push_buffer(ndo, b, b, (u_int)(t - b))) {
		free(b);
		(*ndo->ndo_error)(ndo, S_ERR_ND_MEM_ALLOC,
			""%s: can't push buffer on buffer stack"", __func__);
	}
	length = ND_BYTES_AVAILABLE_AFTER(b);

        /* now lets guess about the payload codepoint format */
        if (length < 1)
                goto trunc;
        proto = GET_U_1(b); /* start with a one-octet codepoint guess */

        switch (proto) {
        case PPP_IP:
		ip_print(ndo, b + 1, length - 1);
		goto cleanup;
        case PPP_IPV6:
		ip6_print(ndo, b + 1, length - 1);
		goto cleanup;
        default: /* no luck - try next guess */
		break;
        }

        if (length < 2)
                goto trunc;
        proto = GET_BE_U_2(b); /* next guess - load two octets */

        switch (proto) {
        case (PPP_ADDRESS << 8 | PPP_CONTROL): /* looks like a PPP frame */
            if (length < 4)
                goto trunc;
            proto = GET_BE_U_2(b + 2); /* load the PPP proto-id */
            if ((proto & 0xff00) == 0x7e00)
                ND_PRINT(""(protocol 0x%04x invalid)"", proto);
            else
                handle_ppp(ndo, proto, b + 4, length - 4);
            break;
        default: /* last guess - proto must be a PPP proto-id */
            if ((proto & 0xff00) == 0x7e00)
                ND_PRINT(""(protocol 0x%04x invalid)"", proto);
            else
                handle_ppp(ndo, proto, b + 2, length - 2);
            break;
        }

cleanup:
	nd_pop_packet_info(ndo);
        return;

trunc:
	nd_pop_packet_info(ndo);
	nd_print_trunc(ndo);
}
",CWE-787,CVE-2024-2397
"TEST_F(ConnectionParsing, Http_0_9_Multiple) {
    int rc = test_run(home, ""23-http09-multiple.t"", cfg, &connp);
    ASSERT_GE(rc, 0);

    ASSERT_EQ(1, htp_list_size(connp->conn->transactions));
    ASSERT_TRUE(connp->conn->flags & HTP_CONN_HTTP_0_9_EXTRA);

    htp_tx_t *tx = (htp_tx_t *) htp_list_get(connp->conn->transactions, 0);
    ASSERT_TRUE(tx != NULL);
}
","TEST_F(ConnectionParsing, Http_0_9_Multiple) {
    int rc = test_run(home, ""23-http09-multiple.t"", cfg, &connp);
    ASSERT_GE(rc, 0);

    ASSERT_EQ(1, htp_list_size(connp->conn->transactions));

    htp_tx_t *tx = (htp_tx_t *) htp_list_get(connp->conn->transactions, 0);
    ASSERT_TRUE(tx != NULL);
}
",CWE-476,CVE-2024-28871
"static ssize_t crw_inject_write(struct file *file, const char __user *buf,
				size_t lbuf, loff_t *ppos)
{
	u32 slct, oflw, chn, rsc, anc, erc, rsid;
	struct crw crw;
	char *buffer;
	int rc;

	if (!static_branch_likely(&cio_inject_enabled)) {
		pr_warn(""CIO inject is not enabled - ignoring CRW inject\n"");
		return -EINVAL;
	}

	buffer = vmemdup_user(buf, lbuf);
	if (IS_ERR(buffer))
		return -ENOMEM;

	rc = sscanf(buffer, ""%x %x %x %x %x %x %x"", &slct, &oflw, &chn, &rsc, &anc,
		    &erc, &rsid);

	kvfree(buffer);
	if (rc != 7) {
		pr_warn(""crw_inject: Invalid format (need <solicited> <overflow> <chaining> <rsc> <ancillary> <erc> <rsid>)\n"");
		return -EINVAL;
	}

	memset(&crw, 0, sizeof(crw));
	crw.slct = slct;
	crw.oflw = oflw;
	crw.chn = chn;
	crw.rsc = rsc;
	crw.anc = anc;
	crw.erc = erc;
	crw.rsid = rsid;

	rc = crw_inject(&crw);
	if (rc)
		return rc;

	return lbuf;
}
","static ssize_t crw_inject_write(struct file *file, const char __user *buf,
				size_t lbuf, loff_t *ppos)
{
	u32 slct, oflw, chn, rsc, anc, erc, rsid;
	struct crw crw;
	char *buffer;
	int rc;

	if (!static_branch_likely(&cio_inject_enabled)) {
		pr_warn(""CIO inject is not enabled - ignoring CRW inject\n"");
		return -EINVAL;
	}

	buffer = memdup_user_nul(buf, lbuf);
	if (IS_ERR(buffer))
		return -ENOMEM;

	rc = sscanf(buffer, ""%x %x %x %x %x %x %x"", &slct, &oflw, &chn, &rsc, &anc,
		    &erc, &rsid);

	kvfree(buffer);
	if (rc != 7) {
		pr_warn(""crw_inject: Invalid format (need <solicited> <overflow> <chaining> <rsc> <ancillary> <erc> <rsid>)\n"");
		return -EINVAL;
	}

	memset(&crw, 0, sizeof(crw));
	crw.slct = slct;
	crw.oflw = oflw;
	crw.chn = chn;
	crw.rsc = rsc;
	crw.anc = anc;
	crw.erc = erc;
	crw.rsid = rsid;

	rc = crw_inject(&crw);
	if (rc)
		return rc;

	return lbuf;
}
",CWE-125,CVE-2024-36931
"int ossl_dsa_check_params(const DSA *dsa, int checktype, int *ret)
{
    if (checktype == OSSL_KEYMGMT_VALIDATE_QUICK_CHECK)
        return ossl_ffc_params_simple_validate(dsa->libctx, &dsa->params,
                                               FFC_PARAM_TYPE_DSA, ret);
    else
        /*
         * Do full FFC domain params validation according to FIPS-186-4
         *  - always in FIPS_MODULE
         *  - only if possible (i.e., seed is set) in default provider
         */
        return ossl_ffc_params_full_validate(dsa->libctx, &dsa->params,
                                             FFC_PARAM_TYPE_DSA, ret);
}
","static int dsa_precheck_params(const DSA *dsa, int *ret)
{
    if (dsa->params.p == NULL || dsa->params.q == NULL) {
        ERR_raise(ERR_LIB_DSA, DSA_R_BAD_FFC_PARAMETERS);
        *ret = FFC_CHECK_INVALID_PQ;
        return 0;
    }

    if (BN_num_bits(dsa->params.p) > OPENSSL_DSA_MAX_MODULUS_BITS) {
        ERR_raise(ERR_LIB_DSA, DSA_R_MODULUS_TOO_LARGE);
        *ret = FFC_CHECK_INVALID_PQ;
        return 0;
    }

    if (BN_num_bits(dsa->params.q) >= BN_num_bits(dsa->params.p)) {
        ERR_raise(ERR_LIB_DSA, DSA_R_BAD_Q_VALUE);
        *ret = FFC_CHECK_INVALID_PQ;
        return 0;
    }

    return 1;
}
",CWE-476,CVE-2024-4603
"static int __uvcg_iter_item_entries(const char *page, size_t len,
				    int (*fun)(char *, void *, unsigned int),
				    void *priv, unsigned int size)
{
	/* sign, base 2 representation, newline, terminator */
	unsigned int bufsize = 1 + size * 8 + 1 + 1;
	const char *pg = page;
	int i, ret = 0;
	char *buf;

	if (!fun)
		return -EINVAL;

	buf = kzalloc(bufsize, GFP_KERNEL);
	if (!buf)
		return -ENOMEM;

	while (pg - page < len) {
		i = 0;
		while (i < sizeof(buf) && (pg - page < len) &&
		       *pg != '\0' && *pg != '\n')
			buf[i++] = *pg++;
		if (i == sizeof(buf)) {
			ret = -EINVAL;
			goto out_free_buf;
		}
		while ((pg - page < len) && (*pg == '\0' || *pg == '\n'))
			++pg;
		buf[i] = '\0';
		ret = fun(buf, priv, size);
		if (ret)
			goto out_free_buf;
	}

out_free_buf:
	kfree(buf);
	return ret;
}
","static int __uvcg_iter_item_entries(const char *page, size_t len,
				    int (*fun)(char *, void *, unsigned int),
				    void *priv, unsigned int size)
{
	/* sign, base 2 representation, newline, terminator */
	unsigned int bufsize = 1 + size * 8 + 1 + 1;
	const char *pg = page;
	int i, ret = 0;
	char *buf;

	if (!fun)
		return -EINVAL;

	buf = kzalloc(bufsize, GFP_KERNEL);
	if (!buf)
		return -ENOMEM;

	while (pg - page < len) {
		i = 0;
		while (i < bufsize && (pg - page < len) &&
		       *pg != '\0' && *pg != '\n')
			buf[i++] = *pg++;
		if (i == bufsize) {
			ret = -EINVAL;
			goto out_free_buf;
		}
		while ((pg - page < len) && (*pg == '\0' || *pg == '\n'))
			++pg;
		buf[i] = '\0';
		ret = fun(buf, priv, size);
		if (ret)
			goto out_free_buf;
	}

out_free_buf:
	kfree(buf);
	return ret;
}
",CWE-787,CVE-2024-36895
"static esp_err_t process_segment_data(intptr_t load_addr, uint32_t data_addr, uint32_t data_len, bool do_load, bootloader_sha256_handle_t sha_handle, uint32_t *checksum)
{
    // If we are not loading, and the checksum is empty, skip processing this
    // segment for data
    if (!do_load && checksum == NULL) {
        ESP_LOGD(TAG, ""skipping checksum for segment"");
        return ESP_OK;
    }

    const uint32_t *data = (const uint32_t *)bootloader_mmap(data_addr, data_len);
    if (!data) {
        ESP_LOGE(TAG, ""bootloader_mmap(0x%x, 0x%x) failed"",
                 data_addr, data_len);
        return ESP_FAIL;
    }

    if (checksum == NULL && sha_handle == NULL) {
        memcpy((void *)load_addr, data, data_len);
        bootloader_munmap(data);
        return ESP_OK;
    }

#ifdef BOOTLOADER_BUILD
    // Set up the obfuscation value to use for loading
    while (ram_obfs_value[0] == 0 || ram_obfs_value[1] == 0) {
        bootloader_fill_random(ram_obfs_value, sizeof(ram_obfs_value));
#if CONFIG_IDF_ENV_FPGA
        /* FPGA doesn't always emulate the RNG */
        ram_obfs_value[0] ^= 0x33;
        ram_obfs_value[1] ^= 0x66;
#endif
    }
    uint32_t *dest = (uint32_t *)load_addr;
#endif

    const uint32_t *src = data;

    for (size_t i = 0; i < data_len; i += 4) {
        int w_i = i / 4; // Word index
        uint32_t w = src[w_i];
        if (checksum != NULL) {
            *checksum ^= w;
        }
#ifdef BOOTLOADER_BUILD
        if (do_load) {
            dest[w_i] = w ^ ((w_i & 1) ? ram_obfs_value[0] : ram_obfs_value[1]);
        }
#endif
        // SHA_CHUNK determined experimentally as the optimum size
        // to call bootloader_sha256_data() with. This is a bit
        // counter-intuitive, but it's ~3ms better than using the
        // SHA256 block size.
        const size_t SHA_CHUNK = 1024;
        if (sha_handle != NULL && i % SHA_CHUNK == 0) {
            bootloader_sha256_data(sha_handle, &src[w_i],
                                   MIN(SHA_CHUNK, data_len - i));
        }
    }

    bootloader_munmap(data);

    return ESP_OK;
}
","static esp_err_t process_segment(int index, uint32_t flash_addr, esp_image_segment_header_t *header, bool silent, bool do_load, bootloader_sha256_handle_t sha_handle, uint32_t *checksum, esp_image_metadata_t *metadata)
{
    esp_err_t err;

    /* read segment header */
    err = bootloader_flash_read(flash_addr, header, sizeof(esp_image_segment_header_t), true);
    if (err != ESP_OK) {
        ESP_LOGE(TAG, ""bootloader_flash_read failed at 0x%08x"", flash_addr);
        return err;
    }
    if (sha_handle != NULL) {
        bootloader_sha256_data(sha_handle, header, sizeof(esp_image_segment_header_t));
    }

    intptr_t load_addr = header->load_addr;
    uint32_t data_len = header->data_len;
    uint32_t data_addr = flash_addr + sizeof(esp_image_segment_header_t);

    ESP_LOGV(TAG, ""segment data length 0x%x data starts 0x%x"", data_len, data_addr);

    CHECK_ERR(verify_segment_header(index, header, data_addr, silent));

    if (data_len % 4 != 0) {
        FAIL_LOAD(""unaligned segment length 0x%x"", data_len);
    }

    bool is_mapping = should_map(load_addr);
    do_load = do_load && should_load(load_addr);

    if (!silent) {
        ESP_LOGI(TAG, ""segment %d: paddr=%08x vaddr=%08x size=%05xh (%6d) %s"",
                 index, data_addr, load_addr,
                 data_len, data_len,
                 (do_load) ? ""load"" : (is_mapping) ? ""map"" : """");
    }


#ifdef BOOTLOADER_BUILD
    /* Before loading segment, check it doesn't clobber bootloader RAM. */
    if (do_load && data_len > 0) {
        if (!verify_load_addresses(index, load_addr, load_addr + data_len, true, false)) {
            return ESP_ERR_IMAGE_INVALID;
        }
    }
#endif // BOOTLOADER_BUILD

    uint32_t free_page_count = bootloader_mmap_get_free_pages();
    ESP_LOGD(TAG, ""free data page_count 0x%08x"", free_page_count);

    uint32_t data_len_remain = data_len;
    while (data_len_remain > 0) {
#if (SECURE_BOOT_CHECK_SIGNATURE == 1) && defined(BOOTLOADER_BUILD)
        /* Double check the address verification done above */
        ESP_FAULT_ASSERT(!do_load || verify_load_addresses(0, load_addr, load_addr + data_len_remain, false, false));
#endif
        uint32_t offset_page = ((data_addr & MMAP_ALIGNED_MASK) != 0) ? 1 : 0;
        /* Data we could map in case we are not aligned to PAGE boundary is one page size lesser. */
        data_len = MIN(data_len_remain, ((free_page_count - offset_page) * SPI_FLASH_MMU_PAGE_SIZE));
        CHECK_ERR(process_segment_data(index, load_addr, data_addr, data_len, do_load, sha_handle, checksum, metadata));
        data_addr += data_len;
        data_len_remain -= data_len;
    }

    return ESP_OK;

err:
    if (err == ESP_OK) {
        err = ESP_ERR_IMAGE_INVALID;
    }

    return err;
}
",CWE-787,CVE-2024-28183
"void rvu_npc_freemem(struct rvu *rvu)
{
	struct npc_pkind *pkind = &rvu->hw->pkind;
	struct npc_mcam *mcam = &rvu->hw->mcam;

	kfree(pkind->rsrc.bmap);
	npc_mcam_rsrcs_deinit(rvu);
	kfree(mcam->counters.bmap);
	if (rvu->kpu_prfl_addr)
		iounmap(rvu->kpu_prfl_addr);
	else
		kfree(rvu->kpu_fwdata);
	mutex_destroy(&mcam->lock);
}
","void rvu_npc_freemem(struct rvu *rvu)
{
	struct npc_pkind *pkind = &rvu->hw->pkind;
	struct npc_mcam *mcam = &rvu->hw->mcam;

	kfree(pkind->rsrc.bmap);
	npc_mcam_rsrcs_deinit(rvu);
	if (rvu->kpu_prfl_addr)
		iounmap(rvu->kpu_prfl_addr);
	else
		kfree(rvu->kpu_fwdata);
	mutex_destroy(&mcam->lock);
}
",CWE-401,CVE-2024-36030
"int pinctrl_dt_to_map(struct pinctrl *p, struct pinctrl_dev *pctldev)
{
	struct device_node *np = p->dev->of_node;
	int state, ret;
	char *propname;
	struct property *prop;
	const char *statename;
	const __be32 *list;
	int size, config;
	phandle phandle;
	struct device_node *np_config;

	/* CONFIG_OF enabled, p->dev not instantiated from DT */
	if (!np) {
		if (of_have_populated_dt())
			dev_dbg(p->dev,
				""no of_node; not parsing pinctrl DT\n"");
		return 0;
	}

	/* We may store pointers to property names within the node */
	of_node_get(np);

	/* For each defined state ID */
	for (state = 0; ; state++) {
		/* Retrieve the pinctrl-* property */
		propname = kasprintf(GFP_KERNEL, ""pinctrl-%d"", state);
		if (!propname)
			return -ENOMEM;
		prop = of_find_property(np, propname, &size);
		kfree(propname);
		if (!prop) {
			if (state == 0) {
				of_node_put(np);
				return -ENODEV;
			}
			break;
		}
		list = prop->value;
		size /= sizeof(*list);

		/* Determine whether pinctrl-names property names the state */
		ret = of_property_read_string_index(np, ""pinctrl-names"",
						    state, &statename);
		/*
		 * If not, statename is just the integer state ID. But rather
		 * than dynamically allocate it and have to free it later,
		 * just point part way into the property name for the string.
		 */
		if (ret < 0)
			statename = prop->name + strlen(""pinctrl-"");

		/* For every referenced pin configuration node in it */
		for (config = 0; config < size; config++) {
			phandle = be32_to_cpup(list++);

			/* Look up the pin configuration node */
			np_config = of_find_node_by_phandle(phandle);
			if (!np_config) {
				dev_err(p->dev,
					""prop %s index %i invalid phandle\n"",
					prop->name, config);
				ret = -EINVAL;
				goto err;
			}

			/* Parse the node */
			ret = dt_to_map_one_config(p, pctldev, statename,
						   np_config);
			of_node_put(np_config);
			if (ret < 0)
				goto err;
		}

		/* No entries in DT? Generate a dummy state table entry */
		if (!size) {
			ret = dt_remember_dummy_state(p, statename);
			if (ret < 0)
				goto err;
		}
	}

	return 0;

err:
	pinctrl_dt_free_maps(p);
	return ret;
}
","int pinctrl_dt_to_map(struct pinctrl *p, struct pinctrl_dev *pctldev)
{
	struct device_node *np = p->dev->of_node;
	int state, ret;
	char *propname;
	struct property *prop;
	const char *statename;
	const __be32 *list;
	int size, config;
	phandle phandle;
	struct device_node *np_config;

	/* CONFIG_OF enabled, p->dev not instantiated from DT */
	if (!np) {
		if (of_have_populated_dt())
			dev_dbg(p->dev,
				""no of_node; not parsing pinctrl DT\n"");
		return 0;
	}

	/* We may store pointers to property names within the node */
	of_node_get(np);

	/* For each defined state ID */
	for (state = 0; ; state++) {
		/* Retrieve the pinctrl-* property */
		propname = kasprintf(GFP_KERNEL, ""pinctrl-%d"", state);
		if (!propname) {
			ret = -ENOMEM;
			goto err;
		}
		prop = of_find_property(np, propname, &size);
		kfree(propname);
		if (!prop) {
			if (state == 0) {
				ret = -ENODEV;
				goto err;
			}
			break;
		}
		list = prop->value;
		size /= sizeof(*list);

		/* Determine whether pinctrl-names property names the state */
		ret = of_property_read_string_index(np, ""pinctrl-names"",
						    state, &statename);
		/*
		 * If not, statename is just the integer state ID. But rather
		 * than dynamically allocate it and have to free it later,
		 * just point part way into the property name for the string.
		 */
		if (ret < 0)
			statename = prop->name + strlen(""pinctrl-"");

		/* For every referenced pin configuration node in it */
		for (config = 0; config < size; config++) {
			phandle = be32_to_cpup(list++);

			/* Look up the pin configuration node */
			np_config = of_find_node_by_phandle(phandle);
			if (!np_config) {
				dev_err(p->dev,
					""prop %s index %i invalid phandle\n"",
					prop->name, config);
				ret = -EINVAL;
				goto err;
			}

			/* Parse the node */
			ret = dt_to_map_one_config(p, pctldev, statename,
						   np_config);
			of_node_put(np_config);
			if (ret < 0)
				goto err;
		}

		/* No entries in DT? Generate a dummy state table entry */
		if (!size) {
			ret = dt_remember_dummy_state(p, statename);
			if (ret < 0)
				goto err;
		}
	}

	return 0;

err:
	pinctrl_dt_free_maps(p);
	return ret;
}
",CWE-476,CVE-2024-36959
"static void make_uffd_wp_pte(struct vm_area_struct *vma,
			     unsigned long addr, pte_t *pte)
{
	pte_t ptent = ptep_get(pte);

	if (pte_present(ptent)) {
		pte_t old_pte;

		old_pte = ptep_modify_prot_start(vma, addr, pte);
		ptent = pte_mkuffd_wp(ptent);
		ptep_modify_prot_commit(vma, addr, pte, old_pte, ptent);
	} else if (is_swap_pte(ptent)) {
		ptent = pte_swp_mkuffd_wp(ptent);
		set_pte_at(vma->vm_mm, addr, pte, ptent);
	} else {
		set_pte_at(vma->vm_mm, addr, pte,
			   make_pte_marker(PTE_MARKER_UFFD_WP));
	}
}
","static void make_uffd_wp_pte(struct vm_area_struct *vma,
			     unsigned long addr, pte_t *pte)
{
	pte_t ptent = ptep_get(pte);

	if (pte_present(ptent)) {
		pte_t old_pte;

		old_pte = ptep_modify_prot_start(vma, addr, pte);
		ptent = pte_mkuffd_wp(old_pte);
		ptep_modify_prot_commit(vma, addr, pte, old_pte, ptent);
	} else if (is_swap_pte(ptent)) {
		ptent = pte_swp_mkuffd_wp(ptent);
		set_pte_at(vma->vm_mm, addr, pte, ptent);
	} else {
		set_pte_at(vma->vm_mm, addr, pte,
			   make_pte_marker(PTE_MARKER_UFFD_WP));
	}
}
",CWE-125,CVE-2024-36943
"int iwl_mvm_mld_rm_sta_id(struct iwl_mvm *mvm, u8 sta_id)
{
	int ret = iwl_mvm_mld_rm_sta_from_fw(mvm, sta_id);

	lockdep_assert_held(&mvm->mutex);

	RCU_INIT_POINTER(mvm->fw_id_to_mac_id[sta_id], NULL);
	RCU_INIT_POINTER(mvm->fw_id_to_link_sta[sta_id], NULL);
	return ret;
}

void iwl_mvm_mld_sta_modify_disable_tx(struct iwl_mvm *mvm,
","int iwl_mvm_mld_rm_sta_id(struct iwl_mvm *mvm, u8 sta_id)
{
	int ret;

	lockdep_assert_held(&mvm->mutex);

	if (WARN_ON(sta_id == IWL_MVM_INVALID_STA))
		return 0;

	ret = iwl_mvm_mld_rm_sta_from_fw(mvm, sta_id);

	RCU_INIT_POINTER(mvm->fw_id_to_mac_id[sta_id], NULL);
	RCU_INIT_POINTER(mvm->fw_id_to_link_sta[sta_id], NULL);
	return ret;
}
",CWE-125,CVE-2024-36921
"static void iocg_pay_debt(struct ioc_gq *iocg, u64 abs_vpay,
			  struct ioc_now *now)
{
	lockdep_assert_held(&iocg->ioc->lock);
	lockdep_assert_held(&iocg->waitq.lock);

	/* make sure that nobody messed with @iocg */
	WARN_ON_ONCE(list_empty(&iocg->active_list));
	WARN_ON_ONCE(iocg->inuse > 1);

	iocg->abs_vdebt -= min(abs_vpay, iocg->abs_vdebt);

	/* if debt is paid in full, restore inuse */
	if (!iocg->abs_vdebt) {
		iocg->stat.indebt_us += now->now - iocg->indebt_since;
		iocg->indebt_since = 0;

		propagate_weights(iocg, iocg->active, iocg->last_inuse,
				  false, now);
	}
}
","static void iocg_pay_debt(struct ioc_gq *iocg, u64 abs_vpay,
			  struct ioc_now *now)
{
	lockdep_assert_held(&iocg->ioc->lock);
	lockdep_assert_held(&iocg->waitq.lock);

	/*
	 * make sure that nobody messed with @iocg. Check iocg->pd.online
	 * to avoid warn when removing blkcg or disk.
	 */
	WARN_ON_ONCE(list_empty(&iocg->active_list) && iocg->pd.online);
	WARN_ON_ONCE(iocg->inuse > 1);

	iocg->abs_vdebt -= min(abs_vpay, iocg->abs_vdebt);

	/* if debt is paid in full, restore inuse */
	if (!iocg->abs_vdebt) {
		iocg->stat.indebt_us += now->now - iocg->indebt_since;
		iocg->indebt_since = 0;

		propagate_weights(iocg, iocg->active, iocg->last_inuse,
				  false, now);
	}
}
",CWE-125,CVE-2024-36908
"void rtm_phonet_notify(int event, struct net_device *dev, u8 dst)
{
	struct sk_buff *skb;
	int err = -ENOBUFS;

	skb = nlmsg_new(NLMSG_ALIGN(sizeof(struct ifaddrmsg)) +
			nla_total_size(1) + nla_total_size(4), GFP_KERNEL);
	if (skb == NULL)
		goto errout;
	err = fill_route(skb, dev, dst, 0, 0, event);
	if (err < 0) {
		WARN_ON(err == -EMSGSIZE);
		kfree_skb(skb);
		goto errout;
	}
	rtnl_notify(skb, dev_net(dev), 0,
			  RTNLGRP_PHONET_ROUTE, NULL, GFP_KERNEL);
	return;
errout:
	rtnl_set_sk_err(dev_net(dev), RTNLGRP_PHONET_ROUTE, err);
}
","void rtm_phonet_notify(int event, struct net_device *dev, u8 dst)
{
	struct sk_buff *skb;
	int err = -ENOBUFS;

	skb = nlmsg_new(NLMSG_ALIGN(sizeof(struct rtmsg)) +
			nla_total_size(1) + nla_total_size(4), GFP_KERNEL);
	if (skb == NULL)
		goto errout;
	err = fill_route(skb, dev, dst, 0, 0, event);
	if (err < 0) {
		WARN_ON(err == -EMSGSIZE);
		kfree_skb(skb);
		goto errout;
	}
	rtnl_notify(skb, dev_net(dev), 0,
			  RTNLGRP_PHONET_ROUTE, NULL, GFP_KERNEL);
	return;
errout:
	rtnl_set_sk_err(dev_net(dev), RTNLGRP_PHONET_ROUTE, err);
}
",CWE-787,CVE-2024-36946
"static int __key_instantiate_and_link(struct key *key,
				      struct key_preparsed_payload *prep,
				      struct key *keyring,
				      struct key *authkey,
				      struct assoc_array_edit **_edit)
{
	int ret, awaken;

	key_check(key);
	key_check(keyring);

	awaken = 0;
	ret = -EBUSY;

	mutex_lock(&key_construction_mutex);

	/* can't instantiate twice */
	if (key->state == KEY_IS_UNINSTANTIATED) {
		/* instantiate the key */
		ret = key->type->instantiate(key, prep);

		if (ret == 0) {
			/* mark the key as being instantiated */
			atomic_inc(&key->user->nikeys);
			mark_key_instantiated(key, 0);
			notify_key(key, NOTIFY_KEY_INSTANTIATED, 0);

			if (test_and_clear_bit(KEY_FLAG_USER_CONSTRUCT, &key->flags))
				awaken = 1;

			/* and link it into the destination keyring */
			if (keyring) {
				if (test_bit(KEY_FLAG_KEEP, &keyring->flags))
					set_bit(KEY_FLAG_KEEP, &key->flags);

				__key_link(keyring, key, _edit);
			}

			/* disable the authorisation key */
			if (authkey)
				key_invalidate(authkey);

			key_set_expiry(key, prep->expiry);
		}
	}

	mutex_unlock(&key_construction_mutex);

	/* wake up anyone waiting for a key to be constructed */
	if (awaken)
		wake_up_bit(&key->flags, KEY_FLAG_USER_CONSTRUCT);

	return ret;
}
","static int __key_instantiate_and_link(struct key *key,
				      struct key_preparsed_payload *prep,
				      struct key *keyring,
				      struct key *authkey,
				      struct assoc_array_edit **_edit)
{
	int ret, awaken;

	key_check(key);
	key_check(keyring);

	awaken = 0;
	ret = -EBUSY;

	mutex_lock(&key_construction_mutex);

	/* can't instantiate twice */
	if (key->state == KEY_IS_UNINSTANTIATED) {
		/* instantiate the key */
		ret = key->type->instantiate(key, prep);

		if (ret == 0) {
			/* mark the key as being instantiated */
			atomic_inc(&key->user->nikeys);
			mark_key_instantiated(key, 0);
			notify_key(key, NOTIFY_KEY_INSTANTIATED, 0);

			if (test_and_clear_bit(KEY_FLAG_USER_CONSTRUCT, &key->flags))
				awaken = 1;

			/* and link it into the destination keyring */
			if (keyring) {
				if (test_bit(KEY_FLAG_KEEP, &keyring->flags))
					set_bit(KEY_FLAG_KEEP, &key->flags);

				__key_link(keyring, key, _edit);
			}

			/* disable the authorisation key */
			if (authkey)
				key_invalidate(authkey);

			if (prep->expiry != TIME64_MAX)
				key_set_expiry(key, prep->expiry);
		}
	}

	mutex_unlock(&key_construction_mutex);

	/* wake up anyone waiting for a key to be constructed */
	if (awaken)
		wake_up_bit(&key->flags, KEY_FLAG_USER_CONSTRUCT);

	return ret;
}
",CWE-190,CVE-2024-36031
"mobile::Module FlatbufferLoader::parseModule(
    mobile::serialization::Module* module,
    char* end) {
  module_ = module;
  all_ivalues_.clear();
  all_types_.clear();
  storages_.clear();
  storage_loaded_.clear();
  module_parsed_ = false;

  const auto* ivalues = module->ivalues();
  TORCH_CHECK(
      ivalues && module->object_types(),
      ""Parsing flatbuffer module: Corrupted ivalues/object_types field"");
  TORCH_CHECK(
      reinterpret_cast<const char*>(ivalues) < end, ""Corrupted ivalues field"");
  all_ivalues_.resize(ivalues->size());
  all_types_.resize(module->object_types()->size());
  storages_.resize(module->storage_data_size());
  storage_loaded_.resize(module->storage_data_size(), false);

  mobile_ivalue_size_ = module_->mobile_ivalue_size();
  if (mobile_ivalue_size_ == 0) {
    mobile_ivalue_size_ = ivalues->size();
  }

  for (uint32_t i = 0; i < mobile_ivalue_size_; i++) {
    const auto* ival = ivalues->Get(i);
    TORCH_CHECK(
        reinterpret_cast<const char*>(ival) < end, ""Corrupted ivalue item"")
    parseAndPopulate(i, ival);
  }
  IValue& module_ivalue = getIValue(module->state_obj());

  // register functions
  for (const auto& f : all_functions_) {
    uint32_t class_index =
        ivalues->Get(f.first)->val_as_Function()->class_type();
    ClassTypePtr class_type = all_types_[class_index];
    class_type->addMethod(f.second);
  }

  module_parsed_ = true;
  auto m = mobile::Module(module_ivalue.toObject(), mcu_);
  m.set_min_operator_version(module->operator_version());
  m.set_bytecode_version(module->bytecode_version());
  return m;
}
","mobile::Module FlatbufferLoader::parseModule(
    mobile::serialization::Module* module,
    char* end) {
  module_ = module;
  all_ivalues_.clear();
  all_types_.clear();
  storages_.clear();
  storage_loaded_.clear();
  module_parsed_ = false;

  const auto* ivalues = module->ivalues();
  TORCH_CHECK(
      ivalues && module->object_types(),
      ""Parsing flatbuffer module: Corrupted ivalues/object_types field"");
  TORCH_CHECK(
      reinterpret_cast<const char*>(ivalues) < end, ""Corrupted ivalues field"");
  all_ivalues_.resize(ivalues->size());
  all_types_.resize(module->object_types()->size());
  storages_.resize(module->storage_data_size());
  storage_loaded_.resize(module->storage_data_size(), false);

  mobile_ivalue_size_ = module_->mobile_ivalue_size();
  if (mobile_ivalue_size_ == 0 || mobile_ivalue_size_ > ivalues->size()) {
    mobile_ivalue_size_ = ivalues->size();
  }

  for (uint32_t i = 0; i < mobile_ivalue_size_; i++) {
    const auto* ival = ivalues->Get(i);
    TORCH_CHECK(
        reinterpret_cast<const char*>(ival) < end, ""Corrupted ivalue item"")
    parseAndPopulate(i, ival);
  }
  IValue& module_ivalue = getIValue(module->state_obj());

  // register functions
  for (const auto& f : all_functions_) {
    uint32_t class_index =
        ivalues->Get(f.first)->val_as_Function()->class_type();
    ClassTypePtr class_type = all_types_[class_index];
    class_type->addMethod(f.second);
  }

  module_parsed_ = true;
  auto m = mobile::Module(module_ivalue.toObject(), mcu_);
  m.set_min_operator_version(module->operator_version());
  m.set_bytecode_version(module->bytecode_version());
  return m;
}
",CWE-125,CVE-2024-31584
"static void pci_dma_bus_setup_pSeriesLP(struct pci_bus *bus)
{
	struct iommu_table *tbl;
	struct device_node *dn, *pdn;
	struct pci_dn *ppci;
	struct dynamic_dma_window_prop prop;

	dn = pci_bus_to_OF_node(bus);

	pr_debug(""pci_dma_bus_setup_pSeriesLP: setting up bus %pOF\n"",
		 dn);

	pdn = pci_dma_find(dn, &prop);

	/* In PPC architecture, there will always be DMA window on bus or one of the
	 * parent bus. During reboot, there will be ibm,dma-window property to
	 * define DMA window. For kdump, there will at least be default window or DDW
	 * or both.
	 */

	ppci = PCI_DN(pdn);

	pr_debug(""  parent is %pOF, iommu_table: 0x%p\n"",
		 pdn, ppci->table_group);

	if (!ppci->table_group) {
		ppci->table_group = iommu_pseries_alloc_group(ppci->phb->node);
		tbl = ppci->table_group->tables[0];

		iommu_table_setparms_common(tbl, ppci->phb->bus->number,
				be32_to_cpu(prop.liobn),
				be64_to_cpu(prop.dma_base),
				1ULL << be32_to_cpu(prop.window_shift),
				be32_to_cpu(prop.tce_shift), NULL,
				&iommu_table_lpar_multi_ops);

		/* Only for normal boot with default window. Doesn't matter even
		 * if we set these with DDW which is 64bit during kdump, since
		 * these will not be used during kdump.
		 */
		ppci->table_group->tce32_start = be64_to_cpu(prop.dma_base);
		ppci->table_group->tce32_size = 1 << be32_to_cpu(prop.window_shift);

		if (!iommu_init_table(tbl, ppci->phb->node, 0, 0))
			panic(""Failed to initialize iommu table"");

		iommu_register_group(ppci->table_group,
				pci_domain_nr(bus), 0);
		pr_debug(""  created table: %p\n"", ppci->table_group);
	}
}
","static void pci_dma_bus_setup_pSeriesLP(struct pci_bus *bus)
{
	struct iommu_table *tbl;
	struct device_node *dn, *pdn;
	struct pci_dn *ppci;
	struct dynamic_dma_window_prop prop;

	dn = pci_bus_to_OF_node(bus);

	pr_debug(""pci_dma_bus_setup_pSeriesLP: setting up bus %pOF\n"",
		 dn);

	pdn = pci_dma_find(dn, &prop);

	/* In PPC architecture, there will always be DMA window on bus or one of the
	 * parent bus. During reboot, there will be ibm,dma-window property to
	 * define DMA window. For kdump, there will at least be default window or DDW
	 * or both.
	 * There is an exception to the above. In case the PE goes into frozen
	 * state, firmware may not provide ibm,dma-window property at the time
	 * of LPAR boot up.
	 */

	if (!pdn) {
		pr_debug(""  no ibm,dma-window property !\n"");
		return;
	}

	ppci = PCI_DN(pdn);

	pr_debug(""  parent is %pOF, iommu_table: 0x%p\n"",
		 pdn, ppci->table_group);

	if (!ppci->table_group) {
		ppci->table_group = iommu_pseries_alloc_group(ppci->phb->node);
		tbl = ppci->table_group->tables[0];

		iommu_table_setparms_common(tbl, ppci->phb->bus->number,
				be32_to_cpu(prop.liobn),
				be64_to_cpu(prop.dma_base),
				1ULL << be32_to_cpu(prop.window_shift),
				be32_to_cpu(prop.tce_shift), NULL,
				&iommu_table_lpar_multi_ops);

		/* Only for normal boot with default window. Doesn't matter even
		 * if we set these with DDW which is 64bit during kdump, since
		 * these will not be used during kdump.
		 */
		ppci->table_group->tce32_start = be64_to_cpu(prop.dma_base);
		ppci->table_group->tce32_size = 1 << be32_to_cpu(prop.window_shift);

		if (!iommu_init_table(tbl, ppci->phb->node, 0, 0))
			panic(""Failed to initialize iommu table"");

		iommu_register_group(ppci->table_group,
				pci_domain_nr(bus), 0);
		pr_debug(""  created table: %p\n"", ppci->table_group);
	}
}
",CWE-476,CVE-2024-36926
"static __always_inline void maybe_wipe_obj_freeptr(struct kmem_cache *s,
						   void *obj)
{
	if (unlikely(slab_want_init_on_free(s)) && obj)
		memset((void *)((char *)kasan_reset_tag(obj) + s->offset),
			0, sizeof(void *));
}
","static __always_inline void maybe_wipe_obj_freeptr(struct kmem_cache *s,
						   void *obj)
{
	if (unlikely(slab_want_init_on_free(s)) && obj &&
	    !freeptr_outside_object(s))
		memset((void *)((char *)kasan_reset_tag(obj) + s->offset),
			0, sizeof(void *));
}
",CWE-457,CVE-2024-36892
"static int qca_read_fw_board_id(struct hci_dev *hdev, u16 *bid)
{
	u8 cmd;
	struct sk_buff *skb;
	struct edl_event_hdr *edl;
	int err = 0;

	cmd = EDL_GET_BID_REQ_CMD;
	skb = __hci_cmd_sync_ev(hdev, EDL_PATCH_CMD_OPCODE, EDL_PATCH_CMD_LEN,
				&cmd, 0, HCI_INIT_TIMEOUT);
	if (IS_ERR(skb)) {
		err = PTR_ERR(skb);
		bt_dev_err(hdev, ""Reading QCA board ID failed (%d)"", err);
		return err;
	}

	edl = skb_pull_data(skb, sizeof(*edl));
	if (!edl) {
		bt_dev_err(hdev, ""QCA read board ID with no header"");
		err = -EILSEQ;
		goto out;
	}

	if (edl->cresp != EDL_CMD_REQ_RES_EVT ||
	    edl->rtype != EDL_GET_BID_REQ_CMD) {
		bt_dev_err(hdev, ""QCA Wrong packet: %d %d"", edl->cresp, edl->rtype);
		err = -EIO;
		goto out;
	}

	*bid = (edl->data[1] << 8) + edl->data[2];
	bt_dev_dbg(hdev, ""%s: bid = %x"", __func__, *bid);

out:
	kfree_skb(skb);
	return err;
}
","static int qca_read_fw_board_id(struct hci_dev *hdev, u16 *bid)
{
	u8 cmd;
	struct sk_buff *skb;
	struct edl_event_hdr *edl;
	int err = 0;

	cmd = EDL_GET_BID_REQ_CMD;
	skb = __hci_cmd_sync_ev(hdev, EDL_PATCH_CMD_OPCODE, EDL_PATCH_CMD_LEN,
				&cmd, 0, HCI_INIT_TIMEOUT);
	if (IS_ERR(skb)) {
		err = PTR_ERR(skb);
		bt_dev_err(hdev, ""Reading QCA board ID failed (%d)"", err);
		return err;
	}

	edl = skb_pull_data(skb, sizeof(*edl));
	if (!edl) {
		bt_dev_err(hdev, ""QCA read board ID with no header"");
		err = -EILSEQ;
		goto out;
	}

	if (edl->cresp != EDL_CMD_REQ_RES_EVT ||
	    edl->rtype != EDL_GET_BID_REQ_CMD) {
		bt_dev_err(hdev, ""QCA Wrong packet: %d %d"", edl->cresp, edl->rtype);
		err = -EIO;
		goto out;
	}

	if (skb->len < 3) {
		err = -EILSEQ;
		goto out;
	}

	*bid = (edl->data[1] << 8) + edl->data[2];
	bt_dev_dbg(hdev, ""%s: bid = %x"", __func__, *bid);

out:
	kfree_skb(skb);
	return err;
}
",CWE-190,CVE-2024-36033
"static ecma_value_t JERRY_ATTR_NOINLINE
ecma_op_function_call_constructor (vm_frame_ctx_shared_args_t *shared_args_p, /**< shared data */
                                   ecma_object_t *scope_p, /**< lexical environment to use */
                                   ecma_value_t this_binding) /**< value of 'ThisBinding' */
{
  shared_args_p->header.status_flags |= VM_FRAME_CTX_SHARED_NON_ARROW_FUNC;

  ecma_value_t ret_value;

  if (JERRY_CONTEXT (current_new_target_p) == NULL)
  {
    ret_value = ecma_raise_type_error (ECMA_ERR_CLASS_CONSTRUCTOR_REQUIRES_NEW);
    goto exit;
  }

  ecma_extended_object_t *ext_func_p = (ecma_extended_object_t *) shared_args_p->header.function_object_p;
  if (ECMA_GET_THIRD_BIT_FROM_POINTER_TAG (ext_func_p->u.function.scope_cp))
  {
    this_binding = ECMA_VALUE_UNINITIALIZED;
  }

  ecma_op_create_environment_record (scope_p, this_binding, shared_args_p->header.function_object_p);

#if JERRY_BUILTIN_REALMS
  ecma_global_object_t *saved_global_object_p = JERRY_CONTEXT (global_object_p);
  JERRY_CONTEXT (global_object_p) = ecma_op_function_get_realm (shared_args_p->header.bytecode_header_p);
#endif /* JERRY_BUILTIN_REALMS */

  ret_value = vm_run (&shared_args_p->header, this_binding, scope_p);

#if JERRY_BUILTIN_REALMS
  JERRY_CONTEXT (global_object_p) = saved_global_object_p;
#endif /* JERRY_BUILTIN_REALMS */

  /* ECMAScript v6, 9.2.2.13 */
  if (JERRY_UNLIKELY (this_binding == ECMA_VALUE_UNINITIALIZED))
  {
    if (!ECMA_IS_VALUE_ERROR (ret_value) && !ecma_is_value_object (ret_value))
    {
      if (!ecma_is_value_undefined (ret_value))
      {
        ecma_free_value (ret_value);
        ret_value = ecma_raise_type_error (ECMA_ERR_DERIVED_CTOR_RETURN_NOR_OBJECT_OR_UNDEFINED);
      }
      else
      {
        ret_value = ecma_op_get_this_binding (scope_p);
      }
    }
  }

exit:
  if (JERRY_UNLIKELY (shared_args_p->header.status_flags & VM_FRAME_CTX_SHARED_FREE_LOCAL_ENV))
  {
    ecma_deref_object (scope_p);
  }

  return ret_value;
} /* ecma_op_function_call_constructor */
","static ecma_value_t JERRY_ATTR_NOINLINE
ecma_op_function_call_constructor (vm_frame_ctx_shared_args_t *shared_args_p, /**< shared data */
                                   ecma_object_t *scope_p, /**< lexical environment to use */
                                   ecma_value_t this_binding) /**< value of 'ThisBinding' */
{
  ECMA_CHECK_STACK_USAGE ();

  shared_args_p->header.status_flags |= VM_FRAME_CTX_SHARED_NON_ARROW_FUNC;

  ecma_value_t ret_value;

  if (JERRY_CONTEXT (current_new_target_p) == NULL)
  {
    ret_value = ecma_raise_type_error (ECMA_ERR_CLASS_CONSTRUCTOR_REQUIRES_NEW);
    goto exit;
  }

  ecma_extended_object_t *ext_func_p = (ecma_extended_object_t *) shared_args_p->header.function_object_p;
  if (ECMA_GET_THIRD_BIT_FROM_POINTER_TAG (ext_func_p->u.function.scope_cp))
  {
    this_binding = ECMA_VALUE_UNINITIALIZED;
  }

  ecma_op_create_environment_record (scope_p, this_binding, shared_args_p->header.function_object_p);

#if JERRY_BUILTIN_REALMS
  ecma_global_object_t *saved_global_object_p = JERRY_CONTEXT (global_object_p);
  JERRY_CONTEXT (global_object_p) = ecma_op_function_get_realm (shared_args_p->header.bytecode_header_p);
#endif /* JERRY_BUILTIN_REALMS */

  ret_value = vm_run (&shared_args_p->header, this_binding, scope_p);

#if JERRY_BUILTIN_REALMS
  JERRY_CONTEXT (global_object_p) = saved_global_object_p;
#endif /* JERRY_BUILTIN_REALMS */

  /* ECMAScript v6, 9.2.2.13 */
  if (JERRY_UNLIKELY (this_binding == ECMA_VALUE_UNINITIALIZED))
  {
    if (!ECMA_IS_VALUE_ERROR (ret_value) && !ecma_is_value_object (ret_value))
    {
      if (!ecma_is_value_undefined (ret_value))
      {
        ecma_free_value (ret_value);
        ret_value = ecma_raise_type_error (ECMA_ERR_DERIVED_CTOR_RETURN_NOR_OBJECT_OR_UNDEFINED);
      }
      else
      {
        ret_value = ecma_op_get_this_binding (scope_p);
      }
    }
  }

exit:
  if (JERRY_UNLIKELY (shared_args_p->header.status_flags & VM_FRAME_CTX_SHARED_FREE_LOCAL_ENV))
  {
    ecma_deref_object (scope_p);
  }

  return ret_value;
} /* ecma_op_function_call_constructor */
",CWE-125,CVE-2024-29489
"int
nvkm_firmware_ctor(const struct nvkm_firmware_func *func, const char *name,
		   struct nvkm_device *device, const void *src, int len, struct nvkm_firmware *fw)
{
	fw->func = func;
	fw->name = name;
	fw->device = device;
	fw->len = len;

	switch (fw->func->type) {
	case NVKM_FIRMWARE_IMG_RAM:
		fw->img = kmemdup(src, fw->len, GFP_KERNEL);
		break;
	case NVKM_FIRMWARE_IMG_DMA: {
		len = ALIGN(fw->len, PAGE_SIZE);

		fw->img = kmalloc(len, GFP_KERNEL);
		if (!fw->img)
			return -ENOMEM;

		memcpy(fw->img, src, fw->len);
		fw->phys = dma_map_single(fw->device->dev, fw->img, len, DMA_TO_DEVICE);
		if (dma_mapping_error(fw->device->dev, fw->phys)) {
			kfree(fw->img);
			return -EFAULT;
		}

		sg_init_one(&fw->mem.sgl, fw->img, len);
		sg_dma_address(&fw->mem.sgl) = fw->phys;
		sg_dma_len(&fw->mem.sgl) = len;
	}
		break;
	default:
		WARN_ON(1);
		return -EINVAL;
	}

	if (!fw->img)
		return -ENOMEM;

	nvkm_memory_ctor(&nvkm_firmware_mem, &fw->mem.memory);
	return 0;
}
","int
nvkm_firmware_ctor(const struct nvkm_firmware_func *func, const char *name,
		   struct nvkm_device *device, const void *src, int len, struct nvkm_firmware *fw)
{
	fw->func = func;
	fw->name = name;
	fw->device = device;
	fw->len = len;

	switch (fw->func->type) {
	case NVKM_FIRMWARE_IMG_RAM:
		fw->img = kmemdup(src, fw->len, GFP_KERNEL);
		break;
	case NVKM_FIRMWARE_IMG_DMA: {
		dma_addr_t addr;

		len = ALIGN(fw->len, PAGE_SIZE);

		fw->img = dma_alloc_coherent(fw->device->dev, len, &addr, GFP_KERNEL);
		if (fw->img) {
			memcpy(fw->img, src, fw->len);
			fw->phys = addr;
		}

		sg_init_one(&fw->mem.sgl, fw->img, len);
		sg_dma_address(&fw->mem.sgl) = fw->phys;
		sg_dma_len(&fw->mem.sgl) = len;
	}
		break;
	default:
		WARN_ON(1);
		return -EINVAL;
	}

	if (!fw->img)
		return -ENOMEM;

	nvkm_memory_ctor(&nvkm_firmware_mem, &fw->mem.memory);
	return 0;
}
",CWE-476,CVE-2024-36885
"void thermal_debug_cdev_remove(struct thermal_cooling_device *cdev)
{
	struct thermal_debugfs *thermal_dbg = cdev->debugfs;

	if (!thermal_dbg)
		return;

	mutex_lock(&thermal_dbg->lock);

	thermal_debugfs_cdev_clear(&thermal_dbg->cdev_dbg);
	cdev->debugfs = NULL;

	mutex_unlock(&thermal_dbg->lock);

	thermal_debugfs_remove_id(thermal_dbg);
}
","void thermal_debug_cdev_remove(struct thermal_cooling_device *cdev)
{
	struct thermal_debugfs *thermal_dbg;

	mutex_lock(&cdev->lock);

	thermal_dbg = cdev->debugfs;
	if (!thermal_dbg) {
		mutex_unlock(&cdev->lock);
		return;
	}

	cdev->debugfs = NULL;

	mutex_unlock(&cdev->lock);

	mutex_lock(&thermal_dbg->lock);

	thermal_debugfs_cdev_clear(&thermal_dbg->cdev_dbg);

	mutex_unlock(&thermal_dbg->lock);

	thermal_debugfs_remove_id(thermal_dbg);
}
",CWE-476,CVE-2024-36932
"static int hclge_init_ae_dev(struct hnae3_ae_dev *ae_dev)
{
	struct pci_dev *pdev = ae_dev->pdev;
	struct hclge_dev *hdev;
	int ret;

	hdev = devm_kzalloc(&pdev->dev, sizeof(*hdev), GFP_KERNEL);
	if (!hdev)
		return -ENOMEM;

	hdev->pdev = pdev;
	hdev->ae_dev = ae_dev;
	hdev->reset_type = HNAE3_NONE_RESET;
	hdev->reset_level = HNAE3_FUNC_RESET;
	ae_dev->priv = hdev;

	/* HW supprt 2 layer vlan */
	hdev->mps = ETH_FRAME_LEN + ETH_FCS_LEN + 2 * VLAN_HLEN;

	mutex_init(&hdev->vport_lock);
	spin_lock_init(&hdev->fd_rule_lock);
	sema_init(&hdev->reset_sem, 1);

	ret = hclge_pci_init(hdev);
	if (ret)
		goto out;

	ret = hclge_devlink_init(hdev);
	if (ret)
		goto err_pci_uninit;

	devl_lock(hdev->devlink);

	/* Firmware command queue initialize */
	ret = hclge_comm_cmd_queue_init(hdev->pdev, &hdev->hw.hw);
	if (ret)
		goto err_devlink_uninit;

	/* Firmware command initialize */
	ret = hclge_comm_cmd_init(hdev->ae_dev, &hdev->hw.hw, &hdev->fw_version,
				  true, hdev->reset_pending);
	if (ret)
		goto err_cmd_uninit;

	ret  = hclge_clear_hw_resource(hdev);
	if (ret)
		goto err_cmd_uninit;

	ret = hclge_get_cap(hdev);
	if (ret)
		goto err_cmd_uninit;

	ret = hclge_query_dev_specs(hdev);
	if (ret) {
		dev_err(&pdev->dev, ""failed to query dev specifications, ret = %d.\n"",
			ret);
		goto err_cmd_uninit;
	}

	ret = hclge_configure(hdev);
	if (ret) {
		dev_err(&pdev->dev, ""Configure dev error, ret = %d.\n"", ret);
		goto err_cmd_uninit;
	}

	ret = hclge_init_msi(hdev);
	if (ret) {
		dev_err(&pdev->dev, ""Init MSI/MSI-X error, ret = %d.\n"", ret);
		goto err_cmd_uninit;
	}

	ret = hclge_misc_irq_init(hdev);
	if (ret)
		goto err_msi_uninit;

	ret = hclge_alloc_tqps(hdev);
	if (ret) {
		dev_err(&pdev->dev, ""Allocate TQPs error, ret = %d.\n"", ret);
		goto err_msi_irq_uninit;
	}

	ret = hclge_alloc_vport(hdev);
	if (ret)
		goto err_msi_irq_uninit;

	ret = hclge_map_tqp(hdev);
	if (ret)
		goto err_msi_irq_uninit;

	if (hdev->hw.mac.media_type == HNAE3_MEDIA_TYPE_COPPER) {
		clear_bit(HNAE3_DEV_SUPPORT_FEC_B, ae_dev->caps);
		if (hnae3_dev_phy_imp_supported(hdev))
			ret = hclge_update_tp_port_info(hdev);
		else
			ret = hclge_mac_mdio_config(hdev);

		if (ret)
			goto err_msi_irq_uninit;
	}

	ret = hclge_init_umv_space(hdev);
	if (ret)
		goto err_mdiobus_unreg;

	ret = hclge_mac_init(hdev);
	if (ret) {
		dev_err(&pdev->dev, ""Mac init error, ret = %d\n"", ret);
		goto err_mdiobus_unreg;
	}

	ret = hclge_config_tso(hdev, HCLGE_TSO_MSS_MIN, HCLGE_TSO_MSS_MAX);
	if (ret) {
		dev_err(&pdev->dev, ""Enable tso fail, ret =%d\n"", ret);
		goto err_mdiobus_unreg;
	}

	ret = hclge_config_gro(hdev);
	if (ret)
		goto err_mdiobus_unreg;

	ret = hclge_init_vlan_config(hdev);
	if (ret) {
		dev_err(&pdev->dev, ""VLAN init fail, ret =%d\n"", ret);
		goto err_mdiobus_unreg;
	}

	ret = hclge_tm_schd_init(hdev);
	if (ret) {
		dev_err(&pdev->dev, ""tm schd init fail, ret =%d\n"", ret);
		goto err_mdiobus_unreg;
	}

	ret = hclge_comm_rss_init_cfg(&hdev->vport->nic, hdev->ae_dev,
				      &hdev->rss_cfg);
	if (ret) {
		dev_err(&pdev->dev, ""failed to init rss cfg, ret = %d\n"", ret);
		goto err_mdiobus_unreg;
	}

	ret = hclge_rss_init_hw(hdev);
	if (ret) {
		dev_err(&pdev->dev, ""Rss init fail, ret =%d\n"", ret);
		goto err_mdiobus_unreg;
	}

	ret = init_mgr_tbl(hdev);
	if (ret) {
		dev_err(&pdev->dev, ""manager table init fail, ret =%d\n"", ret);
		goto err_mdiobus_unreg;
	}

	ret = hclge_init_fd_config(hdev);
	if (ret) {
		dev_err(&pdev->dev,
			""fd table init fail, ret=%d\n"", ret);
		goto err_mdiobus_unreg;
	}

	ret = hclge_ptp_init(hdev);
	if (ret)
		goto err_mdiobus_unreg;

	ret = hclge_update_port_info(hdev);
	if (ret)
		goto err_ptp_uninit;

	INIT_KFIFO(hdev->mac_tnl_log);

	hclge_dcb_ops_set(hdev);

	timer_setup(&hdev->reset_timer, hclge_reset_timer, 0);
	INIT_DELAYED_WORK(&hdev->service_task, hclge_service_task);

	hclge_clear_all_event_cause(hdev);
	hclge_clear_resetting_state(hdev);

	/* Log and clear the hw errors those already occurred */
	if (hnae3_dev_ras_imp_supported(hdev))
		hclge_handle_occurred_error(hdev);
	else
		hclge_handle_all_hns_hw_errors(ae_dev);

	/* request delayed reset for the error recovery because an immediate
	 * global reset on a PF affecting pending initialization of other PFs
	 */
	if (ae_dev->hw_err_reset_req) {
		enum hnae3_reset_type reset_level;

		reset_level = hclge_get_reset_level(ae_dev,
						    &ae_dev->hw_err_reset_req);
		hclge_set_def_reset_request(ae_dev, reset_level);
		mod_timer(&hdev->reset_timer, jiffies + HCLGE_RESET_INTERVAL);
	}

	hclge_init_rxd_adv_layout(hdev);

	/* Enable MISC vector(vector0) */
	hclge_enable_vector(&hdev->misc_vector, true);

	ret = hclge_init_wol(hdev);
	if (ret)
		dev_warn(&pdev->dev,
			 ""failed to wake on lan init, ret = %d\n"", ret);

	hclge_state_init(hdev);
	hdev->last_reset_time = jiffies;

	dev_info(&hdev->pdev->dev, ""%s driver initialization finished.\n"",
		 HCLGE_DRIVER_NAME);

	hclge_task_schedule(hdev, round_jiffies_relative(HZ));

	devl_unlock(hdev->devlink);
	return 0;

err_ptp_uninit:
	hclge_ptp_uninit(hdev);
err_mdiobus_unreg:
	if (hdev->hw.mac.phydev)
		mdiobus_unregister(hdev->hw.mac.mdio_bus);
err_msi_irq_uninit:
	hclge_misc_irq_uninit(hdev);
err_msi_uninit:
	pci_free_irq_vectors(pdev);
err_cmd_uninit:
	hclge_comm_cmd_uninit(hdev->ae_dev, &hdev->hw.hw);
err_devlink_uninit:
	devl_unlock(hdev->devlink);
	hclge_devlink_uninit(hdev);
err_pci_uninit:
	pcim_iounmap(pdev, hdev->hw.hw.io_base);
	pci_release_regions(pdev);
	pci_disable_device(pdev);
out:
	mutex_destroy(&hdev->vport_lock);
	return ret;
}
","static int hclge_init_ae_dev(struct hnae3_ae_dev *ae_dev)
{
	struct pci_dev *pdev = ae_dev->pdev;
	struct hclge_dev *hdev;
	int ret;

	hdev = devm_kzalloc(&pdev->dev, sizeof(*hdev), GFP_KERNEL);
	if (!hdev)
		return -ENOMEM;

	hdev->pdev = pdev;
	hdev->ae_dev = ae_dev;
	hdev->reset_type = HNAE3_NONE_RESET;
	hdev->reset_level = HNAE3_FUNC_RESET;
	ae_dev->priv = hdev;

	/* HW supprt 2 layer vlan */
	hdev->mps = ETH_FRAME_LEN + ETH_FCS_LEN + 2 * VLAN_HLEN;

	mutex_init(&hdev->vport_lock);
	spin_lock_init(&hdev->fd_rule_lock);
	sema_init(&hdev->reset_sem, 1);

	ret = hclge_pci_init(hdev);
	if (ret)
		goto out;

	/* Firmware command queue initialize */
	ret = hclge_comm_cmd_queue_init(hdev->pdev, &hdev->hw.hw);
	if (ret)
		goto err_pci_uninit;

	/* Firmware command initialize */
	ret = hclge_comm_cmd_init(hdev->ae_dev, &hdev->hw.hw, &hdev->fw_version,
				  true, hdev->reset_pending);
	if (ret)
		goto err_cmd_uninit;

	ret  = hclge_clear_hw_resource(hdev);
	if (ret)
		goto err_cmd_uninit;

	ret = hclge_get_cap(hdev);
	if (ret)
		goto err_cmd_uninit;

	ret = hclge_query_dev_specs(hdev);
	if (ret) {
		dev_err(&pdev->dev, ""failed to query dev specifications, ret = %d.\n"",
			ret);
		goto err_cmd_uninit;
	}

	ret = hclge_configure(hdev);
	if (ret) {
		dev_err(&pdev->dev, ""Configure dev error, ret = %d.\n"", ret);
		goto err_cmd_uninit;
	}

	ret = hclge_init_msi(hdev);
	if (ret) {
		dev_err(&pdev->dev, ""Init MSI/MSI-X error, ret = %d.\n"", ret);
		goto err_cmd_uninit;
	}

	ret = hclge_misc_irq_init(hdev);
	if (ret)
		goto err_msi_uninit;

	ret = hclge_alloc_tqps(hdev);
	if (ret) {
		dev_err(&pdev->dev, ""Allocate TQPs error, ret = %d.\n"", ret);
		goto err_msi_irq_uninit;
	}

	ret = hclge_alloc_vport(hdev);
	if (ret)
		goto err_msi_irq_uninit;

	ret = hclge_map_tqp(hdev);
	if (ret)
		goto err_msi_irq_uninit;

	if (hdev->hw.mac.media_type == HNAE3_MEDIA_TYPE_COPPER) {
		clear_bit(HNAE3_DEV_SUPPORT_FEC_B, ae_dev->caps);
		if (hnae3_dev_phy_imp_supported(hdev))
			ret = hclge_update_tp_port_info(hdev);
		else
			ret = hclge_mac_mdio_config(hdev);

		if (ret)
			goto err_msi_irq_uninit;
	}

	ret = hclge_init_umv_space(hdev);
	if (ret)
		goto err_mdiobus_unreg;

	ret = hclge_mac_init(hdev);
	if (ret) {
		dev_err(&pdev->dev, ""Mac init error, ret = %d\n"", ret);
		goto err_mdiobus_unreg;
	}

	ret = hclge_config_tso(hdev, HCLGE_TSO_MSS_MIN, HCLGE_TSO_MSS_MAX);
	if (ret) {
		dev_err(&pdev->dev, ""Enable tso fail, ret =%d\n"", ret);
		goto err_mdiobus_unreg;
	}

	ret = hclge_config_gro(hdev);
	if (ret)
		goto err_mdiobus_unreg;

	ret = hclge_init_vlan_config(hdev);
	if (ret) {
		dev_err(&pdev->dev, ""VLAN init fail, ret =%d\n"", ret);
		goto err_mdiobus_unreg;
	}

	ret = hclge_tm_schd_init(hdev);
	if (ret) {
		dev_err(&pdev->dev, ""tm schd init fail, ret =%d\n"", ret);
		goto err_mdiobus_unreg;
	}

	ret = hclge_comm_rss_init_cfg(&hdev->vport->nic, hdev->ae_dev,
				      &hdev->rss_cfg);
	if (ret) {
		dev_err(&pdev->dev, ""failed to init rss cfg, ret = %d\n"", ret);
		goto err_mdiobus_unreg;
	}

	ret = hclge_rss_init_hw(hdev);
	if (ret) {
		dev_err(&pdev->dev, ""Rss init fail, ret =%d\n"", ret);
		goto err_mdiobus_unreg;
	}

	ret = init_mgr_tbl(hdev);
	if (ret) {
		dev_err(&pdev->dev, ""manager table init fail, ret =%d\n"", ret);
		goto err_mdiobus_unreg;
	}

	ret = hclge_init_fd_config(hdev);
	if (ret) {
		dev_err(&pdev->dev,
			""fd table init fail, ret=%d\n"", ret);
		goto err_mdiobus_unreg;
	}

	ret = hclge_ptp_init(hdev);
	if (ret)
		goto err_mdiobus_unreg;

	ret = hclge_update_port_info(hdev);
	if (ret)
		goto err_ptp_uninit;

	INIT_KFIFO(hdev->mac_tnl_log);

	hclge_dcb_ops_set(hdev);

	timer_setup(&hdev->reset_timer, hclge_reset_timer, 0);
	INIT_DELAYED_WORK(&hdev->service_task, hclge_service_task);

	hclge_clear_all_event_cause(hdev);
	hclge_clear_resetting_state(hdev);

	/* Log and clear the hw errors those already occurred */
	if (hnae3_dev_ras_imp_supported(hdev))
		hclge_handle_occurred_error(hdev);
	else
		hclge_handle_all_hns_hw_errors(ae_dev);

	/* request delayed reset for the error recovery because an immediate
	 * global reset on a PF affecting pending initialization of other PFs
	 */
	if (ae_dev->hw_err_reset_req) {
		enum hnae3_reset_type reset_level;

		reset_level = hclge_get_reset_level(ae_dev,
						    &ae_dev->hw_err_reset_req);
		hclge_set_def_reset_request(ae_dev, reset_level);
		mod_timer(&hdev->reset_timer, jiffies + HCLGE_RESET_INTERVAL);
	}

	hclge_init_rxd_adv_layout(hdev);

	/* Enable MISC vector(vector0) */
	hclge_enable_vector(&hdev->misc_vector, true);

	ret = hclge_init_wol(hdev);
	if (ret)
		dev_warn(&pdev->dev,
			 ""failed to wake on lan init, ret = %d\n"", ret);

	ret = hclge_devlink_init(hdev);
	if (ret)
		goto err_ptp_uninit;

	hclge_state_init(hdev);
	hdev->last_reset_time = jiffies;

	dev_info(&hdev->pdev->dev, ""%s driver initialization finished.\n"",
		 HCLGE_DRIVER_NAME);

	hclge_task_schedule(hdev, round_jiffies_relative(HZ));
	return 0;

err_ptp_uninit:
	hclge_ptp_uninit(hdev);
err_mdiobus_unreg:
	if (hdev->hw.mac.phydev)
		mdiobus_unregister(hdev->hw.mac.mdio_bus);
err_msi_irq_uninit:
	hclge_misc_irq_uninit(hdev);
err_msi_uninit:
	pci_free_irq_vectors(pdev);
err_cmd_uninit:
	hclge_comm_cmd_uninit(hdev->ae_dev, &hdev->hw.hw);
err_pci_uninit:
	pcim_iounmap(pdev, hdev->hw.hw.io_base);
	pci_release_regions(pdev);
	pci_disable_device(pdev);
out:
	mutex_destroy(&hdev->vport_lock);
	return ret;
}
",CWE-476,CVE-2024-36900
"int vmbus_connect(void)
{
	struct vmbus_channel_msginfo *msginfo = NULL;
	int i, ret = 0;
	__u32 version;

	/* Initialize the vmbus connection */
	vmbus_connection.conn_state = CONNECTING;
	vmbus_connection.work_queue = create_workqueue(""hv_vmbus_con"");
	if (!vmbus_connection.work_queue) {
		ret = -ENOMEM;
		goto cleanup;
	}

	vmbus_connection.rescind_work_queue =
		create_workqueue(""hv_vmbus_rescind"");
	if (!vmbus_connection.rescind_work_queue) {
		ret = -ENOMEM;
		goto cleanup;
	}
	vmbus_connection.ignore_any_offer_msg = false;

	vmbus_connection.handle_primary_chan_wq =
		create_workqueue(""hv_pri_chan"");
	if (!vmbus_connection.handle_primary_chan_wq) {
		ret = -ENOMEM;
		goto cleanup;
	}

	vmbus_connection.handle_sub_chan_wq =
		create_workqueue(""hv_sub_chan"");
	if (!vmbus_connection.handle_sub_chan_wq) {
		ret = -ENOMEM;
		goto cleanup;
	}

	INIT_LIST_HEAD(&vmbus_connection.chn_msg_list);
	spin_lock_init(&vmbus_connection.channelmsg_lock);

	INIT_LIST_HEAD(&vmbus_connection.chn_list);
	mutex_init(&vmbus_connection.channel_mutex);

	/*
	 * Setup the vmbus event connection for channel interrupt
	 * abstraction stuff
	 */
	vmbus_connection.int_page = hv_alloc_hyperv_zeroed_page();
	if (vmbus_connection.int_page == NULL) {
		ret = -ENOMEM;
		goto cleanup;
	}

	vmbus_connection.recv_int_page = vmbus_connection.int_page;
	vmbus_connection.send_int_page =
		(void *)((unsigned long)vmbus_connection.int_page +
			(HV_HYP_PAGE_SIZE >> 1));

	/*
	 * Setup the monitor notification facility. The 1st page for
	 * parent->child and the 2nd page for child->parent
	 */
	vmbus_connection.monitor_pages[0] = hv_alloc_hyperv_page();
	vmbus_connection.monitor_pages[1] = hv_alloc_hyperv_page();
	if ((vmbus_connection.monitor_pages[0] == NULL) ||
	    (vmbus_connection.monitor_pages[1] == NULL)) {
		ret = -ENOMEM;
		goto cleanup;
	}

	ret = set_memory_decrypted((unsigned long)
				vmbus_connection.monitor_pages[0], 1);
	ret |= set_memory_decrypted((unsigned long)
				vmbus_connection.monitor_pages[1], 1);
	if (ret)
		goto cleanup;

	/*
	 * Set_memory_decrypted() will change the memory contents if
	 * decryption occurs, so zero monitor pages here.
	 */
	memset(vmbus_connection.monitor_pages[0], 0x00, HV_HYP_PAGE_SIZE);
	memset(vmbus_connection.monitor_pages[1], 0x00, HV_HYP_PAGE_SIZE);

	msginfo = kzalloc(sizeof(*msginfo) +
			  sizeof(struct vmbus_channel_initiate_contact),
			  GFP_KERNEL);
	if (msginfo == NULL) {
		ret = -ENOMEM;
		goto cleanup;
	}

	/*
	 * Negotiate a compatible VMBUS version number with the
	 * host. We start with the highest number we can support
	 * and work our way down until we negotiate a compatible
	 * version.
	 */

	for (i = 0; ; i++) {
		if (i == ARRAY_SIZE(vmbus_versions)) {
			ret = -EDOM;
			goto cleanup;
		}

		version = vmbus_versions[i];
		if (version > max_version)
			continue;

		ret = vmbus_negotiate_version(msginfo, version);
		if (ret == -ETIMEDOUT)
			goto cleanup;

		if (vmbus_connection.conn_state == CONNECTED)
			break;
	}

	if (hv_is_isolation_supported() && version < VERSION_WIN10_V5_2) {
		pr_err(""Invalid VMBus version %d.%d (expected >= %d.%d) from the host supporting isolation\n"",
		       version >> 16, version & 0xFFFF, VERSION_WIN10_V5_2 >> 16, VERSION_WIN10_V5_2 & 0xFFFF);
		ret = -EINVAL;
		goto cleanup;
	}

	vmbus_proto_version = version;
	pr_info(""Vmbus version:%d.%d\n"",
		version >> 16, version & 0xFFFF);

	vmbus_connection.channels = kcalloc(MAX_CHANNEL_RELIDS,
					    sizeof(struct vmbus_channel *),
					    GFP_KERNEL);
	if (vmbus_connection.channels == NULL) {
		ret = -ENOMEM;
		goto cleanup;
	}

	kfree(msginfo);
	return 0;

cleanup:
	pr_err(""Unable to connect to host\n"");

	vmbus_connection.conn_state = DISCONNECTED;
	vmbus_disconnect();

	kfree(msginfo);

	return ret;
}
","int vmbus_connect(void)
{
	struct vmbus_channel_msginfo *msginfo = NULL;
	int i, ret = 0;
	__u32 version;

	/* Initialize the vmbus connection */
	vmbus_connection.conn_state = CONNECTING;
	vmbus_connection.work_queue = create_workqueue(""hv_vmbus_con"");
	if (!vmbus_connection.work_queue) {
		ret = -ENOMEM;
		goto cleanup;
	}

	vmbus_connection.rescind_work_queue =
		create_workqueue(""hv_vmbus_rescind"");
	if (!vmbus_connection.rescind_work_queue) {
		ret = -ENOMEM;
		goto cleanup;
	}
	vmbus_connection.ignore_any_offer_msg = false;

	vmbus_connection.handle_primary_chan_wq =
		create_workqueue(""hv_pri_chan"");
	if (!vmbus_connection.handle_primary_chan_wq) {
		ret = -ENOMEM;
		goto cleanup;
	}

	vmbus_connection.handle_sub_chan_wq =
		create_workqueue(""hv_sub_chan"");
	if (!vmbus_connection.handle_sub_chan_wq) {
		ret = -ENOMEM;
		goto cleanup;
	}

	INIT_LIST_HEAD(&vmbus_connection.chn_msg_list);
	spin_lock_init(&vmbus_connection.channelmsg_lock);

	INIT_LIST_HEAD(&vmbus_connection.chn_list);
	mutex_init(&vmbus_connection.channel_mutex);

	/*
	 * Setup the vmbus event connection for channel interrupt
	 * abstraction stuff
	 */
	vmbus_connection.int_page = hv_alloc_hyperv_zeroed_page();
	if (vmbus_connection.int_page == NULL) {
		ret = -ENOMEM;
		goto cleanup;
	}

	vmbus_connection.recv_int_page = vmbus_connection.int_page;
	vmbus_connection.send_int_page =
		(void *)((unsigned long)vmbus_connection.int_page +
			(HV_HYP_PAGE_SIZE >> 1));

	/*
	 * Setup the monitor notification facility. The 1st page for
	 * parent->child and the 2nd page for child->parent
	 */
	vmbus_connection.monitor_pages[0] = hv_alloc_hyperv_page();
	vmbus_connection.monitor_pages[1] = hv_alloc_hyperv_page();
	if ((vmbus_connection.monitor_pages[0] == NULL) ||
	    (vmbus_connection.monitor_pages[1] == NULL)) {
		ret = -ENOMEM;
		goto cleanup;
	}

	ret = set_memory_decrypted((unsigned long)
				vmbus_connection.monitor_pages[0], 1);
	ret |= set_memory_decrypted((unsigned long)
				vmbus_connection.monitor_pages[1], 1);
	if (ret) {
		/*
		 * If set_memory_decrypted() fails, the encryption state
		 * of the memory is unknown. So leak the memory instead
		 * of risking returning decrypted memory to the free list.
		 * For simplicity, always handle both pages the same.
		 */
		vmbus_connection.monitor_pages[0] = NULL;
		vmbus_connection.monitor_pages[1] = NULL;
		goto cleanup;
	}

	/*
	 * Set_memory_decrypted() will change the memory contents if
	 * decryption occurs, so zero monitor pages here.
	 */
	memset(vmbus_connection.monitor_pages[0], 0x00, HV_HYP_PAGE_SIZE);
	memset(vmbus_connection.monitor_pages[1], 0x00, HV_HYP_PAGE_SIZE);

	msginfo = kzalloc(sizeof(*msginfo) +
			  sizeof(struct vmbus_channel_initiate_contact),
			  GFP_KERNEL);
	if (msginfo == NULL) {
		ret = -ENOMEM;
		goto cleanup;
	}

	/*
	 * Negotiate a compatible VMBUS version number with the
	 * host. We start with the highest number we can support
	 * and work our way down until we negotiate a compatible
	 * version.
	 */

	for (i = 0; ; i++) {
		if (i == ARRAY_SIZE(vmbus_versions)) {
			ret = -EDOM;
			goto cleanup;
		}

		version = vmbus_versions[i];
		if (version > max_version)
			continue;

		ret = vmbus_negotiate_version(msginfo, version);
		if (ret == -ETIMEDOUT)
			goto cleanup;

		if (vmbus_connection.conn_state == CONNECTED)
			break;
	}

	if (hv_is_isolation_supported() && version < VERSION_WIN10_V5_2) {
		pr_err(""Invalid VMBus version %d.%d (expected >= %d.%d) from the host supporting isolation\n"",
		       version >> 16, version & 0xFFFF, VERSION_WIN10_V5_2 >> 16, VERSION_WIN10_V5_2 & 0xFFFF);
		ret = -EINVAL;
		goto cleanup;
	}

	vmbus_proto_version = version;
	pr_info(""Vmbus version:%d.%d\n"",
		version >> 16, version & 0xFFFF);

	vmbus_connection.channels = kcalloc(MAX_CHANNEL_RELIDS,
					    sizeof(struct vmbus_channel *),
					    GFP_KERNEL);
	if (vmbus_connection.channels == NULL) {
		ret = -ENOMEM;
		goto cleanup;
	}

	kfree(msginfo);
	return 0;

cleanup:
	pr_err(""Unable to connect to host\n"");

	vmbus_connection.conn_state = DISCONNECTED;
	vmbus_disconnect();

	kfree(msginfo);

	return ret;
}
",CWE-457,CVE-2024-36913
"static int clone_submodule(const struct module_clone_data *clone_data,
			   struct string_list *reference)
{
	char *p;
	char *sm_gitdir = clone_submodule_sm_gitdir(clone_data->name);
	char *sm_alternate = NULL, *error_strategy = NULL;
	struct child_process cp = CHILD_PROCESS_INIT;
	const char *clone_data_path = clone_data->path;
	char *to_free = NULL;

	if (!is_absolute_path(clone_data->path))
		clone_data_path = to_free = xstrfmt(""%s/%s"", get_git_work_tree(),
						    clone_data->path);

	if (validate_submodule_git_dir(sm_gitdir, clone_data->name) < 0)
		die(_(""refusing to create/use '%s' in another submodule's ""
		      ""git dir""), sm_gitdir);

	if (!file_exists(sm_gitdir)) {
		if (safe_create_leading_directories_const(sm_gitdir) < 0)
			die(_(""could not create directory '%s'""), sm_gitdir);

		prepare_possible_alternates(clone_data->name, reference);

		strvec_push(&cp.args, ""clone"");
		strvec_push(&cp.args, ""--no-checkout"");
		if (clone_data->quiet)
			strvec_push(&cp.args, ""--quiet"");
		if (clone_data->progress)
			strvec_push(&cp.args, ""--progress"");
		if (clone_data->depth && *(clone_data->depth))
			strvec_pushl(&cp.args, ""--depth"", clone_data->depth, NULL);
		if (reference->nr) {
			struct string_list_item *item;

			for_each_string_list_item(item, reference)
				strvec_pushl(&cp.args, ""--reference"",
					     item->string, NULL);
		}
		if (clone_data->dissociate)
			strvec_push(&cp.args, ""--dissociate"");
		if (sm_gitdir && *sm_gitdir)
			strvec_pushl(&cp.args, ""--separate-git-dir"", sm_gitdir, NULL);
		if (clone_data->filter_options && clone_data->filter_options->choice)
			strvec_pushf(&cp.args, ""--filter=%s"",
				     expand_list_objects_filter_spec(
					     clone_data->filter_options));
		if (clone_data->single_branch >= 0)
			strvec_push(&cp.args, clone_data->single_branch ?
				    ""--single-branch"" :
				    ""--no-single-branch"");

		strvec_push(&cp.args, ""--"");
		strvec_push(&cp.args, clone_data->url);
		strvec_push(&cp.args, clone_data_path);

		cp.git_cmd = 1;
		prepare_submodule_repo_env(&cp.env);
		cp.no_stdin = 1;

		if(run_command(&cp))
			die(_(""clone of '%s' into submodule path '%s' failed""),
			    clone_data->url, clone_data_path);
	} else {
		char *path;

		if (clone_data->require_init && !access(clone_data_path, X_OK) &&
		    !is_empty_dir(clone_data_path))
			die(_(""directory not empty: '%s'""), clone_data_path);
		if (safe_create_leading_directories_const(clone_data_path) < 0)
			die(_(""could not create directory '%s'""), clone_data_path);
		path = xstrfmt(""%s/index"", sm_gitdir);
		unlink_or_warn(path);
		free(path);
	}

	/*
	 * We already performed this check at the beginning of this function,
	 * before cloning the objects. This tries to detect racy behavior e.g.
	 * in parallel clones, where another process could easily have made the
	 * gitdir nested _after_ it was created.
	 *
	 * To prevent further harm coming from this unintentionally-nested
	 * gitdir, let's disable it by deleting the `HEAD` file.
	 */
	if (validate_submodule_git_dir(sm_gitdir, clone_data->name) < 0) {
		char *head = xstrfmt(""%s/HEAD"", sm_gitdir);
		unlink(head);
		free(head);
		die(_(""refusing to create/use '%s' in another submodule's ""
		      ""git dir""), sm_gitdir);
	}

	connect_work_tree_and_git_dir(clone_data_path, sm_gitdir, 0);

	p = git_pathdup_submodule(clone_data_path, ""config"");
	if (!p)
		die(_(""could not get submodule directory for '%s'""), clone_data_path);

	/* setup alternateLocation and alternateErrorStrategy in the cloned submodule if needed */
	git_config_get_string(""submodule.alternateLocation"", &sm_alternate);
	if (sm_alternate)
		git_config_set_in_file(p, ""submodule.alternateLocation"",
				       sm_alternate);
	git_config_get_string(""submodule.alternateErrorStrategy"", &error_strategy);
	if (error_strategy)
		git_config_set_in_file(p, ""submodule.alternateErrorStrategy"",
				       error_strategy);

	free(sm_alternate);
	free(error_strategy);

	free(sm_gitdir);
	free(p);
	free(to_free);
	return 0;
}
","static int clone_submodule(const struct module_clone_data *clone_data,
			   struct string_list *reference)
{
	char *p;
	char *sm_gitdir = clone_submodule_sm_gitdir(clone_data->name);
	char *sm_alternate = NULL, *error_strategy = NULL;
	struct stat st;
	struct child_process cp = CHILD_PROCESS_INIT;
	const char *clone_data_path = clone_data->path;
	char *to_free = NULL;

	if (!is_absolute_path(clone_data->path))
		clone_data_path = to_free = xstrfmt(""%s/%s"", get_git_work_tree(),
						    clone_data->path);

	if (validate_submodule_git_dir(sm_gitdir, clone_data->name) < 0)
		die(_(""refusing to create/use '%s' in another submodule's ""
		      ""git dir""), sm_gitdir);

	if (!file_exists(sm_gitdir)) {
		if (clone_data->require_init && !stat(clone_data_path, &st) &&
		    !is_empty_dir(clone_data_path))
			die(_(""directory not empty: '%s'""), clone_data_path);

		if (safe_create_leading_directories_const(sm_gitdir) < 0)
			die(_(""could not create directory '%s'""), sm_gitdir);

		prepare_possible_alternates(clone_data->name, reference);

		strvec_push(&cp.args, ""clone"");
		strvec_push(&cp.args, ""--no-checkout"");
		if (clone_data->quiet)
			strvec_push(&cp.args, ""--quiet"");
		if (clone_data->progress)
			strvec_push(&cp.args, ""--progress"");
		if (clone_data->depth && *(clone_data->depth))
			strvec_pushl(&cp.args, ""--depth"", clone_data->depth, NULL);
		if (reference->nr) {
			struct string_list_item *item;

			for_each_string_list_item(item, reference)
				strvec_pushl(&cp.args, ""--reference"",
					     item->string, NULL);
		}
		if (clone_data->dissociate)
			strvec_push(&cp.args, ""--dissociate"");
		if (sm_gitdir && *sm_gitdir)
			strvec_pushl(&cp.args, ""--separate-git-dir"", sm_gitdir, NULL);
		if (clone_data->filter_options && clone_data->filter_options->choice)
			strvec_pushf(&cp.args, ""--filter=%s"",
				     expand_list_objects_filter_spec(
					     clone_data->filter_options));
		if (clone_data->single_branch >= 0)
			strvec_push(&cp.args, clone_data->single_branch ?
				    ""--single-branch"" :
				    ""--no-single-branch"");

		strvec_push(&cp.args, ""--"");
		strvec_push(&cp.args, clone_data->url);
		strvec_push(&cp.args, clone_data_path);

		cp.git_cmd = 1;
		prepare_submodule_repo_env(&cp.env);
		cp.no_stdin = 1;

		if(run_command(&cp))
			die(_(""clone of '%s' into submodule path '%s' failed""),
			    clone_data->url, clone_data_path);

		if (clone_data->require_init && !stat(clone_data_path, &st) &&
		    !dir_contains_only_dotgit(clone_data_path)) {
			char *dot_git = xstrfmt(""%s/.git"", clone_data_path);
			unlink(dot_git);
			free(dot_git);
			die(_(""directory not empty: '%s'""), clone_data_path);
		}
	} else {
		char *path;

		if (clone_data->require_init && !access(clone_data_path, X_OK) &&
		    !is_empty_dir(clone_data_path))
			die(_(""directory not empty: '%s'""), clone_data_path);
		if (safe_create_leading_directories_const(clone_data_path) < 0)
			die(_(""could not create directory '%s'""), clone_data_path);
		path = xstrfmt(""%s/index"", sm_gitdir);
		unlink_or_warn(path);
		free(path);
	}

	/*
	 * We already performed this check at the beginning of this function,
	 * before cloning the objects. This tries to detect racy behavior e.g.
	 * in parallel clones, where another process could easily have made the
	 * gitdir nested _after_ it was created.
	 *
	 * To prevent further harm coming from this unintentionally-nested
	 * gitdir, let's disable it by deleting the `HEAD` file.
	 */
	if (validate_submodule_git_dir(sm_gitdir, clone_data->name) < 0) {
		char *head = xstrfmt(""%s/HEAD"", sm_gitdir);
		unlink(head);
		free(head);
		die(_(""refusing to create/use '%s' in another submodule's ""
		      ""git dir""), sm_gitdir);
	}

	connect_work_tree_and_git_dir(clone_data_path, sm_gitdir, 0);

	p = git_pathdup_submodule(clone_data_path, ""config"");
	if (!p)
		die(_(""could not get submodule directory for '%s'""), clone_data_path);

	/* setup alternateLocation and alternateErrorStrategy in the cloned submodule if needed */
	git_config_get_string(""submodule.alternateLocation"", &sm_alternate);
	if (sm_alternate)
		git_config_set_in_file(p, ""submodule.alternateLocation"",
				       sm_alternate);
	git_config_get_string(""submodule.alternateErrorStrategy"", &error_strategy);
	if (error_strategy)
		git_config_set_in_file(p, ""submodule.alternateErrorStrategy"",
				       error_strategy);

	free(sm_alternate);
	free(error_strategy);

	free(sm_gitdir);
	free(p);
	free(to_free);
	return 0;
}
",CWE-476,CVE-2024-32002
"int tipc_buf_append(struct sk_buff **headbuf, struct sk_buff **buf)
{
	struct sk_buff *head = *headbuf;
	struct sk_buff *frag = *buf;
	struct sk_buff *tail = NULL;
	struct tipc_msg *msg;
	u32 fragid;
	int delta;
	bool headstolen;

	if (!frag)
		goto err;

	msg = buf_msg(frag);
	fragid = msg_type(msg);
	frag->next = NULL;
	skb_pull(frag, msg_hdr_sz(msg));

	if (fragid == FIRST_FRAGMENT) {
		if (unlikely(head))
			goto err;
		*buf = NULL;
		if (skb_has_frag_list(frag) && __skb_linearize(frag))
			goto err;
		frag = skb_unshare(frag, GFP_ATOMIC);
		if (unlikely(!frag))
			goto err;
		head = *headbuf = frag;
		TIPC_SKB_CB(head)->tail = NULL;
		return 0;
	}

	if (!head)
		goto err;

	if (skb_try_coalesce(head, frag, &headstolen, &delta)) {
		kfree_skb_partial(frag, headstolen);
	} else {
		tail = TIPC_SKB_CB(head)->tail;
		if (!skb_has_frag_list(head))
			skb_shinfo(head)->frag_list = frag;
		else
			tail->next = frag;
		head->truesize += frag->truesize;
		head->data_len += frag->len;
		head->len += frag->len;
		TIPC_SKB_CB(head)->tail = frag;
	}

	if (fragid == LAST_FRAGMENT) {
		TIPC_SKB_CB(head)->validated = 0;
		if (unlikely(!tipc_msg_validate(&head)))
			goto err;
		*buf = head;
		TIPC_SKB_CB(head)->tail = NULL;
		*headbuf = NULL;
		return 1;
	}
	*buf = NULL;
	return 0;
err:
	kfree_skb(*buf);
	kfree_skb(*headbuf);
	*buf = *headbuf = NULL;
	return 0;
}
","int tipc_buf_append(struct sk_buff **headbuf, struct sk_buff **buf)
{
	struct sk_buff *head = *headbuf;
	struct sk_buff *frag = *buf;
	struct sk_buff *tail = NULL;
	struct tipc_msg *msg;
	u32 fragid;
	int delta;
	bool headstolen;

	if (!frag)
		goto err;

	msg = buf_msg(frag);
	fragid = msg_type(msg);
	frag->next = NULL;
	skb_pull(frag, msg_hdr_sz(msg));

	if (fragid == FIRST_FRAGMENT) {
		if (unlikely(head))
			goto err;
		*buf = NULL;
		if (skb_has_frag_list(frag) && __skb_linearize(frag))
			goto err;
		frag = skb_unshare(frag, GFP_ATOMIC);
		if (unlikely(!frag))
			goto err;
		head = *headbuf = frag;
		TIPC_SKB_CB(head)->tail = NULL;
		return 0;
	}

	if (!head)
		goto err;

	/* Either the input skb ownership is transferred to headskb
	 * or the input skb is freed, clear the reference to avoid
	 * bad access on error path.
	 */
	*buf = NULL;
	if (skb_try_coalesce(head, frag, &headstolen, &delta)) {
		kfree_skb_partial(frag, headstolen);
	} else {
		tail = TIPC_SKB_CB(head)->tail;
		if (!skb_has_frag_list(head))
			skb_shinfo(head)->frag_list = frag;
		else
			tail->next = frag;
		head->truesize += frag->truesize;
		head->data_len += frag->len;
		head->len += frag->len;
		TIPC_SKB_CB(head)->tail = frag;
	}

	if (fragid == LAST_FRAGMENT) {
		TIPC_SKB_CB(head)->validated = 0;
		if (unlikely(!tipc_msg_validate(&head)))
			goto err;
		*buf = head;
		TIPC_SKB_CB(head)->tail = NULL;
		*headbuf = NULL;
		return 1;
	}
	return 0;
err:
	kfree_skb(*buf);
	kfree_skb(*headbuf);
	*buf = *headbuf = NULL;
	return 0;
",CWE-401,CVE-2024-36886
"void iwl_txq_reclaim(struct iwl_trans *trans, int txq_id, int ssn,
		     struct sk_buff_head *skbs, bool is_flush)
{
	struct iwl_txq *txq = trans->txqs.txq[txq_id];
	int tfd_num, read_ptr, last_to_free;

	/* This function is not meant to release cmd queue*/
	if (WARN_ON(txq_id == trans->txqs.cmd.q_id))
		return;

	if (WARN_ON(!txq))
		return;

	tfd_num = iwl_txq_get_cmd_index(txq, ssn);
	read_ptr = iwl_txq_get_cmd_index(txq, txq->read_ptr);

	spin_lock_bh(&txq->lock);

	if (!test_bit(txq_id, trans->txqs.queue_used)) {
		IWL_DEBUG_TX_QUEUES(trans, ""Q %d inactive - ignoring idx %d\n"",
				    txq_id, ssn);
		goto out;
	}

	if (read_ptr == tfd_num)
		goto out;

	IWL_DEBUG_TX_REPLY(trans, ""[Q %d] %d -> %d (%d)\n"",
			   txq_id, txq->read_ptr, tfd_num, ssn);

	/*Since we free until index _not_ inclusive, the one before index is
	 * the last we will free. This one must be used */
	last_to_free = iwl_txq_dec_wrap(trans, tfd_num);

	if (!iwl_txq_used(txq, last_to_free)) {
		IWL_ERR(trans,
			""%s: Read index for txq id (%d), last_to_free %d is out of range [0-%d] %d %d.\n"",
			__func__, txq_id, last_to_free,
			trans->trans_cfg->base_params->max_tfd_queue_size,
			txq->write_ptr, txq->read_ptr);

		iwl_op_mode_time_point(trans->op_mode,
				       IWL_FW_INI_TIME_POINT_FAKE_TX,
				       NULL);
		goto out;
	}

	if (WARN_ON(!skb_queue_empty(skbs)))
		goto out;

	for (;
	     read_ptr != tfd_num;
	     txq->read_ptr = iwl_txq_inc_wrap(trans, txq->read_ptr),
	     read_ptr = iwl_txq_get_cmd_index(txq, txq->read_ptr)) {
		struct sk_buff *skb = txq->entries[read_ptr].skb;

		if (WARN_ON_ONCE(!skb))
			continue;

		iwl_txq_free_tso_page(trans, skb);

		__skb_queue_tail(skbs, skb);

		txq->entries[read_ptr].skb = NULL;

		if (!trans->trans_cfg->gen2)
			iwl_txq_gen1_inval_byte_cnt_tbl(trans, txq);

		iwl_txq_free_tfd(trans, txq);
	}

	iwl_txq_progress(txq);

	if (iwl_txq_space(trans, txq) > txq->low_mark &&
	    test_bit(txq_id, trans->txqs.queue_stopped)) {
		struct sk_buff_head overflow_skbs;
		struct sk_buff *skb;

		__skb_queue_head_init(&overflow_skbs);
		skb_queue_splice_init(&txq->overflow_q,
				      is_flush ? skbs : &overflow_skbs);

		/*
		 * We are going to transmit from the overflow queue.
		 * Remember this state so that wait_for_txq_empty will know we
		 * are adding more packets to the TFD queue. It cannot rely on
		 * the state of &txq->overflow_q, as we just emptied it, but
		 * haven't TXed the content yet.
		 */
		txq->overflow_tx = true;

		/*
		 * This is tricky: we are in reclaim path which is non
		 * re-entrant, so noone will try to take the access the
		 * txq data from that path. We stopped tx, so we can't
		 * have tx as well. Bottom line, we can unlock and re-lock
		 * later.
		 */
		spin_unlock_bh(&txq->lock);

		while ((skb = __skb_dequeue(&overflow_skbs))) {
			struct iwl_device_tx_cmd *dev_cmd_ptr;

			dev_cmd_ptr = *(void **)((u8 *)skb->cb +
						 trans->txqs.dev_cmd_offs);

			/*
			 * Note that we can very well be overflowing again.
			 * In that case, iwl_txq_space will be small again
			 * and we won't wake mac80211's queue.
			 */
			iwl_trans_tx(trans, skb, dev_cmd_ptr, txq_id);
		}

		if (iwl_txq_space(trans, txq) > txq->low_mark)
			iwl_wake_queue(trans, txq);

		spin_lock_bh(&txq->lock);
		txq->overflow_tx = false;
	}

out:
	spin_unlock_bh(&txq->lock);
}
","void iwl_txq_reclaim(struct iwl_trans *trans, int txq_id, int ssn,
		     struct sk_buff_head *skbs, bool is_flush)
{
	struct iwl_txq *txq = trans->txqs.txq[txq_id];
	int tfd_num, read_ptr, last_to_free;

	/* This function is not meant to release cmd queue*/
	if (WARN_ON(txq_id == trans->txqs.cmd.q_id))
		return;

	if (WARN_ON(!txq))
		return;

	tfd_num = iwl_txq_get_cmd_index(txq, ssn);

	spin_lock_bh(&txq->lock);
	read_ptr = iwl_txq_get_cmd_index(txq, txq->read_ptr);

	if (!test_bit(txq_id, trans->txqs.queue_used)) {
		IWL_DEBUG_TX_QUEUES(trans, ""Q %d inactive - ignoring idx %d\n"",
				    txq_id, ssn);
		goto out;
	}

	if (read_ptr == tfd_num)
		goto out;

	IWL_DEBUG_TX_REPLY(trans, ""[Q %d] %d -> %d (%d)\n"",
			   txq_id, txq->read_ptr, tfd_num, ssn);

	/*Since we free until index _not_ inclusive, the one before index is
	 * the last we will free. This one must be used */
	last_to_free = iwl_txq_dec_wrap(trans, tfd_num);

	if (!iwl_txq_used(txq, last_to_free)) {
		IWL_ERR(trans,
			""%s: Read index for txq id (%d), last_to_free %d is out of range [0-%d] %d %d.\n"",
			__func__, txq_id, last_to_free,
			trans->trans_cfg->base_params->max_tfd_queue_size,
			txq->write_ptr, txq->read_ptr);

		iwl_op_mode_time_point(trans->op_mode,
				       IWL_FW_INI_TIME_POINT_FAKE_TX,
				       NULL);
		goto out;
	}

	if (WARN_ON(!skb_queue_empty(skbs)))
		goto out;

	for (;
	     read_ptr != tfd_num;
	     txq->read_ptr = iwl_txq_inc_wrap(trans, txq->read_ptr),
	     read_ptr = iwl_txq_get_cmd_index(txq, txq->read_ptr)) {
		struct sk_buff *skb = txq->entries[read_ptr].skb;

		if (WARN_ON_ONCE(!skb))
			continue;

		iwl_txq_free_tso_page(trans, skb);

		__skb_queue_tail(skbs, skb);

		txq->entries[read_ptr].skb = NULL;

		if (!trans->trans_cfg->gen2)
			iwl_txq_gen1_inval_byte_cnt_tbl(trans, txq);

		iwl_txq_free_tfd(trans, txq);
	}

	iwl_txq_progress(txq);

	if (iwl_txq_space(trans, txq) > txq->low_mark &&
	    test_bit(txq_id, trans->txqs.queue_stopped)) {
		struct sk_buff_head overflow_skbs;
		struct sk_buff *skb;

		__skb_queue_head_init(&overflow_skbs);
		skb_queue_splice_init(&txq->overflow_q,
				      is_flush ? skbs : &overflow_skbs);

		/*
		 * We are going to transmit from the overflow queue.
		 * Remember this state so that wait_for_txq_empty will know we
		 * are adding more packets to the TFD queue. It cannot rely on
		 * the state of &txq->overflow_q, as we just emptied it, but
		 * haven't TXed the content yet.
		 */
		txq->overflow_tx = true;

		/*
		 * This is tricky: we are in reclaim path which is non
		 * re-entrant, so noone will try to take the access the
		 * txq data from that path. We stopped tx, so we can't
		 * have tx as well. Bottom line, we can unlock and re-lock
		 * later.
		 */
		spin_unlock_bh(&txq->lock);

		while ((skb = __skb_dequeue(&overflow_skbs))) {
			struct iwl_device_tx_cmd *dev_cmd_ptr;

			dev_cmd_ptr = *(void **)((u8 *)skb->cb +
						 trans->txqs.dev_cmd_offs);

			/*
			 * Note that we can very well be overflowing again.
			 * In that case, iwl_txq_space will be small again
			 * and we won't wake mac80211's queue.
			 */
			iwl_trans_tx(trans, skb, dev_cmd_ptr, txq_id);
		}

		if (iwl_txq_space(trans, txq) > txq->low_mark)
			iwl_wake_queue(trans, txq);

		spin_lock_bh(&txq->lock);
		txq->overflow_tx = false;
	}

out:
	spin_unlock_bh(&txq->lock);
}
",CWE-125,CVE-2024-36922
"struct sk_buff *__ip_make_skb(struct sock *sk,
			      struct flowi4 *fl4,
			      struct sk_buff_head *queue,
			      struct inet_cork *cork)
{
	struct sk_buff *skb, *tmp_skb;
	struct sk_buff **tail_skb;
	struct inet_sock *inet = inet_sk(sk);
	struct net *net = sock_net(sk);
	struct ip_options *opt = NULL;
	struct rtable *rt = (struct rtable *)cork->dst;
	struct iphdr *iph;
	__be16 df = 0;
	__u8 ttl;

	skb = __skb_dequeue(queue);
	if (!skb)
		goto out;
	tail_skb = &(skb_shinfo(skb)->frag_list);

	/* move skb->data to ip header from ext header */
	if (skb->data < skb_network_header(skb))
		__skb_pull(skb, skb_network_offset(skb));
	while ((tmp_skb = __skb_dequeue(queue)) != NULL) {
		__skb_pull(tmp_skb, skb_network_header_len(skb));
		*tail_skb = tmp_skb;
		tail_skb = &(tmp_skb->next);
		skb->len += tmp_skb->len;
		skb->data_len += tmp_skb->len;
		skb->truesize += tmp_skb->truesize;
		tmp_skb->destructor = NULL;
		tmp_skb->sk = NULL;
	}

	/* Unless user demanded real pmtu discovery (IP_PMTUDISC_DO), we allow
	 * to fragment the frame generated here. No matter, what transforms
	 * how transforms change size of the packet, it will come out.
	 */
	skb->ignore_df = ip_sk_ignore_df(sk);

	/* DF bit is set when we want to see DF on outgoing frames.
	 * If ignore_df is set too, we still allow to fragment this frame
	 * locally. */
	if (inet->pmtudisc == IP_PMTUDISC_DO ||
	    inet->pmtudisc == IP_PMTUDISC_PROBE ||
	    (skb->len <= dst_mtu(&rt->dst) &&
	     ip_dont_fragment(sk, &rt->dst)))
		df = htons(IP_DF);

	if (cork->flags & IPCORK_OPT)
		opt = cork->opt;

	if (cork->ttl != 0)
		ttl = cork->ttl;
	else if (rt->rt_type == RTN_MULTICAST)
		ttl = inet->mc_ttl;
	else
		ttl = ip_select_ttl(inet, &rt->dst);

	iph = ip_hdr(skb);
	iph->version = 4;
	iph->ihl = 5;
	iph->tos = (cork->tos != -1) ? cork->tos : inet->tos;
	iph->frag_off = df;
	iph->ttl = ttl;
	iph->protocol = sk->sk_protocol;
	ip_copy_addrs(iph, fl4);
	ip_select_ident(net, skb, sk);

	if (opt) {
		iph->ihl += opt->optlen >> 2;
		ip_options_build(skb, opt, cork->addr, rt);
	}

	skb->priority = (cork->tos != -1) ? cork->priority: sk->sk_priority;
	skb->mark = cork->mark;
	skb->tstamp = cork->transmit_time;
	/*
	 * Steal rt from cork.dst to avoid a pair of atomic_inc/atomic_dec
	 * on dst refcount
	 */
	cork->dst = NULL;
	skb_dst_set(skb, &rt->dst);

	if (iph->protocol == IPPROTO_ICMP) {
		u8 icmp_type;

		/* For such sockets, transhdrlen is zero when do ip_append_data(),
		 * so icmphdr does not in skb linear region and can not get icmp_type
		 * by icmp_hdr(skb)->type.
		 */
		if (sk->sk_type == SOCK_RAW &&
		    !inet_test_bit(HDRINCL, sk))
			icmp_type = fl4->fl4_icmp_type;
		else
			icmp_type = icmp_hdr(skb)->type;
		icmp_out_count(net, icmp_type);
	}

	ip_cork_release(cork);
out:
	return skb;
}
","struct sk_buff *__ip_make_skb(struct sock *sk,
			      struct flowi4 *fl4,
			      struct sk_buff_head *queue,
			      struct inet_cork *cork)
{
	struct sk_buff *skb, *tmp_skb;
	struct sk_buff **tail_skb;
	struct inet_sock *inet = inet_sk(sk);
	struct net *net = sock_net(sk);
	struct ip_options *opt = NULL;
	struct rtable *rt = (struct rtable *)cork->dst;
	struct iphdr *iph;
	__be16 df = 0;
	__u8 ttl;

	skb = __skb_dequeue(queue);
	if (!skb)
		goto out;
	tail_skb = &(skb_shinfo(skb)->frag_list);

	/* move skb->data to ip header from ext header */
	if (skb->data < skb_network_header(skb))
		__skb_pull(skb, skb_network_offset(skb));
	while ((tmp_skb = __skb_dequeue(queue)) != NULL) {
		__skb_pull(tmp_skb, skb_network_header_len(skb));
		*tail_skb = tmp_skb;
		tail_skb = &(tmp_skb->next);
		skb->len += tmp_skb->len;
		skb->data_len += tmp_skb->len;
		skb->truesize += tmp_skb->truesize;
		tmp_skb->destructor = NULL;
		tmp_skb->sk = NULL;
	}

	/* Unless user demanded real pmtu discovery (IP_PMTUDISC_DO), we allow
	 * to fragment the frame generated here. No matter, what transforms
	 * how transforms change size of the packet, it will come out.
	 */
	skb->ignore_df = ip_sk_ignore_df(sk);

	/* DF bit is set when we want to see DF on outgoing frames.
	 * If ignore_df is set too, we still allow to fragment this frame
	 * locally. */
	if (inet->pmtudisc == IP_PMTUDISC_DO ||
	    inet->pmtudisc == IP_PMTUDISC_PROBE ||
	    (skb->len <= dst_mtu(&rt->dst) &&
	     ip_dont_fragment(sk, &rt->dst)))
		df = htons(IP_DF);

	if (cork->flags & IPCORK_OPT)
		opt = cork->opt;

	if (cork->ttl != 0)
		ttl = cork->ttl;
	else if (rt->rt_type == RTN_MULTICAST)
		ttl = inet->mc_ttl;
	else
		ttl = ip_select_ttl(inet, &rt->dst);

	iph = ip_hdr(skb);
	iph->version = 4;
	iph->ihl = 5;
	iph->tos = (cork->tos != -1) ? cork->tos : inet->tos;
	iph->frag_off = df;
	iph->ttl = ttl;
	iph->protocol = sk->sk_protocol;
	ip_copy_addrs(iph, fl4);
	ip_select_ident(net, skb, sk);

	if (opt) {
		iph->ihl += opt->optlen >> 2;
		ip_options_build(skb, opt, cork->addr, rt);
	}

	skb->priority = (cork->tos != -1) ? cork->priority: sk->sk_priority;
	skb->mark = cork->mark;
	skb->tstamp = cork->transmit_time;
	/*
	 * Steal rt from cork.dst to avoid a pair of atomic_inc/atomic_dec
	 * on dst refcount
	 */
	cork->dst = NULL;
	skb_dst_set(skb, &rt->dst);

	if (iph->protocol == IPPROTO_ICMP) {
		u8 icmp_type;

		/* For such sockets, transhdrlen is zero when do ip_append_data(),
		 * so icmphdr does not in skb linear region and can not get icmp_type
		 * by icmp_hdr(skb)->type.
		 */
		if (sk->sk_type == SOCK_RAW &&
		    !(fl4->flowi4_flags & FLOWI_FLAG_KNOWN_NH))
			icmp_type = fl4->fl4_icmp_type;
		else
			icmp_type = icmp_hdr(skb)->type;
		icmp_out_count(net, icmp_type);
	}

	ip_cork_release(cork);
out:
	return skb;
}
",CWE-190,CVE-2024-36927
"static int qca_read_fw_build_info(struct hci_dev *hdev)
{
	struct sk_buff *skb;
	struct edl_event_hdr *edl;
	char cmd, build_label[QCA_FW_BUILD_VER_LEN];
	int build_lbl_len, err = 0;

	bt_dev_dbg(hdev, ""QCA read fw build info"");

	cmd = EDL_GET_BUILD_INFO_CMD;
	skb = __hci_cmd_sync_ev(hdev, EDL_PATCH_CMD_OPCODE, EDL_PATCH_CMD_LEN,
				&cmd, 0, HCI_INIT_TIMEOUT);
	if (IS_ERR(skb)) {
		err = PTR_ERR(skb);
		bt_dev_err(hdev, ""Reading QCA fw build info failed (%d)"",
			   err);
		return err;
	}

	edl = (struct edl_event_hdr *)(skb->data);
	if (!edl) {
		bt_dev_err(hdev, ""QCA read fw build info with no header"");
		err = -EILSEQ;
		goto out;
	}

	if (edl->cresp != EDL_CMD_REQ_RES_EVT ||
	    edl->rtype != EDL_GET_BUILD_INFO_CMD) {
		bt_dev_err(hdev, ""QCA Wrong packet received %d %d"", edl->cresp,
			   edl->rtype);
		err = -EIO;
		goto out;
	}

	build_lbl_len = edl->data[0];
	if (build_lbl_len <= QCA_FW_BUILD_VER_LEN - 1) {
		memcpy(build_label, edl->data + 1, build_lbl_len);
		*(build_label + build_lbl_len) = '\0';
	}

	hci_set_fw_info(hdev, ""%s"", build_label);

out:
	kfree_skb(skb);
	return err;
}
","static int qca_read_fw_build_info(struct hci_dev *hdev)
{
	struct sk_buff *skb;
	struct edl_event_hdr *edl;
	char *build_label;
	char cmd;
	int build_lbl_len, err = 0;

	bt_dev_dbg(hdev, ""QCA read fw build info"");

	cmd = EDL_GET_BUILD_INFO_CMD;
	skb = __hci_cmd_sync_ev(hdev, EDL_PATCH_CMD_OPCODE, EDL_PATCH_CMD_LEN,
				&cmd, 0, HCI_INIT_TIMEOUT);
	if (IS_ERR(skb)) {
		err = PTR_ERR(skb);
		bt_dev_err(hdev, ""Reading QCA fw build info failed (%d)"",
			   err);
		return err;
	}

	if (skb->len < sizeof(*edl)) {
		err = -EILSEQ;
		goto out;
	}

	edl = (struct edl_event_hdr *)(skb->data);
	if (!edl) {
		bt_dev_err(hdev, ""QCA read fw build info with no header"");
		err = -EILSEQ;
		goto out;
	}

	if (edl->cresp != EDL_CMD_REQ_RES_EVT ||
	    edl->rtype != EDL_GET_BUILD_INFO_CMD) {
		bt_dev_err(hdev, ""QCA Wrong packet received %d %d"", edl->cresp,
			   edl->rtype);
		err = -EIO;
		goto out;
	}

	if (skb->len < sizeof(*edl) + 1) {
		err = -EILSEQ;
		goto out;
	}

	build_lbl_len = edl->data[0];

	if (skb->len < sizeof(*edl) + 1 + build_lbl_len) {
		err = -EILSEQ;
		goto out;
	}

	build_label = kstrndup(&edl->data[1], build_lbl_len, GFP_KERNEL);
	if (!build_label)
		goto out;

	hci_set_fw_info(hdev, ""%s"", build_label);

	kfree(build_label);
out:
	kfree_skb(skb);
	return err;
}
",CWE-125,CVE-2024-36032
"static int nfc_llcp_setsockopt(struct socket *sock, int level, int optname,
			       sockptr_t optval, unsigned int optlen)
{
	struct sock *sk = sock->sk;
	struct nfc_llcp_sock *llcp_sock = nfc_llcp_sock(sk);
	u32 opt;
	int err = 0;

	pr_debug(""%p optname %d\n"", sk, optname);

	if (level != SOL_NFC)
		return -ENOPROTOOPT;

	lock_sock(sk);

	switch (optname) {
	case NFC_LLCP_RW:
		if (sk->sk_state == LLCP_CONNECTED ||
		    sk->sk_state == LLCP_BOUND ||
		    sk->sk_state == LLCP_LISTEN) {
			err = -EINVAL;
			break;
		}

		if (copy_from_sockptr(&opt, optval, sizeof(u32))) {
			err = -EFAULT;
			break;
		}

		if (opt > LLCP_MAX_RW) {
			err = -EINVAL;
			break;
		}

		llcp_sock->rw = (u8) opt;

		break;

	case NFC_LLCP_MIUX:
		if (sk->sk_state == LLCP_CONNECTED ||
		    sk->sk_state == LLCP_BOUND ||
		    sk->sk_state == LLCP_LISTEN) {
			err = -EINVAL;
			break;
		}

		if (copy_from_sockptr(&opt, optval, sizeof(u32))) {
			err = -EFAULT;
			break;
		}

		if (opt > LLCP_MAX_MIUX) {
			err = -EINVAL;
			break;
		}

		llcp_sock->miux = cpu_to_be16((u16) opt);

		break;

	default:
		err = -ENOPROTOOPT;
		break;
	}

	release_sock(sk);

	pr_debug(""%p rw %d miux %d\n"", llcp_sock,
		 llcp_sock->rw, llcp_sock->miux);

	return err;
}
","static int nfc_llcp_setsockopt(struct socket *sock, int level, int optname,
			       sockptr_t optval, unsigned int optlen)
{
	struct sock *sk = sock->sk;
	struct nfc_llcp_sock *llcp_sock = nfc_llcp_sock(sk);
	u32 opt;
	int err = 0;

	pr_debug(""%p optname %d\n"", sk, optname);

	if (level != SOL_NFC)
		return -ENOPROTOOPT;

	lock_sock(sk);

	switch (optname) {
	case NFC_LLCP_RW:
		if (sk->sk_state == LLCP_CONNECTED ||
		    sk->sk_state == LLCP_BOUND ||
		    sk->sk_state == LLCP_LISTEN) {
			err = -EINVAL;
			break;
		}

		err = copy_safe_from_sockptr(&opt, sizeof(opt),
					     optval, optlen);
		if (err)
			break;

		if (opt > LLCP_MAX_RW) {
			err = -EINVAL;
			break;
		}

		llcp_sock->rw = (u8) opt;

		break;

	case NFC_LLCP_MIUX:
		if (sk->sk_state == LLCP_CONNECTED ||
		    sk->sk_state == LLCP_BOUND ||
		    sk->sk_state == LLCP_LISTEN) {
			err = -EINVAL;
			break;
		}

		err = copy_safe_from_sockptr(&opt, sizeof(opt),
					     optval, optlen);
		if (err)
			break;

		if (opt > LLCP_MAX_MIUX) {
			err = -EINVAL;
			break;
		}

		llcp_sock->miux = cpu_to_be16((u16) opt);

		break;

	default:
		err = -ENOPROTOOPT;
		break;
	}

	release_sock(sk);

	pr_debug(""%p rw %d miux %d\n"", llcp_sock,
		 llcp_sock->rw, llcp_sock->miux);

	return err;
}
",CWE-787,CVE-2024-36915
"void btrfs_clear_buffer_dirty(struct btrfs_trans_handle *trans,
			      struct extent_buffer *eb)
{
	struct btrfs_fs_info *fs_info = eb->fs_info;
	int num_folios;

	btrfs_assert_tree_write_locked(eb);

	if (trans && btrfs_header_generation(eb) != trans->transid)
		return;

	/*
	 * Instead of clearing the dirty flag off of the buffer, mark it as
	 * EXTENT_BUFFER_ZONED_ZEROOUT. This allows us to preserve
	 * write-ordering in zoned mode, without the need to later re-dirty
	 * the extent_buffer.
	 *
	 * The actual zeroout of the buffer will happen later in
	 * btree_csum_one_bio.
	 */
	if (btrfs_is_zoned(fs_info)) {
		set_bit(EXTENT_BUFFER_ZONED_ZEROOUT, &eb->bflags);
		return;
	}

	if (!test_and_clear_bit(EXTENT_BUFFER_DIRTY, &eb->bflags))
		return;

	percpu_counter_add_batch(&fs_info->dirty_metadata_bytes, -eb->len,
				 fs_info->dirty_metadata_batch);

	if (eb->fs_info->nodesize < PAGE_SIZE)
		return clear_subpage_extent_buffer_dirty(eb);

	num_folios = num_extent_folios(eb);
	for (int i = 0; i < num_folios; i++) {
		struct folio *folio = eb->folios[i];

		if (!folio_test_dirty(folio))
			continue;
		folio_lock(folio);
		btree_clear_folio_dirty(folio);
		folio_unlock(folio);
	}
	WARN_ON(atomic_read(&eb->refs) == 0);
}
","void btrfs_clear_buffer_dirty(struct btrfs_trans_handle *trans,
			      struct extent_buffer *eb)
{
	struct btrfs_fs_info *fs_info = eb->fs_info;
	int num_folios;

	btrfs_assert_tree_write_locked(eb);

	if (trans && btrfs_header_generation(eb) != trans->transid)
		return;

	/*
	 * Instead of clearing the dirty flag off of the buffer, mark it as
	 * EXTENT_BUFFER_ZONED_ZEROOUT. This allows us to preserve
	 * write-ordering in zoned mode, without the need to later re-dirty
	 * the extent_buffer.
	 *
	 * The actual zeroout of the buffer will happen later in
	 * btree_csum_one_bio.
	 */
	if (btrfs_is_zoned(fs_info) && test_bit(EXTENT_BUFFER_DIRTY, &eb->bflags)) {
		set_bit(EXTENT_BUFFER_ZONED_ZEROOUT, &eb->bflags);
		return;
	}

	if (!test_and_clear_bit(EXTENT_BUFFER_DIRTY, &eb->bflags))
		return;

	percpu_counter_add_batch(&fs_info->dirty_metadata_bytes, -eb->len,
				 fs_info->dirty_metadata_batch);

	if (eb->fs_info->nodesize < PAGE_SIZE)
		return clear_subpage_extent_buffer_dirty(eb);

	num_folios = num_extent_folios(eb);
	for (int i = 0; i < num_folios; i++) {
		struct folio *folio = eb->folios[i];

		if (!folio_test_dirty(folio))
			continue;
		folio_lock(folio);
		btree_clear_folio_dirty(folio);
		folio_unlock(folio);
	}
	WARN_ON(atomic_read(&eb->refs) == 0);
}
",CWE-125,CVE-2024-36027
"int tcp_twsk_unique(struct sock *sk, struct sock *sktw, void *twp)
{
	int reuse = READ_ONCE(sock_net(sk)->ipv4.sysctl_tcp_tw_reuse);
	const struct inet_timewait_sock *tw = inet_twsk(sktw);
	const struct tcp_timewait_sock *tcptw = tcp_twsk(sktw);
	struct tcp_sock *tp = tcp_sk(sk);

	if (reuse == 2) {
		/* Still does not detect *everything* that goes through
		 * lo, since we require a loopback src or dst address
		 * or direct binding to 'lo' interface.
		 */
		bool loopback = false;
		if (tw->tw_bound_dev_if == LOOPBACK_IFINDEX)
			loopback = true;
#if IS_ENABLED(CONFIG_IPV6)
		if (tw->tw_family == AF_INET6) {
			if (ipv6_addr_loopback(&tw->tw_v6_daddr) ||
			    ipv6_addr_v4mapped_loopback(&tw->tw_v6_daddr) ||
			    ipv6_addr_loopback(&tw->tw_v6_rcv_saddr) ||
			    ipv6_addr_v4mapped_loopback(&tw->tw_v6_rcv_saddr))
				loopback = true;
		} else
#endif
		{
			if (ipv4_is_loopback(tw->tw_daddr) ||
			    ipv4_is_loopback(tw->tw_rcv_saddr))
				loopback = true;
		}
		if (!loopback)
			reuse = 0;
	}

	/* With PAWS, it is safe from the viewpoint
	   of data integrity. Even without PAWS it is safe provided sequence
	   spaces do not overlap i.e. at data rates <= 80Mbit/sec.

	   Actually, the idea is close to VJ's one, only timestamp cache is
	   held not per host, but per port pair and TW bucket is used as state
	   holder.

	   If TW bucket has been already destroyed we fall back to VJ's scheme
	   and use initial timestamp retrieved from peer table.
	 */
	if (tcptw->tw_ts_recent_stamp &&
	    (!twp || (reuse && time_after32(ktime_get_seconds(),
					    tcptw->tw_ts_recent_stamp)))) {
		/* In case of repair and re-using TIME-WAIT sockets we still
		 * want to be sure that it is safe as above but honor the
		 * sequence numbers and time stamps set as part of the repair
		 * process.
		 *
		 * Without this check re-using a TIME-WAIT socket with TCP
		 * repair would accumulate a -1 on the repair assigned
		 * sequence number. The first time it is reused the sequence
		 * is -1, the second time -2, etc. This fixes that issue
		 * without appearing to create any others.
		 */
		if (likely(!tp->repair)) {
			u32 seq = tcptw->tw_snd_nxt + 65535 + 2;

			if (!seq)
				seq = 1;
			WRITE_ONCE(tp->write_seq, seq);
			tp->rx_opt.ts_recent	   = tcptw->tw_ts_recent;
			tp->rx_opt.ts_recent_stamp = tcptw->tw_ts_recent_stamp;
		}
		sock_hold(sktw);
		return 1;
	}

	return 0;
}
","int tcp_twsk_unique(struct sock *sk, struct sock *sktw, void *twp)
{
	int reuse = READ_ONCE(sock_net(sk)->ipv4.sysctl_tcp_tw_reuse);
	const struct inet_timewait_sock *tw = inet_twsk(sktw);
	const struct tcp_timewait_sock *tcptw = tcp_twsk(sktw);
	struct tcp_sock *tp = tcp_sk(sk);

	if (reuse == 2) {
		/* Still does not detect *everything* that goes through
		 * lo, since we require a loopback src or dst address
		 * or direct binding to 'lo' interface.
		 */
		bool loopback = false;
		if (tw->tw_bound_dev_if == LOOPBACK_IFINDEX)
			loopback = true;
#if IS_ENABLED(CONFIG_IPV6)
		if (tw->tw_family == AF_INET6) {
			if (ipv6_addr_loopback(&tw->tw_v6_daddr) ||
			    ipv6_addr_v4mapped_loopback(&tw->tw_v6_daddr) ||
			    ipv6_addr_loopback(&tw->tw_v6_rcv_saddr) ||
			    ipv6_addr_v4mapped_loopback(&tw->tw_v6_rcv_saddr))
				loopback = true;
		} else
#endif
		{
			if (ipv4_is_loopback(tw->tw_daddr) ||
			    ipv4_is_loopback(tw->tw_rcv_saddr))
				loopback = true;
		}
		if (!loopback)
			reuse = 0;
	}

	/* With PAWS, it is safe from the viewpoint
	   of data integrity. Even without PAWS it is safe provided sequence
	   spaces do not overlap i.e. at data rates <= 80Mbit/sec.

	   Actually, the idea is close to VJ's one, only timestamp cache is
	   held not per host, but per port pair and TW bucket is used as state
	   holder.

	   If TW bucket has been already destroyed we fall back to VJ's scheme
	   and use initial timestamp retrieved from peer table.
	 */
	if (tcptw->tw_ts_recent_stamp &&
	    (!twp || (reuse && time_after32(ktime_get_seconds(),
					    tcptw->tw_ts_recent_stamp)))) {
		/* inet_twsk_hashdance() sets sk_refcnt after putting twsk
		 * and releasing the bucket lock.
		 */
		if (unlikely(!refcount_inc_not_zero(&sktw->sk_refcnt)))
			return 0;

		/* In case of repair and re-using TIME-WAIT sockets we still
		 * want to be sure that it is safe as above but honor the
		 * sequence numbers and time stamps set as part of the repair
		 * process.
		 *
		 * Without this check re-using a TIME-WAIT socket with TCP
		 * repair would accumulate a -1 on the repair assigned
		 * sequence number. The first time it is reused the sequence
		 * is -1, the second time -2, etc. This fixes that issue
		 * without appearing to create any others.
		 */
		if (likely(!tp->repair)) {
			u32 seq = tcptw->tw_snd_nxt + 65535 + 2;

			if (!seq)
				seq = 1;
			WRITE_ONCE(tp->write_seq, seq);
			tp->rx_opt.ts_recent	   = tcptw->tw_ts_recent;
			tp->rx_opt.ts_recent_stamp = tcptw->tw_ts_recent_stamp;
		}

		return 1;
	}

	return 0;
}
",CWE-190,CVE-2024-36904
"static bool is_link_enabled(struct fwnode_handle *fw_node, u8 idx)
{
	struct fwnode_handle *link;
	char name[32];
	u32 quirk_mask = 0;

	/* Find master handle */
	snprintf(name, sizeof(name),
		 ""mipi-sdw-link-%hhu-subproperties"", idx);

	link = fwnode_get_named_child_node(fw_node, name);
	if (!link)
		return false;

	fwnode_property_read_u32(link,
				 ""intel-quirk-mask"",
				 &quirk_mask);

	if (quirk_mask & SDW_INTEL_QUIRK_MASK_BUS_DISABLE)
		return false;

	return true;
}
","static bool is_link_enabled(struct fwnode_handle *fw_node, u8 idx)
{
	struct fwnode_handle *link;
	char name[32];
	u32 quirk_mask = 0;

	/* Find master handle */
	snprintf(name, sizeof(name),
		 ""mipi-sdw-link-%hhu-subproperties"", idx);

	link = fwnode_get_named_child_node(fw_node, name);
	if (!link)
		return false;

	fwnode_property_read_u32(link,
				 ""intel-quirk-mask"",
				 &quirk_mask);

	fwnode_handle_put(link);

	if (quirk_mask & SDW_INTEL_QUIRK_MASK_BUS_DISABLE)
		return false;

	return true;
}
",CWE-476,CVE-2024-36955
"static struct sk_buff *nsh_gso_segment(struct sk_buff *skb,
				       netdev_features_t features)
{
	struct sk_buff *segs = ERR_PTR(-EINVAL);
	u16 mac_offset = skb->mac_header;
	unsigned int nsh_len, mac_len;
	__be16 proto;

	skb_reset_network_header(skb);

	mac_len = skb->mac_len;

	if (unlikely(!pskb_may_pull(skb, NSH_BASE_HDR_LEN)))
		goto out;
	nsh_len = nsh_hdr_len(nsh_hdr(skb));
	if (nsh_len < NSH_BASE_HDR_LEN)
		goto out;
	if (unlikely(!pskb_may_pull(skb, nsh_len)))
		goto out;

	proto = tun_p_to_eth_p(nsh_hdr(skb)->np);
	if (!proto)
		goto out;

	__skb_pull(skb, nsh_len);

	skb_reset_mac_header(skb);
	skb->mac_len = proto == htons(ETH_P_TEB) ? ETH_HLEN : 0;
	skb->protocol = proto;

	features &= NETIF_F_SG;
	segs = skb_mac_gso_segment(skb, features);
	if (IS_ERR_OR_NULL(segs)) {
		skb_gso_error_unwind(skb, htons(ETH_P_NSH), nsh_len,
				     mac_offset, mac_len);
		goto out;
	}

	for (skb = segs; skb; skb = skb->next) {
		skb->protocol = htons(ETH_P_NSH);
		__skb_push(skb, nsh_len);
		skb->mac_header = mac_offset;
		skb->network_header = skb->mac_header + mac_len;
		skb->mac_len = mac_len;
	}

out:
	return segs;
}
","static struct sk_buff *nsh_gso_segment(struct sk_buff *skb,
				       netdev_features_t features)
{
	unsigned int outer_hlen, mac_len, nsh_len;
	struct sk_buff *segs = ERR_PTR(-EINVAL);
	u16 mac_offset = skb->mac_header;
	__be16 outer_proto, proto;

	skb_reset_network_header(skb);

	outer_proto = skb->protocol;
	outer_hlen = skb_mac_header_len(skb);
	mac_len = skb->mac_len;

	if (unlikely(!pskb_may_pull(skb, NSH_BASE_HDR_LEN)))
		goto out;
	nsh_len = nsh_hdr_len(nsh_hdr(skb));
	if (nsh_len < NSH_BASE_HDR_LEN)
		goto out;
	if (unlikely(!pskb_may_pull(skb, nsh_len)))
		goto out;

	proto = tun_p_to_eth_p(nsh_hdr(skb)->np);
	if (!proto)
		goto out;

	__skb_pull(skb, nsh_len);

	skb_reset_mac_header(skb);
	skb->mac_len = proto == htons(ETH_P_TEB) ? ETH_HLEN : 0;
	skb->protocol = proto;

	features &= NETIF_F_SG;
	segs = skb_mac_gso_segment(skb, features);
	if (IS_ERR_OR_NULL(segs)) {
		skb_gso_error_unwind(skb, htons(ETH_P_NSH), nsh_len,
				     mac_offset, mac_len);
		goto out;
	}

	for (skb = segs; skb; skb = skb->next) {
		skb->protocol = outer_proto;
		__skb_push(skb, nsh_len + outer_hlen);
		skb_reset_mac_header(skb);
		skb_set_network_header(skb, outer_hlen);
		skb->mac_len = mac_len;
	}

out:
	return segs;
}
",CWE-787,CVE-2024-36933
"static __be32
nfsd4_encode_fattr4(struct svc_rqst *rqstp, struct xdr_stream *xdr,
		    struct svc_fh *fhp, struct svc_export *exp,
		    struct dentry *dentry, const u32 *bmval,
		    int ignore_crossmnt)
{
	DECLARE_BITMAP(attr_bitmap, ARRAY_SIZE(nfsd4_enc_fattr4_encode_ops));
	struct nfsd4_fattr_args args;
	struct svc_fh *tempfh = NULL;
	int starting_len = xdr->buf->len;
	__be32 *attrlen_p, status;
	int attrlen_offset;
	u32 attrmask[3];
	int err;
	struct nfsd4_compoundres *resp = rqstp->rq_resp;
	u32 minorversion = resp->cstate.minorversion;
	struct path path = {
		.mnt	= exp->ex_path.mnt,
		.dentry	= dentry,
	};
	unsigned long bit;
	bool file_modified = false;
	u64 size = 0;

	WARN_ON_ONCE(bmval[1] & NFSD_WRITEONLY_ATTRS_WORD1);
	WARN_ON_ONCE(!nfsd_attrs_supported(minorversion, bmval));

	args.rqstp = rqstp;
	args.exp = exp;
	args.dentry = dentry;
	args.ignore_crossmnt = (ignore_crossmnt != 0);

	/*
	 * Make a local copy of the attribute bitmap that can be modified.
	 */
	attrmask[0] = bmval[0];
	attrmask[1] = bmval[1];
	attrmask[2] = bmval[2];

	args.rdattr_err = 0;
	if (exp->ex_fslocs.migrated) {
		status = fattr_handle_absent_fs(&attrmask[0], &attrmask[1],
						&attrmask[2], &args.rdattr_err);
		if (status)
			goto out;
	}
	args.size = 0;
	if (attrmask[0] & (FATTR4_WORD0_CHANGE | FATTR4_WORD0_SIZE)) {
		status = nfsd4_deleg_getattr_conflict(rqstp, d_inode(dentry),
					&file_modified, &size);
		if (status)
			goto out;
	}

	err = vfs_getattr(&path, &args.stat,
			  STATX_BASIC_STATS | STATX_BTIME | STATX_CHANGE_COOKIE,
			  AT_STATX_SYNC_AS_STAT);
	if (err)
		goto out_nfserr;
	if (file_modified)
		args.size = size;
	else
		args.size = args.stat.size;

	if (!(args.stat.result_mask & STATX_BTIME))
		/* underlying FS does not offer btime so we can't share it */
		attrmask[1] &= ~FATTR4_WORD1_TIME_CREATE;
	if ((attrmask[0] & (FATTR4_WORD0_FILES_AVAIL | FATTR4_WORD0_FILES_FREE |
			FATTR4_WORD0_FILES_TOTAL | FATTR4_WORD0_MAXNAME)) ||
	    (attrmask[1] & (FATTR4_WORD1_SPACE_AVAIL | FATTR4_WORD1_SPACE_FREE |
		       FATTR4_WORD1_SPACE_TOTAL))) {
		err = vfs_statfs(&path, &args.statfs);
		if (err)
			goto out_nfserr;
	}
	if ((attrmask[0] & (FATTR4_WORD0_FILEHANDLE | FATTR4_WORD0_FSID)) &&
	    !fhp) {
		tempfh = kmalloc(sizeof(struct svc_fh), GFP_KERNEL);
		status = nfserr_jukebox;
		if (!tempfh)
			goto out;
		fh_init(tempfh, NFS4_FHSIZE);
		status = fh_compose(tempfh, exp, dentry, NULL);
		if (status)
			goto out;
		args.fhp = tempfh;
	} else
		args.fhp = fhp;

	args.acl = NULL;
	if (attrmask[0] & FATTR4_WORD0_ACL) {
		err = nfsd4_get_nfs4_acl(rqstp, dentry, &args.acl);
		if (err == -EOPNOTSUPP)
			attrmask[0] &= ~FATTR4_WORD0_ACL;
		else if (err == -EINVAL) {
			status = nfserr_attrnotsupp;
			goto out;
		} else if (err != 0)
			goto out_nfserr;
	}

	args.contextsupport = false;

#ifdef CONFIG_NFSD_V4_SECURITY_LABEL
	args.context = NULL;
	if ((attrmask[2] & FATTR4_WORD2_SECURITY_LABEL) ||
	     attrmask[0] & FATTR4_WORD0_SUPPORTED_ATTRS) {
		if (exp->ex_flags & NFSEXP_SECURITY_LABEL)
			err = security_inode_getsecctx(d_inode(dentry),
						&args.context, &args.contextlen);
		else
			err = -EOPNOTSUPP;
		args.contextsupport = (err == 0);
		if (attrmask[2] & FATTR4_WORD2_SECURITY_LABEL) {
			if (err == -EOPNOTSUPP)
				attrmask[2] &= ~FATTR4_WORD2_SECURITY_LABEL;
			else if (err)
				goto out_nfserr;
		}
	}
#endif /* CONFIG_NFSD_V4_SECURITY_LABEL */

	/* attrmask */
	status = nfsd4_encode_bitmap4(xdr, attrmask[0], attrmask[1],
				      attrmask[2]);
	if (status)
		goto out;

	/* attr_vals */
	attrlen_offset = xdr->buf->len;
	attrlen_p = xdr_reserve_space(xdr, XDR_UNIT);
	if (!attrlen_p)
		goto out_resource;
	bitmap_from_arr32(attr_bitmap, attrmask,
			  ARRAY_SIZE(nfsd4_enc_fattr4_encode_ops));
	for_each_set_bit(bit, attr_bitmap,
			 ARRAY_SIZE(nfsd4_enc_fattr4_encode_ops)) {
		status = nfsd4_enc_fattr4_encode_ops[bit](xdr, &args);
		if (status != nfs_ok)
			goto out;
	}
	*attrlen_p = cpu_to_be32(xdr->buf->len - attrlen_offset - XDR_UNIT);
	status = nfs_ok;

out:
#ifdef CONFIG_NFSD_V4_SECURITY_LABEL
	if (args.context)
		security_release_secctx(args.context, args.contextlen);
#endif /* CONFIG_NFSD_V4_SECURITY_LABEL */
	kfree(args.acl);
	if (tempfh) {
		fh_put(tempfh);
		kfree(tempfh);
	}
	if (status)
		xdr_truncate_encode(xdr, starting_len);
	return status;
out_nfserr:
	status = nfserrno(err);
	goto out;
out_resource:
	status = nfserr_resource;
	goto out;
}
","static __be32
nfsd4_encode_fattr4(struct svc_rqst *rqstp, struct xdr_stream *xdr,
		    struct svc_fh *fhp, struct svc_export *exp,
		    struct dentry *dentry, const u32 *bmval,
		    int ignore_crossmnt)
{
	DECLARE_BITMAP(attr_bitmap, ARRAY_SIZE(nfsd4_enc_fattr4_encode_ops));
	struct nfsd4_fattr_args args;
	struct svc_fh *tempfh = NULL;
	int starting_len = xdr->buf->len;
	__be32 *attrlen_p, status;
	int attrlen_offset;
	u32 attrmask[3];
	int err;
	struct nfsd4_compoundres *resp = rqstp->rq_resp;
	u32 minorversion = resp->cstate.minorversion;
	struct path path = {
		.mnt	= exp->ex_path.mnt,
		.dentry	= dentry,
	};
	unsigned long bit;
	bool file_modified = false;
	u64 size = 0;

	WARN_ON_ONCE(bmval[1] & NFSD_WRITEONLY_ATTRS_WORD1);
	WARN_ON_ONCE(!nfsd_attrs_supported(minorversion, bmval));

	args.rqstp = rqstp;
	args.exp = exp;
	args.dentry = dentry;
	args.ignore_crossmnt = (ignore_crossmnt != 0);
	args.acl = NULL;

	/*
	 * Make a local copy of the attribute bitmap that can be modified.
	 */
	attrmask[0] = bmval[0];
	attrmask[1] = bmval[1];
	attrmask[2] = bmval[2];

	args.rdattr_err = 0;
	if (exp->ex_fslocs.migrated) {
		status = fattr_handle_absent_fs(&attrmask[0], &attrmask[1],
						&attrmask[2], &args.rdattr_err);
		if (status)
			goto out;
	}
	args.size = 0;
	if (attrmask[0] & (FATTR4_WORD0_CHANGE | FATTR4_WORD0_SIZE)) {
		status = nfsd4_deleg_getattr_conflict(rqstp, d_inode(dentry),
					&file_modified, &size);
		if (status)
			goto out;
	}

	err = vfs_getattr(&path, &args.stat,
			  STATX_BASIC_STATS | STATX_BTIME | STATX_CHANGE_COOKIE,
			  AT_STATX_SYNC_AS_STAT);
	if (err)
		goto out_nfserr;
	if (file_modified)
		args.size = size;
	else
		args.size = args.stat.size;

	if (!(args.stat.result_mask & STATX_BTIME))
		/* underlying FS does not offer btime so we can't share it */
		attrmask[1] &= ~FATTR4_WORD1_TIME_CREATE;
	if ((attrmask[0] & (FATTR4_WORD0_FILES_AVAIL | FATTR4_WORD0_FILES_FREE |
			FATTR4_WORD0_FILES_TOTAL | FATTR4_WORD0_MAXNAME)) ||
	    (attrmask[1] & (FATTR4_WORD1_SPACE_AVAIL | FATTR4_WORD1_SPACE_FREE |
		       FATTR4_WORD1_SPACE_TOTAL))) {
		err = vfs_statfs(&path, &args.statfs);
		if (err)
			goto out_nfserr;
	}
	if ((attrmask[0] & (FATTR4_WORD0_FILEHANDLE | FATTR4_WORD0_FSID)) &&
	    !fhp) {
		tempfh = kmalloc(sizeof(struct svc_fh), GFP_KERNEL);
		status = nfserr_jukebox;
		if (!tempfh)
			goto out;
		fh_init(tempfh, NFS4_FHSIZE);
		status = fh_compose(tempfh, exp, dentry, NULL);
		if (status)
			goto out;
		args.fhp = tempfh;
	} else
		args.fhp = fhp;

	if (attrmask[0] & FATTR4_WORD0_ACL) {
		err = nfsd4_get_nfs4_acl(rqstp, dentry, &args.acl);
		if (err == -EOPNOTSUPP)
			attrmask[0] &= ~FATTR4_WORD0_ACL;
		else if (err == -EINVAL) {
			status = nfserr_attrnotsupp;
			goto out;
		} else if (err != 0)
			goto out_nfserr;
	}

	args.contextsupport = false;

#ifdef CONFIG_NFSD_V4_SECURITY_LABEL
	args.context = NULL;
	if ((attrmask[2] & FATTR4_WORD2_SECURITY_LABEL) ||
	     attrmask[0] & FATTR4_WORD0_SUPPORTED_ATTRS) {
		if (exp->ex_flags & NFSEXP_SECURITY_LABEL)
			err = security_inode_getsecctx(d_inode(dentry),
						&args.context, &args.contextlen);
		else
			err = -EOPNOTSUPP;
		args.contextsupport = (err == 0);
		if (attrmask[2] & FATTR4_WORD2_SECURITY_LABEL) {
			if (err == -EOPNOTSUPP)
				attrmask[2] &= ~FATTR4_WORD2_SECURITY_LABEL;
			else if (err)
				goto out_nfserr;
		}
	}
#endif /* CONFIG_NFSD_V4_SECURITY_LABEL */

	/* attrmask */
	status = nfsd4_encode_bitmap4(xdr, attrmask[0], attrmask[1],
				      attrmask[2]);
	if (status)
		goto out;

	/* attr_vals */
	attrlen_offset = xdr->buf->len;
	attrlen_p = xdr_reserve_space(xdr, XDR_UNIT);
	if (!attrlen_p)
		goto out_resource;
	bitmap_from_arr32(attr_bitmap, attrmask,
			  ARRAY_SIZE(nfsd4_enc_fattr4_encode_ops));
	for_each_set_bit(bit, attr_bitmap,
			 ARRAY_SIZE(nfsd4_enc_fattr4_encode_ops)) {
		status = nfsd4_enc_fattr4_encode_ops[bit](xdr, &args);
		if (status != nfs_ok)
			goto out;
	}
	*attrlen_p = cpu_to_be32(xdr->buf->len - attrlen_offset - XDR_UNIT);
	status = nfs_ok;

out:
#ifdef CONFIG_NFSD_V4_SECURITY_LABEL
	if (args.context)
		security_release_secctx(args.context, args.contextlen);
#endif /* CONFIG_NFSD_V4_SECURITY_LABEL */
	kfree(args.acl);
	if (tempfh) {
		fh_put(tempfh);
		kfree(tempfh);
	}
	if (status)
		xdr_truncate_encode(xdr, starting_len);
	return status;
out_nfserr:
	status = nfserrno(err);
	goto out;
out_resource:
	status = nfserr_resource;
	goto out;
}
",CWE-401,CVE-2024-36958
"static int remove_device_files(struct super_block *sb,
			       struct qib_devdata *dd)
{
	struct dentry *dir;
	char unit[10];

	snprintf(unit, sizeof(unit), ""%u"", dd->unit);
	dir = lookup_one_len_unlocked(unit, sb->s_root, strlen(unit));

	if (IS_ERR(dir)) {
		pr_err(""Lookup of %s failed\n"", unit);
		return PTR_ERR(dir);
	}
	simple_recursive_removal(dir, NULL);
	return 0;
}
","static int remove_device_files(struct super_block *sb,
			       struct qib_devdata *dd)
{
	struct dentry *dir;
	char unit[10];

	snprintf(unit, sizeof(unit), ""%u"", dd->unit);
	dir = lookup_one_len_unlocked(unit, sb->s_root, strlen(unit));

	if (IS_ERR(dir)) {
		pr_err(""Lookup of %s failed\n"", unit);
		return PTR_ERR(dir);
	}
	simple_recursive_removal(dir, NULL);
	dput(dir);
	return 0;
}
",CWE-476,CVE-2024-36947
"static int __vmbus_establish_gpadl(struct vmbus_channel *channel,
				   enum hv_gpadl_type type, void *kbuffer,
				   u32 size, u32 send_offset,
				   struct vmbus_gpadl *gpadl)
{
	struct vmbus_channel_gpadl_header *gpadlmsg;
	struct vmbus_channel_gpadl_body *gpadl_body;
	struct vmbus_channel_msginfo *msginfo = NULL;
	struct vmbus_channel_msginfo *submsginfo, *tmp;
	struct list_head *curr;
	u32 next_gpadl_handle;
	unsigned long flags;
	int ret = 0;

	next_gpadl_handle =
		(atomic_inc_return(&vmbus_connection.next_gpadl_handle) - 1);

	ret = create_gpadl_header(type, kbuffer, size, send_offset, &msginfo);
	if (ret)
		return ret;

	ret = set_memory_decrypted((unsigned long)kbuffer,
				   PFN_UP(size));
	if (ret) {
		dev_warn(&channel->device_obj->device,
			 ""Failed to set host visibility for new GPADL %d.\n"",
			 ret);
		return ret;
	}

	init_completion(&msginfo->waitevent);
	msginfo->waiting_channel = channel;

	gpadlmsg = (struct vmbus_channel_gpadl_header *)msginfo->msg;
	gpadlmsg->header.msgtype = CHANNELMSG_GPADL_HEADER;
	gpadlmsg->child_relid = channel->offermsg.child_relid;
	gpadlmsg->gpadl = next_gpadl_handle;


	spin_lock_irqsave(&vmbus_connection.channelmsg_lock, flags);
	list_add_tail(&msginfo->msglistentry,
		      &vmbus_connection.chn_msg_list);

	spin_unlock_irqrestore(&vmbus_connection.channelmsg_lock, flags);

	if (channel->rescind) {
		ret = -ENODEV;
		goto cleanup;
	}

	ret = vmbus_post_msg(gpadlmsg, msginfo->msgsize -
			     sizeof(*msginfo), true);

	trace_vmbus_establish_gpadl_header(gpadlmsg, ret);

	if (ret != 0)
		goto cleanup;

	list_for_each(curr, &msginfo->submsglist) {
		submsginfo = (struct vmbus_channel_msginfo *)curr;
		gpadl_body =
			(struct vmbus_channel_gpadl_body *)submsginfo->msg;

		gpadl_body->header.msgtype =
			CHANNELMSG_GPADL_BODY;
		gpadl_body->gpadl = next_gpadl_handle;

		ret = vmbus_post_msg(gpadl_body,
				     submsginfo->msgsize - sizeof(*submsginfo),
				     true);

		trace_vmbus_establish_gpadl_body(gpadl_body, ret);

		if (ret != 0)
			goto cleanup;

	}
	wait_for_completion(&msginfo->waitevent);

	if (msginfo->response.gpadl_created.creation_status != 0) {
		pr_err(""Failed to establish GPADL: err = 0x%x\n"",
		       msginfo->response.gpadl_created.creation_status);

		ret = -EDQUOT;
		goto cleanup;
	}

	if (channel->rescind) {
		ret = -ENODEV;
		goto cleanup;
	}

	/* At this point, we received the gpadl created msg */
	gpadl->gpadl_handle = gpadlmsg->gpadl;
	gpadl->buffer = kbuffer;
	gpadl->size = size;


cleanup:
	spin_lock_irqsave(&vmbus_connection.channelmsg_lock, flags);
	list_del(&msginfo->msglistentry);
	spin_unlock_irqrestore(&vmbus_connection.channelmsg_lock, flags);
	list_for_each_entry_safe(submsginfo, tmp, &msginfo->submsglist,
				 msglistentry) {
		kfree(submsginfo);
	}

	kfree(msginfo);

	if (ret)
		set_memory_encrypted((unsigned long)kbuffer,
				     PFN_UP(size));

	return ret;
}
","static int __vmbus_establish_gpadl(struct vmbus_channel *channel,
				   enum hv_gpadl_type type, void *kbuffer,
				   u32 size, u32 send_offset,
				   struct vmbus_gpadl *gpadl)
{
	struct vmbus_channel_gpadl_header *gpadlmsg;
	struct vmbus_channel_gpadl_body *gpadl_body;
	struct vmbus_channel_msginfo *msginfo = NULL;
	struct vmbus_channel_msginfo *submsginfo, *tmp;
	struct list_head *curr;
	u32 next_gpadl_handle;
	unsigned long flags;
	int ret = 0;

	next_gpadl_handle =
		(atomic_inc_return(&vmbus_connection.next_gpadl_handle) - 1);

	ret = create_gpadl_header(type, kbuffer, size, send_offset, &msginfo);
	if (ret) {
		gpadl->decrypted = false;
		return ret;
	}

	/*
	 * Set the ""decrypted"" flag to true for the set_memory_decrypted()
	 * success case. In the failure case, the encryption state of the
	 * memory is unknown. Leave ""decrypted"" as true to ensure the
	 * memory will be leaked instead of going back on the free list.
	 */
	gpadl->decrypted = true;
	ret = set_memory_decrypted((unsigned long)kbuffer,
				   PFN_UP(size));
	if (ret) {
		dev_warn(&channel->device_obj->device,
			 ""Failed to set host visibility for new GPADL %d.\n"",
			 ret);
		return ret;
	}

	init_completion(&msginfo->waitevent);
	msginfo->waiting_channel = channel;

	gpadlmsg = (struct vmbus_channel_gpadl_header *)msginfo->msg;
	gpadlmsg->header.msgtype = CHANNELMSG_GPADL_HEADER;
	gpadlmsg->child_relid = channel->offermsg.child_relid;
	gpadlmsg->gpadl = next_gpadl_handle;


	spin_lock_irqsave(&vmbus_connection.channelmsg_lock, flags);
	list_add_tail(&msginfo->msglistentry,
		      &vmbus_connection.chn_msg_list);

	spin_unlock_irqrestore(&vmbus_connection.channelmsg_lock, flags);

	if (channel->rescind) {
		ret = -ENODEV;
		goto cleanup;
	}

	ret = vmbus_post_msg(gpadlmsg, msginfo->msgsize -
			     sizeof(*msginfo), true);

	trace_vmbus_establish_gpadl_header(gpadlmsg, ret);

	if (ret != 0)
		goto cleanup;

	list_for_each(curr, &msginfo->submsglist) {
		submsginfo = (struct vmbus_channel_msginfo *)curr;
		gpadl_body =
			(struct vmbus_channel_gpadl_body *)submsginfo->msg;

		gpadl_body->header.msgtype =
			CHANNELMSG_GPADL_BODY;
		gpadl_body->gpadl = next_gpadl_handle;

		ret = vmbus_post_msg(gpadl_body,
				     submsginfo->msgsize - sizeof(*submsginfo),
				     true);

		trace_vmbus_establish_gpadl_body(gpadl_body, ret);

		if (ret != 0)
			goto cleanup;

	}
	wait_for_completion(&msginfo->waitevent);

	if (msginfo->response.gpadl_created.creation_status != 0) {
		pr_err(""Failed to establish GPADL: err = 0x%x\n"",
		       msginfo->response.gpadl_created.creation_status);

		ret = -EDQUOT;
		goto cleanup;
	}

	if (channel->rescind) {
		ret = -ENODEV;
		goto cleanup;
	}

	/* At this point, we received the gpadl created msg */
	gpadl->gpadl_handle = gpadlmsg->gpadl;
	gpadl->buffer = kbuffer;
	gpadl->size = size;


cleanup:
	spin_lock_irqsave(&vmbus_connection.channelmsg_lock, flags);
	list_del(&msginfo->msglistentry);
	spin_unlock_irqrestore(&vmbus_connection.channelmsg_lock, flags);
	list_for_each_entry_safe(submsginfo, tmp, &msginfo->submsglist,
				 msglistentry) {
		kfree(submsginfo);
	}

	kfree(msginfo);

	if (ret) {
		/*
		 * If set_memory_encrypted() fails, the decrypted flag is
		 * left as true so the memory is leaked instead of being
		 * put back on the free list.
		 */
		if (!set_memory_encrypted((unsigned long)kbuffer, PFN_UP(size)))
			gpadl->decrypted = false;
	}

	return ret;
}
",CWE-401,CVE-2024-36912
"static int edge_detector_update(struct line *line,
				struct gpio_v2_line_config *lc,
				unsigned int line_idx, u64 edflags)
{
	u64 active_edflags = READ_ONCE(line->edflags);
	unsigned int debounce_period_us =
			gpio_v2_line_config_debounce_period(lc, line_idx);

	if ((active_edflags == edflags) &&
	    (READ_ONCE(line->debounce_period_us) == debounce_period_us))
		return 0;

	/* sw debounced and still will be...*/
	if (debounce_period_us && READ_ONCE(line->sw_debounced)) {
		line_set_debounce_period(line, debounce_period_us);
		return 0;
	}

	/* reconfiguring edge detection or sw debounce being disabled */
	if ((line->irq && !READ_ONCE(line->sw_debounced)) ||
	    (active_edflags & GPIO_V2_LINE_FLAG_EVENT_CLOCK_HTE) ||
	    (!debounce_period_us && READ_ONCE(line->sw_debounced)))
		edge_detector_stop(line);

	return edge_detector_setup(line, lc, line_idx, edflags);
}
","static int edge_detector_update(struct line *line,
				struct gpio_v2_line_config *lc,
				unsigned int line_idx, u64 edflags)
{
	u64 eflags;
	int ret;
	u64 active_edflags = READ_ONCE(line->edflags);
	unsigned int debounce_period_us =
			gpio_v2_line_config_debounce_period(lc, line_idx);

	if ((active_edflags == edflags) &&
	    (READ_ONCE(line->debounce_period_us) == debounce_period_us))
		return 0;

	/* sw debounced and still will be...*/
	if (debounce_period_us && READ_ONCE(line->sw_debounced)) {
		line_set_debounce_period(line, debounce_period_us);
		/*
		 * ensure event fifo is initialised if edge detection
		 * is now enabled.
		 */
		eflags = edflags & GPIO_V2_LINE_EDGE_FLAGS;
		if (eflags && !kfifo_initialized(&line->req->events)) {
			ret = kfifo_alloc(&line->req->events,
					  line->req->event_buffer_size,
					  GFP_KERNEL);
			if (ret)
				return ret;
		}
		return 0;
	}

	/* reconfiguring edge detection or sw debounce being disabled */
	if ((line->irq && !READ_ONCE(line->sw_debounced)) ||
	    (active_edflags & GPIO_V2_LINE_FLAG_EVENT_CLOCK_HTE) ||
	    (!debounce_period_us && READ_ONCE(line->sw_debounced)))
		edge_detector_stop(line);

	return edge_detector_setup(line, lc, line_idx, edflags);
}
",CWE-476,CVE-2024-36898
"char *
sip_get_callid(const char* payload, char *callid)
{
    regmatch_t pmatch[3];

    // Try to get Call-ID from payload
    if (regexec(&calls.reg_callid, payload, 3, pmatch, 0) == 0) {
        int input_len = pmatch[2].rm_eo - pmatch[2].rm_so;

        // Copy the matching part of payload
        strncpy(callid, payload + pmatch[2].rm_so, input_len);
        callid[input_len] = '\0';
    }

    return callid;
}
","char *
sip_get_callid(const char* payload, char *callid)
{
    regmatch_t pmatch[3];

    // Try to get Call-ID from payload
    if (regexec(&calls.reg_callid, payload, 3, pmatch, 0) == 0) {
        int input_len = pmatch[2].rm_eo - pmatch[2].rm_so;

        // Ensure the copy length does not exceed MAX_CALLID_SIZE - 1
        if (input_len > MAX_CALLID_SIZE - 1) {
            input_len = MAX_CALLID_SIZE - 1;
        }

        // Copy the matching part of payload
        strncpy(callid, payload + pmatch[2].rm_so, input_len);
        callid[input_len] = '\0';
    }

    return callid;
}
",CWE-787,CVE-2024-3119
"static Packet *
Defrag4Reassemble(ThreadVars *tv, DefragTracker *tracker, Packet *p)
{
    Packet *rp = NULL;

    /* Should not be here unless we have seen the last fragment. */
    if (!tracker->seen_last) {
        return NULL;
    }

    /* Check that we have the first fragment and its of a valid size. */
    Frag *first = RB_MIN(IP_FRAGMENTS, &tracker->fragment_tree);
    if (first == NULL) {
        goto done;
    } else if (first->offset != 0) {
        /* Still waiting for the first fragment. */
        goto done;
    } else if (first->len < sizeof(IPV4Hdr)) {
        /* First fragment isn't enough for an IPv6 header. */
        goto error_remove_tracker;
    }

    /* Check that we have all the data. Relies on the fact that
     * fragments are inserted in frag_offset order. */
    Frag *frag = NULL;
    size_t len = 0;
    RB_FOREACH_FROM(frag, IP_FRAGMENTS, first) {
        if (frag->offset > len) {
            /* This fragment starts after the end of the previous
             * fragment.  We have a hole. */
            goto done;
        }
        else {
            len += frag->data_len;
        }
    }

    /* Allocate a Packet for the reassembled packet.  On failure we
     * SCFree all the resources held by this tracker. */
    rp = PacketDefragPktSetup(p, NULL, 0, IPV4_GET_IPPROTO(p));
    if (rp == NULL) {
        goto error_remove_tracker;
    }
    PKT_SET_SRC(rp, PKT_SRC_DEFRAG);
    rp->flags |= PKT_REBUILT_FRAGMENT;
    rp->datalink = tracker->datalink;

    int fragmentable_offset = 0;
    uint16_t fragmentable_len = 0;
    uint16_t hlen = 0;
    int ip_hdr_offset = 0;

    /* Assume more frags. */
    uint16_t prev_offset = 0;
    bool more_frags = 1;

    RB_FOREACH(frag, IP_FRAGMENTS, &tracker->fragment_tree) {
        SCLogDebug(""frag %p, data_len %u, offset %u, pcap_cnt %""PRIu64,
                frag, frag->data_len, frag->offset, frag->pcap_cnt);

        /* Previous fragment has no more fragments, and this packet
         * doesn't overlap. We're done. */
        if (!more_frags && frag->offset > prev_offset) {
            break;
        }

        if (frag->skip)
            continue;
        if (frag->ltrim >= frag->data_len)
            continue;
        if (frag->offset == 0) {

            if (PacketCopyData(rp, frag->pkt, frag->len) == -1)
                goto error_remove_tracker;

            hlen = frag->hlen;
            ip_hdr_offset = frag->ip_hdr_offset;

            /* This is the start of the fragmentable portion of the
             * first packet.  All fragment offsets are relative to
             * this. */
            fragmentable_offset = frag->ip_hdr_offset + frag->hlen;
            fragmentable_len = frag->data_len;
        }
        else {
            int pkt_end = fragmentable_offset + frag->offset + frag->data_len;
            if (pkt_end > (int)MAX_PAYLOAD_SIZE) {
                SCLogDebug(""Failed re-assemble ""
                           ""fragmented packet, exceeds size of packet buffer."");
                goto error_remove_tracker;
            }
            if (PacketCopyDataOffset(rp,
                    fragmentable_offset + frag->offset + frag->ltrim,
                    frag->pkt + frag->data_offset + frag->ltrim,
                    frag->data_len - frag->ltrim) == -1) {
                goto error_remove_tracker;
            }
            if (frag->offset > UINT16_MAX - frag->data_len) {
                SCLogDebug(""Failed re-assemble ""
                           ""fragmentable_len exceeds UINT16_MAX"");
                goto error_remove_tracker;
            }
            if (frag->offset + frag->data_len > fragmentable_len)
                fragmentable_len = frag->offset + frag->data_len;
        }

        /* Even if this fragment is flagged as having no more
         * fragments, still continue. The next fragment may have the
         * same offset with data that is preferred.
         *
         * For example, DefragBsdFragmentAfterNoMfIpv{4,6}Test
         *
         * This is due to not all fragments being completely trimmed,
         * but relying on the copy ordering. */
        more_frags = frag->more_frags;
        prev_offset = frag->offset;
    }

    SCLogDebug(""ip_hdr_offset %u, hlen %"" PRIu16 "", fragmentable_len %"" PRIu16, ip_hdr_offset, hlen,
            fragmentable_len);

    rp->ip4h = (IPV4Hdr *)(GET_PKT_DATA(rp) + ip_hdr_offset);
    uint16_t old = rp->ip4h->ip_len + rp->ip4h->ip_off;
    DEBUG_VALIDATE_BUG_ON(hlen > UINT16_MAX - fragmentable_len);
    rp->ip4h->ip_len = htons(fragmentable_len + hlen);
    rp->ip4h->ip_off = 0;
    rp->ip4h->ip_csum = FixChecksum(rp->ip4h->ip_csum,
        old, rp->ip4h->ip_len + rp->ip4h->ip_off);
    SET_PKT_LEN(rp, ip_hdr_offset + hlen + fragmentable_len);

    tracker->remove = 1;
    DefragTrackerFreeFrags(tracker);
done:
    return rp;

error_remove_tracker:
    tracker->remove = 1;
    DefragTrackerFreeFrags(tracker);
    if (rp != NULL)
        PacketFreeOrRelease(rp);
    return NULL;
}
","static Packet *
Defrag4Reassemble(ThreadVars *tv, DefragTracker *tracker, Packet *p)
{
    Packet *rp = NULL;

    /* Should not be here unless we have seen the last fragment. */
    if (!tracker->seen_last) {
        return NULL;
    }

    /* Check that we have the first fragment and its of a valid size. */
    Frag *first = RB_MIN(IP_FRAGMENTS, &tracker->fragment_tree);
    if (first == NULL) {
        goto done;
    } else if (first->offset != 0) {
        /* Still waiting for the first fragment. */
        goto done;
    } else if (first->len < sizeof(IPV4Hdr)) {
        /* First fragment isn't enough for an IPv6 header. */
        goto error_remove_tracker;
    }

    /* Check that we have all the data. Relies on the fact that
     * fragments are inserted in frag_offset order. */
    Frag *frag = NULL;
    size_t len = 0;
    RB_FOREACH_FROM(frag, IP_FRAGMENTS, first) {
        if (frag->offset > len) {
            /* This fragment starts after the end of the previous
             * fragment.  We have a hole. */
            goto done;
        }
        else {
            /* Update the packet length to the largest known data offset. */
            len = MAX(len, frag->offset + frag->data_len);
        }
    }

    /* Allocate a Packet for the reassembled packet.  On failure we
     * SCFree all the resources held by this tracker. */
    rp = PacketDefragPktSetup(p, NULL, 0, IPV4_GET_IPPROTO(p));
    if (rp == NULL) {
        goto error_remove_tracker;
    }
    PKT_SET_SRC(rp, PKT_SRC_DEFRAG);
    rp->flags |= PKT_REBUILT_FRAGMENT;
    rp->datalink = tracker->datalink;

    int fragmentable_offset = 0;
    uint16_t fragmentable_len = 0;
    uint16_t hlen = 0;
    int ip_hdr_offset = 0;

    /* Assume more frags. */
    uint16_t prev_offset = 0;
    bool more_frags = 1;

    RB_FOREACH(frag, IP_FRAGMENTS, &tracker->fragment_tree) {
        SCLogDebug(""frag %p, data_len %u, offset %u, pcap_cnt %""PRIu64,
                frag, frag->data_len, frag->offset, frag->pcap_cnt);

        /* Previous fragment has no more fragments, and this packet
         * doesn't overlap. We're done. */
        if (!more_frags && frag->offset > prev_offset) {
            break;
        }

        if (frag->skip)
            continue;
        if (frag->ltrim >= frag->data_len)
            continue;
        if (frag->offset == 0) {

            if (PacketCopyData(rp, frag->pkt, frag->len) == -1)
                goto error_remove_tracker;

            hlen = frag->hlen;
            ip_hdr_offset = frag->ip_hdr_offset;

            /* This is the start of the fragmentable portion of the
             * first packet.  All fragment offsets are relative to
             * this. */
            fragmentable_offset = frag->ip_hdr_offset + frag->hlen;
            fragmentable_len = frag->data_len;
        }
        else {
            int pkt_end = fragmentable_offset + frag->offset + frag->data_len;
            if (pkt_end > (int)MAX_PAYLOAD_SIZE) {
                SCLogDebug(""Failed re-assemble ""
                           ""fragmented packet, exceeds size of packet buffer."");
                goto error_remove_tracker;
            }
            if (PacketCopyDataOffset(rp,
                    fragmentable_offset + frag->offset + frag->ltrim,
                    frag->pkt + frag->data_offset + frag->ltrim,
                    frag->data_len - frag->ltrim) == -1) {
                goto error_remove_tracker;
            }
            if (frag->offset > UINT16_MAX - frag->data_len) {
                SCLogDebug(""Failed re-assemble ""
                           ""fragmentable_len exceeds UINT16_MAX"");
                goto error_remove_tracker;
            }
            if (frag->offset + frag->data_len > fragmentable_len)
                fragmentable_len = frag->offset + frag->data_len;
        }

        /* Even if this fragment is flagged as having no more
         * fragments, still continue. The next fragment may have the
         * same offset with data that is preferred.
         *
         * For example, DefragBsdFragmentAfterNoMfIpv{4,6}Test
         *
         * This is due to not all fragments being completely trimmed,
         * but relying on the copy ordering. */
        more_frags = frag->more_frags;
        prev_offset = frag->offset;
    }

    SCLogDebug(""ip_hdr_offset %u, hlen %"" PRIu16 "", fragmentable_len %"" PRIu16, ip_hdr_offset, hlen,
            fragmentable_len);

    rp->ip4h = (IPV4Hdr *)(GET_PKT_DATA(rp) + ip_hdr_offset);
    uint16_t old = rp->ip4h->ip_len + rp->ip4h->ip_off;
    DEBUG_VALIDATE_BUG_ON(hlen > UINT16_MAX - fragmentable_len);
    rp->ip4h->ip_len = htons(fragmentable_len + hlen);
    rp->ip4h->ip_off = 0;
    rp->ip4h->ip_csum = FixChecksum(rp->ip4h->ip_csum,
        old, rp->ip4h->ip_len + rp->ip4h->ip_off);
    SET_PKT_LEN(rp, ip_hdr_offset + hlen + fragmentable_len);

    tracker->remove = 1;
    DefragTrackerFreeFrags(tracker);
done:
    return rp;

error_remove_tracker:
    tracker->remove = 1;
    DefragTrackerFreeFrags(tracker);
    if (rp != NULL)
        PacketFreeOrRelease(rp);
    return NULL;
}
",CWE-125,CVE-2024-32867
"static int32_t
qla_edif_app_getstats(scsi_qla_host_t *vha, struct bsg_job *bsg_job)
{
	int32_t			rval = 0;
	struct fc_bsg_reply	*bsg_reply = bsg_job->reply;
	uint32_t size;

	struct app_sinfo_req	app_req;
	struct app_stats_reply	*app_reply;
	uint32_t pcnt = 0;

	sg_copy_to_buffer(bsg_job->request_payload.sg_list,
	    bsg_job->request_payload.sg_cnt, &app_req,
	    sizeof(struct app_sinfo_req));
	if (app_req.num_ports == 0) {
		ql_dbg(ql_dbg_async, vha, 0x911d,
		   ""%s app did not indicate number of ports to return\n"",
		    __func__);
		SET_DID_STATUS(bsg_reply->result, DID_ERROR);
		rval = -1;
	}

	size = sizeof(struct app_stats_reply) +
	    (sizeof(struct app_sinfo) * app_req.num_ports);

	app_reply = kzalloc(size, GFP_KERNEL);
	if (!app_reply) {
		SET_DID_STATUS(bsg_reply->result, DID_ERROR);
		rval = -1;
	} else {
		struct fc_port	*fcport = NULL, *tf;

		app_reply->version = EDIF_VERSION1;

		list_for_each_entry_safe(fcport, tf, &vha->vp_fcports, list) {
			if (fcport->edif.enable) {
				if (pcnt > app_req.num_ports)
					break;

				app_reply->elem[pcnt].rekey_count =
				    fcport->edif.rekey_cnt;
				app_reply->elem[pcnt].tx_bytes =
				    fcport->edif.tx_bytes;
				app_reply->elem[pcnt].rx_bytes =
				    fcport->edif.rx_bytes;

				memcpy(app_reply->elem[pcnt].remote_wwpn,
				    fcport->port_name, 8);

				pcnt++;
			}
		}
		app_reply->elem_count = pcnt;
		SET_DID_STATUS(bsg_reply->result, DID_OK);
	}

	bsg_job->reply_len = sizeof(struct fc_bsg_reply);
	bsg_reply->reply_payload_rcv_len =
	    sg_copy_from_buffer(bsg_job->reply_payload.sg_list,
	       bsg_job->reply_payload.sg_cnt, app_reply,
	       sizeof(struct app_stats_reply) + (sizeof(struct app_sinfo) * pcnt));

	kfree(app_reply);

	return rval;
}
","static int32_t
qla_edif_app_getstats(scsi_qla_host_t *vha, struct bsg_job *bsg_job)
{
	int32_t			rval = 0;
	struct fc_bsg_reply	*bsg_reply = bsg_job->reply;
	uint32_t size;

	struct app_sinfo_req	app_req;
	struct app_stats_reply	*app_reply;
	uint32_t pcnt = 0;

	sg_copy_to_buffer(bsg_job->request_payload.sg_list,
	    bsg_job->request_payload.sg_cnt, &app_req,
	    sizeof(struct app_sinfo_req));
	if (app_req.num_ports == 0) {
		ql_dbg(ql_dbg_async, vha, 0x911d,
		   ""%s app did not indicate number of ports to return\n"",
		    __func__);
		SET_DID_STATUS(bsg_reply->result, DID_ERROR);
		rval = -1;
	}

	size = sizeof(struct app_stats_reply) +
	    (sizeof(struct app_sinfo) * app_req.num_ports);

	app_reply = kzalloc(size, GFP_KERNEL);
	if (!app_reply) {
		SET_DID_STATUS(bsg_reply->result, DID_ERROR);
		rval = -1;
	} else {
		struct fc_port	*fcport = NULL, *tf;

		app_reply->version = EDIF_VERSION1;

		list_for_each_entry_safe(fcport, tf, &vha->vp_fcports, list) {
			if (fcport->edif.enable) {
				if (pcnt >= app_req.num_ports)
					break;

				app_reply->elem[pcnt].rekey_count =
				    fcport->edif.rekey_cnt;
				app_reply->elem[pcnt].tx_bytes =
				    fcport->edif.tx_bytes;
				app_reply->elem[pcnt].rx_bytes =
				    fcport->edif.rx_bytes;

				memcpy(app_reply->elem[pcnt].remote_wwpn,
				    fcport->port_name, 8);

				pcnt++;
			}
		}
		app_reply->elem_count = pcnt;
		SET_DID_STATUS(bsg_reply->result, DID_OK);
	}

	bsg_job->reply_len = sizeof(struct fc_bsg_reply);
	bsg_reply->reply_payload_rcv_len =
	    sg_copy_from_buffer(bsg_job->reply_payload.sg_list,
	       bsg_job->reply_payload.sg_cnt, app_reply,
	       sizeof(struct app_stats_reply) + (sizeof(struct app_sinfo) * pcnt));

	kfree(app_reply);

	return rval;
}
",CWE-125,CVE-2024-36025
